dataset,score,candidate,method,kappa,particles,probability_bound,reject_at_count,critical_minus_paired,true_rejection,true_lower,true_upper,removed_rejection,removed_lower,removed_upper
10028,power_range09_11,true,cvar_dkw,1.0,1000,0.49711250740354124,524,5,0.0024964748708916178,0.0014456189296638178,0.0041955665200328245,0.0001377353928343621,6.974255685466821e-05,0.00026452225042122054
10028,power_range09_11,true,cvar_dkw,1.0,10000,0.49711250740354124,5055,52,6.93927443244797e-08,3.137325683587604e-09,1.1537860210509629e-06,1.5101693449038368e-15,1.686013096367422e-17,1.0117794995700706e-13
10028,power_range09_11,true,cvar_dkw,1.0,100000,0.49711250740354124,49974,517,3.6201355840381205e-39,1.4248379685589174e-49,4.9373023719003496e-30,2.7209169198076917e-101,7.225604793249842e-118,5.420093367901478e-86
10028,power_range09_11,true,cvar_split,1.0,1000,0.4928855414050706,520,1,0.005317803797560167,0.003205047308793506,0.008589077369386909,0.00035681945761111065,0.00018825732368897948,0.0006577994394408776
10028,power_range09_11,true,cvar_split,1.0,10000,0.4928855414050706,5013,10,4.782906207822291e-06,3.362301595547892e-07,5.12973792922698e-05,8.958786740963412e-13,1.567893101833105e-14,3.833030185617261e-11
10028,power_range09_11,true,cvar_split,1.0,100000,0.4928855414050706,49551,94,1.8023932338979203e-25,6.795998680707781e-34,2.5916099629066442e-18,5.442536390099552e-78,1.419315717218237e-92,1.1070898158227076e-64
10028,power_range09_11,true,mean_only,1.0,1000,0.4918370984326704,519,0,0.0063657434925789074,0.0038749583565630126,0.010180810300595786,0.0004484379518644955,0.00023902938516422485,0.0008183203603280412
10028,power_range09_11,true,mean_only,1.0,10000,0.4918370984326704,5002,-1,1.2954390686817028e-05,1.0215377038590356e-06,0.00012398313756169238,4.2540275248892176e-12,8.373223370393408e-14,1.6188749995125192e-10
10028,power_range09_11,true,mean_only,1.0,100000,0.4918370984326704,49446,-11,1.5069275616935012e-22,1.759511528790593e-30,7.02287488613603e-16,1.0951278419696414e-72,8.91338584001995e-87,7.143409165744014e-60
10028,power_range09_11,true,unpaired_variance,1.0,1000,0.4919439697894082,519,0,0.0063657434925789074,0.0038749583565630126,0.010180810300595786,0.0004484379518644955,0.00023902938516422485,0.0008183203603280412
10028,power_range09_11,true,unpaired_variance,1.0,10000,0.4919439697894082,5003,0,1.1855243469153478e-05,9.251635954919942e-07,0.00011464203359292917,3.699542010772476e-12,7.20449871771475e-14,1.42293118703342e-10
10028,power_range09_11,true,unpaired_variance,1.0,100000,0.4919439697894082,49457,0,7.600618816073686e-23,7.883951311673904e-31,3.98560998487138e-16,3.1102729337959955e-73,2.246967863351275e-87,2.2854920160014713e-60
10028,power_range09_11,true,cvar_dkw,1.01,1000,0.49852894425076766,526,5,0.001673012720849161,0.0009494596514451581,0.0028685060064807476,8.365105745960484e-05,4.149160765003777e-05,0.00016398938716644256
10028,power_range09_11,true,cvar_dkw,1.01,10000,0.49852894425076766,5069,43,1.4541129431437003e-08,5.670224158158555e-10,2.8010554562308974e-07,1.5401561483455327e-16,1.47978740357667e-18,1.198661039767313e-14
10028,power_range09_11,true,cvar_dkw,1.01,100000,0.49852894425076766,50116,434,1.8541353582912588e-44,1.5742280340552304e-55,1.1696439001030053e-34,8.266699715315836e-110,4.704442166084067e-127,7.678315514096398e-94
10028,power_range09_11,true,cvar_split,1.01,1000,0.49444021869508004,522,1,0.003670511402058929,0.0021685156923088866,0.006047018982213292,0.0002233728808981156,0.0001154573363566855,0.00042028766850882185
10028,power_range09_11,true,cvar_split,1.01,10000,0.49444021869508004,5028,2,1.1404503021847036e-06,6.851059462795547e-08,1.429623861379267e-05,9.917738913686398e-14,1.478509379999429e-15,4.97944133808662e-12
10028,power_range09_11,true,cvar_split,1.01,100000,0.49444021869508004,49707,25,3.661192864508521e-30,2.5699251616810242e-39,2.8153474694036737e-22,3.1870010355735605e-86,1.5314904557129856e-101,3.5141782897122334e-72
10028,power_range09_11,true,mean_only,1.01,1000,0.4967554694169971,524,3,0.0024964748708916178,0.0014456189296638178,0.0041955665200328245,0.0001377353928343621,6.974255685466821e-05,0.00026452225042122054
10028,power_range09_11,true,mean_only,1.01,10000,0.4967554694169971,5051,25,1.0694537379328393e-07,5.043532268725061e-09,1.705094059761327e-06,2.8584869353923717e-15,3.331117154939835e-17,1.8349197251871069e-13
10028,power_range09_11,true,mean_only,1.01,100000,0.4967554694169971,49938,256,6.992732546463894e-38,4.0597299197335363e-48,6.469588715945467e-29,3.4555023547670156e-99,1.3559847408286007e-115,4.659172287334753e-84
10028,power_range09_11,true,unpaired_variance,1.01,1000,0.4968634094873023,524,3,0.0024964748708916178,0.0014456189296638178,0.0041955665200328245,0.0001377353928343621,6.974255685466821e-05,0.00026452225042122054
10028,power_range09_11,true,unpaired_variance,1.01,10000,0.4968634094873023,5052,26,9.604011834267715e-08,4.481721845409484e-09,1.547368211546461e-06,2.4384580975466948e-15,2.811349508376566e-17,1.582123774144078e-13
10028,power_range09_11,true,unpaired_variance,1.01,100000,0.4968634094873023,49949,267,2.8451230473632447e-38,1.4668089336271754e-48,2.9636252961369524e-29,7.908024967659642e-100,2.754196011931903e-116,1.2013082656126565e-84
10028,power_range09_11,true,cvar_dkw,1.1,1000,0.5080841115029822,535,9,0.00022955503243210295,0.00011886947500141615,0.00043115110416958486,7.341730451356842e-06,3.3165543202942406e-06,1.5798190431911746e-05
10028,power_range09_11,true,cvar_dkw,1.1,10000,0.5080841115029822,5165,91,4.099047893732445e-14,5.75573606022199e-16,2.185243649493256e-12,3.0388360878554418e-24,1.0400133454686606e-26,6.629521243403897e-22
10028,power_range09_11,true,cvar_dkw,1.1,100000,0.5080841115029822,51071,902,4.206851965751252e-89,1.1642198391741288e-104,8.071452525509835e-75,3.5518368464944954e-176,6.374228252656089e-198,1.0418185113894457e-155
10028,power_range09_11,true,cvar_split,1.1,1000,0.5040524787076512,531,5,0.0005762280740114886,0.0003108436734053065,0.0010390991682700012,2.249422944812728e-05,1.059384584211515e-05,4.6434601300983055e-05
10028,power_range09_11,true,cvar_split,1.1,10000,0.5040524787076512,5124,50,1.495821869606326e-11,3.2530144880161135e-13,5.154847537059869e-10,9.27074624723862e-21,4.933253454478538e-23,1.3015002335726282e-18
10028,power_range09_11,true,cvar_split,1.1,100000,0.5040524787076512,50668,499,2.450862200385549e-68,5.320302161204813e-82,6.011259598329757e-56,3.062963494611837e-146,4.3645687076977556e-166,1.1332662803259179e-127
10028,power_range09_11,true,mean_only,1.1,1000,0.5410208082759375,568,42,1.1034573433334258e-08,4.048896069169529e-09,2.922141890299155e-08,6.621660750850326e-11,2.111408373884615e-11,2.0173195187148514e-10
10028,power_range09_11,true,mean_only,1.1,10000,0.5410208082759375,5494,420,3.7062968845365485e-45,1.5096951428155664e-48,6.785767959636673e-42,9.805238252986199e-63,9.579416769067221e-67,7.475848675426937e-59
10028,power_range09_11,true,mean_only,1.1,100000,0.5410208082759375,54364,4195,0.0,0.0,0.0,0.0,0.0,0.0
10028,power_range09_11,true,unpaired_variance,1.1,1000,0.5123869836714103,540,14,6.670867990705448e-05,3.281047078739214e-05,0.00013188293216280804,1.6606693488242753e-06,7.11965847214088e-07,3.7648189038903587e-06
10028,power_range09_11,true,unpaired_variance,1.1,10000,0.5123869836714103,5208,134,4.1355244591455175e-17,3.665022519212741e-19,3.489946037099949e-15,3.289789061247334e-28,7.0824900880820735e-31,1.140375836331106e-25
10028,power_range09_11,true,unpaired_variance,1.1,100000,0.5123869836714103,51501,1332,2.303500286799994e-114,6.051138510855889e-132,4.645982997744377e-98,3.1647012909358856e-211,5.330544318056129e-235,9.875775886249914e-189
10028,power_range09_11,true,cvar_dkw,2.0,1000,0.5506414945050556,578,36,2.329696760402995e-10,7.689202112596683e-11,6.857724773209064e-10,8.365970384363453e-13,2.3978364860223445e-13,2.835144425312042e-12
10028,power_range09_11,true,cvar_dkw,2.0,10000,0.5506414945050556,5590,362,9.209312464639692e-58,1.3292187895502712e-61,4.756370690370966e-54,1.607159358879374e-77,5.548599815535429e-82,3.466153939376374e-73
10028,power_range09_11,true,cvar_dkw,2.0,100000,0.5506414945050556,55325,3616,0.0,0.0,0.0,0.0,0.0,0.0
10028,power_range09_11,true,cvar_split,2.0,1000,0.5431617128239855,570,28,5.266264594919976e-09,1.89191231104751e-09,1.424350989958452e-08,2.8522505766524787e-11,8.903172973320471e-12,8.876312433663475e-11
10028,power_range09_11,true,cvar_split,2.0,10000,0.5431617128239855,5515,287,8.900748923544241e-48,2.889697534601695e-51,2.044383468033148e-44,7.853893559611913e-66,6.11181129915621e-70,7.516985689671245e-62
10028,power_range09_11,true,cvar_split,2.0,100000,0.5431617128239855,54578,2869,0.0,0.0,0.0,0.0,0.0,0.0
10028,power_range09_11,true,mean_only,2.0,1000,0.9836741968653409,991,449,1.6011961793399114e-298,6.1120211286007655e-301,4.0780199194563365e-296,0.0,0.0,0.0
10028,power_range09_11,true,mean_only,2.0,10000,0.9836741968653409,9858,4630,0.0,0.0,0.0,0.0,0.0,0.0
10028,power_range09_11,true,mean_only,2.0,100000,0.9836741968653409,98434,46725,0.0,0.0,0.0,0.0,0.0,0.0
10028,power_range09_11,true,unpaired_variance,2.0,1000,0.5565904558949757,584,42,1.8992558589951944e-11,5.881320540256936e-12,5.958305171019228e-11,5.007443758054967e-14,1.346084257498334e-14,1.8092385772717075e-13
10028,power_range09_11,true,unpaired_variance,2.0,10000,0.5565904558949757,5649,421,2.6040440108510623e-66,1.9856182342919883e-70,2.5452088324612947e-62,2.0722496834443044e-87,3.773937566648845e-92,8.470523798292359e-83
10028,power_range09_11,true,unpaired_variance,2.0,100000,0.5565904558949757,55920,4211,0.0,0.0,0.0,0.0,0.0,0.0
10028,power_range09_11,true,cvar_dkw,5.0,1000,0.6015393384674724,628,64,2.194710554074828e-21,4.244926197204675e-22,1.1019648814824566e-20,5.924160724013009e-25,9.928198392480937e-26,3.432311306846335e-24
10028,power_range09_11,true,cvar_dkw,5.0,10000,0.6015393384674724,6097,644,2.1175046709000685e-151,1.2619733135001365e-157,2.6451071796548306e-145,1.0770888889035384e-182,1.518869560287435e-189,5.678685645770899e-176
10028,power_range09_11,true,cvar_dkw,5.0,100000,0.6015393384674724,60411,6450,0.0,0.0,0.0,0.0,0.0,0.0
10028,power_range09_11,true,cvar_split,5.0,1000,0.5823191454535075,609,45,1.1452433451167089e-16,2.7156938437903866e-17,4.690812330641875e-16,8.289764612663439e-20,1.7044097205307107e-20,3.9152673482006505e-19
10028,power_range09_11,true,cvar_split,5.0,10000,0.5823191454535075,5906,453,9.924947030699163e-111,4.684837918736018e-116,1.5659435566967187e-105,1.1252593318972664e-137,1.261445673097812e-143,7.46650207851559e-132
10028,power_range09_11,true,cvar_split,5.0,100000,0.5823191454535075,58491,4530,0.0,0.0,0.0,0.0,0.0,0.0
10028,power_range09_11,true,mean_only,5.0,1000,1.0,1001,437,0.0,0.0,0.0,0.0,0.0,0.0
10028,power_range09_11,true,mean_only,5.0,10000,1.0,10001,4548,0.0,0.0,0.0,0.0,0.0,0.0
10028,power_range09_11,true,mean_only,5.0,100000,1.0,100001,46040,0.0,0.0,0.0,0.0,0.0,0.0
10028,power_range09_11,true,unpaired_variance,5.0,1000,0.6212369420005432,648,84,4.546414126497981e-27,7.092042338557703e-28,2.83015534090406e-26,4.33416743877694e-31,5.854585462134988e-32,3.1151428603066104e-30
10028,power_range09_11,true,unpaired_variance,5.0,10000,0.6212369420005432,6294,841,2.5642570961449924e-200,1.8064346412715784e-207,2.7089189000100297e-193,4.256067044255064e-236,7.068915107967412e-244,1.9042529444133502e-228
10028,power_range09_11,true,unpaired_variance,5.0,100000,0.6212369420005432,62378,8417,0.0,0.0,0.0,0.0,0.0,0.0
10028,power_range09_11,removed,cvar_dkw,1.0,1000,0.48430079542379273,511,5,0.02356164085860435,0.015511972991183655,0.03486823177759701,0.002439128764774134,0.0014101264328685637,0.004105680920518999
10028,power_range09_11,removed,cvar_dkw,1.0,10000,0.48430079542379273,4927,53,0.0034005790862117746,0.0005795891447145755,0.015228077725256289,4.9375982913660154e-08,2.1570771807314944e-09,8.492996922050197e-07
10028,power_range09_11,removed,cvar_dkw,1.0,100000,0.48430079542379273,48693,531,3.9889605462341687e-07,1.4595310685094145e-11,0.000638333600607358,3.0298103746215884e-40,8.575162938051167e-51,5.734341628097962e-31
10028,power_range09_11,removed,cvar_split,1.0,1000,0.47998502471306487,507,1,0.04161862849663388,0.028469903197173112,0.059304699764883013,0.00520451914611659,0.0031319366589447253,0.008418780187445378
10028,power_range09_11,removed,cvar_split,1.0,10000,0.47998502471306487,4884,10,0.03243767037840663,0.008461441708560466,0.09614384564976479,3.940026974858944e-06,2.7071692815795757e-07,4.3219965703871484e-05
10028,power_range09_11,removed,cvar_split,1.0,100000,0.47998502471306487,48261,99,0.013829647298191555,4.490509151790811e-05,0.3129435384213516,4.6509522343219093e-26,1.4001948641817628e-34,8.359741105776314e-19
10028,power_range09_11,removed,mean_only,1.0,1000,0.478891879520764,506,0,0.04756290355346888,0.03284565160080357,0.06714562068579935,0.006232874912418892,0.003788305842970608,0.00998315181528284
10028,power_range09_11,removed,mean_only,1.0,10000,0.478891879520764,4873,-1,0.051973142354668364,0.01506926855932956,0.13923702555340312,1.0772801549757214e-05,8.30503164593946e-07,0.00010542593974756499
10028,power_range09_11,removed,mean_only,1.0,100000,0.478891879520764,48152,-10,0.06523965401602602,0.0006262000926695435,0.580158892810162,5.471917748147242e-23,5.336076166262723e-31,3.0479036038949e-16
10028,power_range09_11,removed,unpaired_variance,1.0,1000,0.47899874908641843,506,0,0.04756290355346888,0.03284565160080357,0.06714562068579935,0.006232874912418892,0.003788305842970608,0.00998315181528284
10028,power_range09_11,removed,unpaired_variance,1.0,10000,0.47899874908641843,4874,0,0.04987926987976806,0.014324763879418908,0.13484820338754233,9.850312818849812e-06,7.514909364677338e-07,9.740172941029043e-05
10028,power_range09_11,removed,unpaired_variance,1.0,100000,0.47899874908641843,48162,0,0.05756973890858891,0.0005009963134722799,0.5552796145864891,2.917178012287371e-23,2.5540967095634193e-31,1.8091254349595398e-16
10028,power_range09_11,removed,cvar_dkw,1.01,1000,0.48571406079178564,513,5,0.017356697544925144,0.011207430537880718,0.026183026053941374,0.0016332508166976554,0.0009253591741082676,0.0028048686597264647
10028,power_range09_11,removed,cvar_dkw,1.01,10000,0.48571406079178564,4941,45,0.0014109380693151368,0.00020870039130178435,0.007259286643453031,1.0165210114145526e-08,3.829072436232688e-10,2.02631551496118e-07
10028,power_range09_11,removed,cvar_dkw,1.01,100000,0.48571406079178564,48834,445,2.8032955521286846e-09,2.299322737495967e-14,1.9501824005086676e-05,1.4230358244153087e-45,8.761152056056828e-57,1.2353545313753192e-35
10028,power_range09_11,removed,cvar_split,1.01,1000,0.4815341534647105,509,1,0.031535061624169365,0.021164609151378095,0.04578944442513265,0.00358921514937066,0.002117136500380197,0.005922226979127939
10028,power_range09_11,removed,cvar_split,1.01,10000,0.4815341534647105,4899,3,0.015926976500495404,0.00358848462401387,0.05436284799967216,9.273684169930377e-07,5.4433684806466675e-08,1.189383643486712e-05
10028,power_range09_11,removed,cvar_split,1.01,100000,0.4815341534647105,48416,27,0.0007287097042716487,4.850584502752894e-07,0.07099700967397118,8.877182903979268e-31,5.0155118258305905e-40,8.46513264720846e-23
10028,power_range09_11,removed,mean_only,1.01,1000,0.48368079831597166,511,3,0.02356164085860435,0.015511972991183655,0.03486823177759701,0.002439128764774134,0.0014101264328685637,0.004105680920518999
10028,power_range09_11,removed,mean_only,1.01,10000,0.48368079831597166,4921,25,0.004849348952633397,0.0008779188763802353,0.020472999154266563,9.496509849360714e-08,4.420348202236427e-09,1.53362644571669e-06
10028,power_range09_11,removed,mean_only,1.01,100000,0.48368079831597166,48631,242,2.765284334316512e-06,1.9466147195301663e-10,0.002335600093859074,5.194114451869389e-38,2.874211977086154e-48,5.0336499878091004e-29
10028,power_range09_11,removed,unpaired_variance,1.01,1000,0.4837887365772826,511,3,0.02356164085860435,0.015511972991183655,0.03486823177759701,0.002439128764774134,0.0014101264328685637,0.004105680920518999
10028,power_range09_11,removed,unpaired_variance,1.01,10000,0.4837887365772826,4922,26,0.004575020993489961,0.0008199826780057537,0.01950498932533611,8.524009742462856e-08,3.925979152928893e-09,1.3911112519633979e-06
10028,power_range09_11,removed,unpaired_variance,1.01,100000,0.4837887365772826,48641,252,2.0439481587622594e-06,1.2949138679113815e-10,0.001913080514620036,2.2891140088422778e-38,1.1368827461038784e-48,2.4712538298995888e-29
10028,power_range09_11,removed,cvar_dkw,1.1,1000,0.49529041884649905,522,9,0.003670511402058929,0.0021685156923088866,0.006047018982213292,0.0002233728808981156,0.0001154573363566855,0.00042028766850882185
10028,power_range09_11,removed,cvar_dkw,1.1,10000,0.49529041884649905,5037,92,4.628372111064578e-07,2.529523395838048e-08,6.373326900789508e-06,2.5378530155942586e-14,3.435940090011623e-16,1.402705680758058e-12
10028,power_range09_11,removed,cvar_dkw,1.1,100000,0.49529041884649905,49792,913,6.766770320278099e-33,1.899063297513949e-42,1.2988682685450074e-24,6.922992288684528e-91,1.3234941050884765e-106,1.9177668543577047e-76
10028,power_range09_11,removed,cvar_split,1.1,1000,0.4911351730834791,518,5,0.007592446959670222,0.004667703733587025,0.012023960612615577,0.0005614660107269276,0.00030235044257528757,0.001014211765283814
10028,power_range09_11,removed,cvar_split,1.1,10000,0.4911351730834791,4995,50,2.384030926405326e-05,2.022167210187155e-06,0.00021227221845595583,1.1183985023027498e-11,2.3720993033101735e-13,3.95060963770585e-10
10028,power_range09_11,removed,cvar_split,1.1,100000,0.4911351730834791,49376,497,1.0492802792198674e-20,2.6012178579544705e-28,2.3097858340753452e-14,2.945417215017539e-69,5.119243370965834e-83,9.002496287636378e-57
10028,power_range09_11,removed,mean_only,1.1,1000,0.5267810674728405,554,41,1.2574405745086041e-06,5.346242070355731e-07,2.8745939238387223e-06,1.542139896645513e-08,5.705010978016844e-09,4.050389576637271e-08
10028,power_range09_11,removed,mean_only,1.1,10000,0.5267810674728405,5351,406,2.3118519575923577e-29,4.405035414731199e-32,9.057359463644702e-27,1.0722159991953115e-43,4.925016811478845e-47,1.7400587680259566e-40
10028,power_range09_11,removed,mean_only,1.1,100000,0.5267810674728405,52940,4061,2.9460031556250956e-222,1.3032243410367402e-246,3.512565487323436e-199,0.0,0.0,1.3e-322
10028,power_range09_11,removed,unpaired_variance,1.1,1000,0.4994626976785628,527,14,0.0013619596518030536,0.0007651608960515387,0.002358755528269174,6.481965676668465e-05,3.182035839210711e-05,0.00012838801130707296
10028,power_range09_11,removed,unpaired_variance,1.1,10000,0.4994626976785628,5078,133,5.114430731023661e-09,1.8131156313681303e-10,1.0831837446554267e-07,3.4077229367850594e-17,2.9727334175971184e-19,2.9205269763671566e-15
10028,power_range09_11,removed,unpaired_variance,1.1,100000,0.4994626976785628,50209,1330,4.1144800095991817e-48,1.278753708837012e-59,7.081627307091118e-38,1.411234049139304e-115,2.9280982916313258e-133,3.593459043875705e-99
10028,power_range09_11,removed,cvar_dkw,2.0,1000,0.5378412778302509,565,36,3.248793051390524e-08,1.2304366959356593e-08,8.335550723411111e-08,2.27324886787966e-10,7.483621615076152e-11,6.708303269759595e-10
10028,power_range09_11,removed,cvar_dkw,2.0,10000,0.5378412778302509,5462,362,2.5856635264230053e-41,1.4879879923521086e-44,3.351421623842682e-38,3.643546813515558e-58,5.0340740215316264e-62,1.964608318914716e-54
10028,power_range09_11,removed,cvar_dkw,2.0,100000,0.5378412778302509,54046,3617,0.0,0.0,2.1087901126737947e-301,0.0,0.0,0.0
10028,power_range09_11,removed,cvar_split,2.0,1000,0.5306019744565504,558,29,3.5154886580450925e-07,1.4332654432693485e-07,8.380206374191582e-07,3.517061469085464e-09,1.2471473891915754e-09,9.636476427679277e-09
10028,power_range09_11,removed,cvar_split,2.0,10000,0.5306019744565504,5390,290,2.5628183134534012e-33,3.2073459265893844e-36,1.528205031482882e-30,1.552594043578293e-48,4.676773492947855e-52,3.841287785302082e-45
10028,power_range09_11,removed,cvar_split,2.0,100000,0.5306019744565504,53322,2893,5.970537579239339e-257,4.196527444172825e-283,4.4765290142350864e-232,0.0,0.0,0.0
10028,power_range09_11,removed,mean_only,2.0,1000,0.957783759041528,969,440,2.9402241972610445e-260,1.4242151778729953e-262,5.899232531306202e-258,0.0,0.0,0.0
10028,power_range09_11,removed,mean_only,2.0,10000,0.957783759041528,9612,4512,0.0,0.0,0.0,0.0,0.0,0.0
10028,power_range09_11,removed,mean_only,2.0,100000,0.957783759041528,95884,45455,0.0,0.0,0.0,0.0,0.0,0.0
10028,power_range09_11,removed,unpaired_variance,2.0,1000,0.5437114365581905,571,42,3.6164964105811713e-09,1.2855577338631137e-09,9.885311278359842e-09,1.8607817301892694e-11,5.7467996114991105e-12,5.852770595420111e-11
10028,power_range09_11,removed,unpaired_variance,2.0,10000,0.5437114365581905,5521,421,1.537593629033142e-48,4.6785719110492794e-52,3.768068684322359e-45,9.913704784418512e-67,7.229206510426144e-71,1.0125440550505726e-62
10028,power_range09_11,removed,unpaired_variance,2.0,100000,0.5437114365581905,54633,4204,0.0,0.0,0.0,0.0,0.0,0.0
10028,power_range09_11,removed,cvar_dkw,5.0,1000,0.5894545983013959,616,65,2.495628857689915e-18,5.490262745856146e-19,1.1017423063227527e-17,1.2564171162582492e-21,2.395956536207928e-22,6.397657380584486e-21
10028,power_range09_11,removed,cvar_dkw,5.0,10000,0.5894545983013959,5977,650,4.4404275540113795e-125,9.713135100500313e-131,1.5116023225830223e-119,1.2186444735923945e-153,6.321928193586725e-160,1.7470382211654285e-147
10028,power_range09_11,removed,cvar_dkw,5.0,100000,0.5894545983013959,59204,6510,0.0,0.0,0.0,0.0,0.0,0.0
10028,power_range09_11,removed,cvar_split,5.0,1000,0.5697577592290388,597,46,5.04455090462838e-14,1.3599828734278737e-14,1.817547393267158e-13,6.797211794603015e-17,1.5897011486921836e-17,2.8224992699399165e-16
10028,power_range09_11,removed,cvar_split,5.0,10000,0.5697577592290388,5780,453,1.7372935138699117e-87,3.209355908594614e-92,7.006119941525292e-83,1.4503199546171887e-111,6.379741901040119e-117,2.4533634282630235e-106
10028,power_range09_11,removed,cvar_split,5.0,100000,0.5697577592290388,57236,4542,0.0,0.0,0.0,0.0,0.0,0.0
10028,power_range09_11,removed,mean_only,5.0,1000,1.0,1001,450,0.0,0.0,0.0,0.0,0.0,0.0
10028,power_range09_11,removed,mean_only,5.0,10000,1.0,10001,4674,0.0,0.0,0.0,0.0,0.0,0.0
10028,power_range09_11,removed,mean_only,5.0,100000,1.0,100001,47307,0.0,0.0,0.0,0.0,0.0,0.0
10028,power_range09_11,removed,unpaired_variance,5.0,1000,0.6084241240299628,635,84,2.733632620776951e-23,4.9042245442216575e-24,1.4797155148234413e-22,5.1273325286493454e-27,7.968483511043041e-28,3.2032851955468146e-26
10028,power_range09_11,removed,unpaired_variance,5.0,10000,0.6084241240299628,6166,839,1.010185740276359e-167,2.850038667116853e-174,2.6652736649622487e-161,1.3791681962077642e-200,9.195069825338125e-208,1.5376992062825211e-193
10028,power_range09_11,removed,unpaired_variance,5.0,100000,0.6084241240299628,61099,8405,0.0,0.0,0.0,0.0,0.0,0.0
10028,power_bispectrum_range09_11,true,cvar_dkw,1.0,1000,0.49490475136106077,522,5,0.0015481440849923662,0.0008750986030324549,0.0026649240016439874,2.3802089032226063e-05,1.1227610477633622e-05,4.9055273261789116e-05
10028,power_bispectrum_range09_11,true,cvar_dkw,1.0,10000,0.49490475136106077,5033,52,5.899700535205761e-09,2.117377805641467e-10,1.234211046742442e-07,1.6598863218157767e-20,9.107740557256709e-23,2.2595044707668786e-18
10028,power_bispectrum_range09_11,true,cvar_dkw,1.0,100000,0.49490475136106077,49753,517,2.1969104174698455e-47,8.283737677110076e-59,3.1155815462037682e-37,1.1209958592196207e-143,2.3194236347557045e-163,2.8508808064997385e-125
10028,power_bispectrum_range09_11,true,cvar_split,1.0,1000,0.4906934789428563,518,1,0.0034153752635862652,0.0020098609108885,0.005648662806065471,6.836298795032743e-05,3.3614837275145266e-05,0.00013518181066355384
10028,power_bispectrum_range09_11,true,cvar_split,1.0,10000,0.4906934789428563,4991,10,5.797326390901157e-07,3.2418066641847277e-08,7.802930164604492e-06,2.939926653805765e-17,2.534762077639558e-19,2.5487376408079128e-15
10028,power_bispectrum_range09_11,true,cvar_split,1.0,100000,0.4906934789428563,49332,96,3.6227988875155514e-32,1.2898780797327157e-41,5.481420727302381e-24,1.1471064171046022e-115,2.302435563744729e-133,3.013751149767615e-99
10028,power_bispectrum_range09_11,true,mean_only,1.0,1000,0.4896253924927863,517,0,0.004124177640642993,0.002451375352482409,0.00675354052550945,8.815297657472582e-05,4.379684430086944e-05,0.00017252647349444766
10028,power_bispectrum_range09_11,true,mean_only,1.0,10000,0.4896253924927863,4980,-1,1.7220044230980445e-06,1.0808797801264043e-07,2.0664873550822485e-05,1.8581188857842678e-16,1.8030533407469526e-18,1.431611623275725e-14
10028,power_bispectrum_range09_11,true,mean_only,1.0,100000,0.4896253924927863,49225,-11,8.688098438387093e-29,9.811166969947269e-38,4.155663452859978e-21,4.882444528970475e-109,3.133764731055329e-126,4.013855017251579e-93
10028,power_bispectrum_range09_11,true,unpaired_variance,1.0,1000,0.4897324730914151,517,0,0.004124177640642993,0.002451375352482409,0.00675354052550945,8.815297657472582e-05,4.379684430086944e-05,0.00017252647349444766
10028,power_bispectrum_range09_11,true,unpaired_variance,1.0,10000,0.4897324730914151,4981,0,1.5627489235365863e-06,9.706782820313531e-08,1.8950084141889575e-05,1.5744756916058859e-16,1.5114911107285414e-18,1.2261511240982915e-14
10028,power_bispectrum_range09_11,true,unpaired_variance,1.0,100000,0.4897324730914151,49236,0,3.9862643678022506e-29,3.9980082117158055e-38,2.146209950676621e-21,1.0382550027496597e-109,5.9133771316910216e-127,9.618291874062565e-94
10028,power_bispectrum_range09_11,true,cvar_dkw,1.01,1000,0.4963231909243516,523,4,0.0012585666131978797,0.0007042512238946797,0.0021883538628502688,1.8109918047210815e-05,8.454085446079065e-06,3.7713284860927086e-05
10028,power_bispectrum_range09_11,true,cvar_dkw,1.01,10000,0.4963231909243516,5047,44,1.0977315104785248e-09,3.3961264274795317e-11,2.6623165164682014e-08,1.1749282975531661e-21,5.544208346231779e-24,1.859334898013503e-19
10028,power_bispectrum_range09_11,true,cvar_dkw,1.01,100000,0.4963231909243516,49895,435,3.298234933368379e-53,2.677835339758697e-65,2.1684847677674994e-42,8.104541992613089e-154,3.582876552768296e-174,9.640329578211626e-135
10028,power_bispectrum_range09_11,true,cvar_split,1.01,1000,0.49225744929093646,519,0,0.002817997577974306,0.0016417713471067092,0.00470730951068592,5.28145081999524e-05,2.5701693781002025e-05,0.00010552007343271808
10028,power_bispectrum_range09_11,true,cvar_split,1.01,10000,0.49225744929093646,5006,3,1.2183401345827127e-07,5.817146244975822e-09,1.9186286712521643e-06,2.2028921632090694e-18,1.6163806222197e-20,2.243410160188085e-16
10028,power_bispectrum_range09_11,true,cvar_split,1.01,100000,0.49225744929093646,49488,28,1.894028158999863e-37,1.2516255983789723e-47,1.5390492244503956e-28,1.0941876794143784e-125,4.032274349571085e-144,1.5644275435789855e-108
10028,power_bispectrum_range09_11,true,mean_only,1.01,1000,0.4945216464177142,522,3,0.0015481440849923662,0.0008750986030324549,0.0026649240016439874,2.3802089032226063e-05,1.1227610477633622e-05,4.9055273261789116e-05
10028,power_bispectrum_range09_11,true,mean_only,1.01,10000,0.4945216464177142,5029,26,9.405966537252821e-09,3.521856040668754e-10,1.8864627459265587e-07,3.487249921672493e-20,1.9976708428925996e-22,4.547127013610693e-18
10028,power_bispectrum_range09_11,true,mean_only,1.01,100000,0.4945216464177142,49715,255,6.9355360734990624e-46,3.943762231992053e-57,6.525531546579541e-36,5.058668759565012e-141,1.581868362986551e-160,8.51396212010652e-123
10028,power_bispectrum_range09_11,true,unpaired_variance,1.01,1000,0.49462979782232924,522,3,0.0015481440849923662,0.0008750986030324549,0.0026649240016439874,2.3802089032226063e-05,1.1227610477633622e-05,4.9055273261789116e-05
10028,power_bispectrum_range09_11,true,unpaired_variance,1.01,10000,0.49462979782232924,5030,27,8.375557401245686e-09,3.1030084648548035e-10,1.6976020901142147e-07,2.8982748265199555e-20,1.642493205651321e-22,3.820000662043652e-18
10028,power_bispectrum_range09_11,true,unpaired_variance,1.01,100000,0.49462979782232924,49726,266,2.5683189606013805e-46,1.2966869791099512e-57,2.7212154921523293e-36,8.674086690725418e-142,2.4067939504919745e-161,1.64518733462042e-123
10028,power_bispectrum_range09_11,true,cvar_dkw,1.1,1000,0.5059068253549108,533,9,0.00012909181523431158,6.521892659957863e-05,0.0002484846323118021,9.530423046633848e-07,4.0068537627533556e-07,2.20303907980903e-06
10028,power_bispectrum_range09_11,true,cvar_dkw,1.1,10000,0.5059068253549108,5143,91,1.36227077033076e-15,1.5136445402697567e-17,9.172297080125106e-14,1.8839708756912214e-30,3.154304928909237e-33,8.393040286628256e-28
10028,power_bispectrum_range09_11,true,cvar_dkw,1.1,100000,0.5059068253549108,50853,907,1.2826612046830518e-101,3.2567090517825343e-118,2.676896047468912e-86,2.2472408034302897e-231,2.9776600809432576e-256,8.884524567318875e-208
10028,power_bispectrum_range09_11,true,cvar_split,1.1,1000,0.5018512170081468,529,5,0.00033584447815174543,0.0001767871324186351,0.00062055354989014,3.241328221030674e-06,1.4211697479302526e-06,7.185346697214519e-06
10028,power_bispectrum_range09_11,true,cvar_split,1.1,10000,0.5018512170081468,5102,50,7.063869580518927e-13,1.21674115601262e-14,3.0711646195656775e-11,1.6806940362676744e-26,4.381882492716711e-29,4.8103890412915114e-24
10028,power_bispectrum_range09_11,true,cvar_split,1.1,100000,0.5018512170081468,50448,502,3.2629241877429164e-79,6.662487388672016e-94,8.488270478933288e-66,1.2095147447789974e-196,1.3101314953484185e-219,5.858317738025324e-175
10028,power_bispectrum_range09_11,true,mean_only,1.1,1000,0.538587931742065,566,42,4.59930166611368e-09,1.645092667931273e-09,1.2493782954856007e-08,3.5996283442909132e-12,1.0663312453825206e-12,1.1802583715922224e-11
10028,power_bispectrum_range09_11,true,mean_only,1.1,10000,0.538587931742065,5469,417,1.7354574092284088e-47,5.75606931976953e-51,3.9011157919562147e-44,3.201765457987289e-72,1.5678572770306247e-76,4.866771103771324e-68
10028,power_bispectrum_range09_11,true,mean_only,1.1,100000,0.538587931742065,54121,4175,0.0,0.0,0.0,0.0,0.0,0.0
10028,power_bispectrum_range09_11,true,unpaired_variance,1.1,1000,0.5102579327377975,537,13,4.6691237949181555e-05,2.2634700233619847e-05,9.364916709598788e-05,2.6337598953240465e-07,1.0616476580210197e-07,6.349386889701493e-07
10028,power_bispectrum_range09_11,true,unpaired_variance,1.1,10000,0.5102579327377975,5186,134,9.49878824853434e-19,6.656021100237395e-21,1.0133104117288627e-16,6.611110426472608e-35,6.953155503130832e-38,4.68675005449596e-32
10028,power_bispectrum_range09_11,true,unpaired_variance,1.1,100000,0.5102579327377975,51288,1342,7.499346795502227e-129,1.7069244103835002e-147,1.742406104059043e-111,7.52007250489971e-272,8.790472313578503e-299,3.365023189950391e-246
10028,power_bispectrum_range09_11,true,cvar_dkw,2.0,1000,0.5485825116559345,576,37,8.863315299347458e-11,2.8511977801327565e-11,2.6767249609440215e-10,3.487633421789306e-14,9.283329622496463e-15,1.2725205758930001e-13
10028,power_bispectrum_range09_11,true,cvar_dkw,2.0,10000,0.5485825116559345,5569,364,5.6760485627431e-61,6.384204792212823e-65,3.7607474225948274e-57,9.596294698449523e-89,1.5871007160035924e-93,4.3170650712129345e-84
10028,power_bispectrum_range09_11,true,cvar_dkw,2.0,100000,0.5485825116559345,55120,3640,0.0,0.0,0.0,0.0,0.0,0.0
10028,power_bispectrum_range09_11,true,cvar_split,2.0,1000,0.5414018557567994,568,29,2.15531036376192e-09,7.547634580814324e-10,5.979924987528215e-09,1.4704016137541742e-12,4.2637187577482014e-13,4.925237860050191e-12
10028,power_bispectrum_range09_11,true,cvar_split,2.0,10000,0.5414018557567994,5497,292,4.3625222449611944e-51,1.069044179204954e-54,1.3271066637646207e-47,1.1358999240846938e-76,4.104754571051418e-81,2.339418363591589e-72
10028,power_bispectrum_range09_11,true,cvar_split,2.0,100000,0.5414018557567994,54402,2922,0.0,0.0,0.0,0.0,0.0,0.0
10028,power_bispectrum_range09_11,true,mean_only,2.0,1000,0.9792507849855726,987,448,1.642865563245376e-294,0.0,4.217758777067419e-292,0.0,0.0,0.0
10028,power_bispectrum_range09_11,true,mean_only,2.0,10000,0.9792507849855726,9817,4612,0.0,0.0,0.0,0.0,0.0,0.0
10028,power_bispectrum_range09_11,true,mean_only,2.0,100000,0.9792507849855726,98000,46520,0.0,0.0,0.0,0.0,0.0,0.0
10028,power_bispectrum_range09_11,true,unpaired_variance,2.0,1000,0.5546396755958576,582,43,6.841031063666942e-12,2.0645562459946607e-12,2.2020347979105016e-11,1.7799710223165352e-15,4.442757971790478e-16,6.925570282131766e-15
10028,power_bispectrum_range09_11,true,unpaired_variance,2.0,10000,0.5546396755958576,5630,425,4.649850110453361e-70,2.702781791666385e-74,5.960129422915224e-66,1.0998646324390203e-99,9.379128006842901e-105,9.594013784563743e-95
10028,power_bispectrum_range09_11,true,unpaired_variance,2.0,100000,0.5546396755958576,55725,4245,0.0,0.0,0.0,0.0,0.0,0.0
10028,power_bispectrum_range09_11,true,cvar_dkw,5.0,1000,0.5995938428620037,626,64,5.316855611589505e-22,1.0017789094371033e-22,2.7403093977931635e-21,6.555017562305625e-27,1.018826149410717e-27,4.09448448354998e-26
10028,power_bispectrum_range09_11,true,cvar_dkw,5.0,10000,0.5995938428620037,6078,648,4.983093260296833e-157,2.2582127648524516e-163,8.182962577827792e-151,2.756177024410017e-200,1.80615216641254e-207,3.1240225611329197e-193
10028,power_bispectrum_range09_11,true,cvar_dkw,5.0,100000,0.5995938428620037,60217,6493,0.0,0.0,0.0,0.0,0.0,0.0
10028,power_bispectrum_range09_11,true,cvar_split,5.0,1000,0.5809064004612088,608,46,1.910337868338787e-17,4.366502397400493e-18,8.117001982720538e-17,8.222397911274451e-22,1.5517774365640448e-22,4.230236900701776e-21
10028,power_bispectrum_range09_11,true,cvar_split,5.0,10000,0.5809064004612088,5892,462,1.453766062303783e-116,4.94768845780292e-122,3.180135558658507e-111,3.688090393088952e-154,1.8253733493235527e-160,5.537964414334366e-148
10028,power_bispectrum_range09_11,true,cvar_split,5.0,100000,0.5809064004612088,58350,4626,0.0,0.0,0.0,0.0,0.0,0.0
10028,power_bispectrum_range09_11,true,mean_only,5.0,1000,1.0,1001,439,0.0,0.0,0.0,0.0,0.0,0.0
10028,power_bispectrum_range09_11,true,mean_only,5.0,10000,1.0,10001,4571,0.0,0.0,0.0,0.0,0.0,0.0
10028,power_bispectrum_range09_11,true,mean_only,5.0,100000,1.0,100001,46277,0.0,0.0,0.0,0.0,0.0,0.0
10028,power_bispectrum_range09_11,true,unpaired_variance,5.0,1000,0.6195468781003002,646,84,9.238488590890122e-28,1.403665073725514e-28,5.9041755240124415e-27,2.8310173023406683e-33,3.545123558160347e-34,2.1946357120122045e-32
10028,power_bispectrum_range09_11,true,unpaired_variance,5.0,10000,0.6195468781003002,6277,847,2.6913325067706283e-207,1.4093576244111153e-214,3.8231388754634686e-200,1.2987803741191327e-256,9.778041928112801e-265,1.2806385424536226e-248
10028,power_bispectrum_range09_11,true,unpaired_variance,5.0,100000,0.6195468781003002,62210,8486,0.0,0.0,0.0,0.0,0.0,0.0
10028,power_bispectrum_range09_11,removed,cvar_dkw,1.0,1000,0.4762722881911267,503,5,0.039524908845071684,0.026938596668365,0.056525209568167395,0.0020850979905734303,0.001195523317573094,0.0035386445139978773
10028,power_bispectrum_range09_11,removed,cvar_dkw,1.0,10000,0.4762722881911267,4846,53,0.02492771085153191,0.006148561612147303,0.07796591066011191,2.3153250241523755e-08,9.403493735094116e-10,4.281614913160844e-07
10028,power_bispectrum_range09_11,removed,cvar_dkw,1.0,100000,0.4762722881911267,47890,537,0.0043729290992774745,7.241687573761253e-06,0.1821522938693433,5.13364049773044e-43,6.450263930682566e-54,2.183482106455509e-33
10028,power_bispectrum_range09_11,removed,cvar_split,1.0,1000,0.4718316354307417,499,1,0.0663920778021967,0.046986984192888735,0.09149130190016286,0.00450229415007655,0.0026874093632754965,0.0073417618803089816
10028,power_bispectrum_range09_11,removed,cvar_split,1.0,10000,0.4718316354307417,4802,9,0.13996316854342816,0.05232535793712666,0.2952070160508316,2.2842070144543674e-06,1.4763490589746392e-07,2.6621215483953145e-05
10028,power_bispectrum_range09_11,removed,cvar_split,1.0,100000,0.4718316354307417,47445,92,0.5776315696327561,0.06444699419130762,0.9719485777805388,7.207802486826524e-28,1.1179946741357567e-36,2.5077110202450684e-20
10028,power_bispectrum_range09_11,removed,mean_only,1.0,1000,0.4707999978646248,498,0,0.07493981450371855,0.053531242635797664,0.1023321378228462,0.005407857690764774,0.003260356849667465,0.008731440980299236
10028,power_bispectrum_range09_11,removed,mean_only,1.0,10000,0.4707999978646248,4792,-1,0.18935046791909407,0.07744002358285895,0.36765909340799996,5.842861046762694e-06,4.1943882458716284e-07,6.13618609345285e-05
10028,power_bispectrum_range09_11,removed,mean_only,1.0,100000,0.4707999978646248,47342,-11,0.8018187555779344,0.1932126631788377,0.9948035369484969,7.515049514482066e-25,3.546761170362054e-33,8.621225448731909e-18
10028,power_bispectrum_range09_11,removed,unpaired_variance,1.0,1000,0.4709071035728466,498,0,0.07493981450371855,0.053531242635797664,0.1023321378228462,0.005407857690764774,0.003260356849667465,0.008731440980299236
10028,power_bispectrum_range09_11,removed,unpaired_variance,1.0,10000,0.4709071035728466,4793,0,0.18397707770167976,0.07457712121632269,0.36014252205499636,5.328299225587758e-06,3.7851055387189396e-07,5.654270669299324e-05
10028,power_bispectrum_range09_11,removed,unpaired_variance,1.0,100000,0.4709071035728466,47353,0,0.7818541510878381,0.1746906637844524,0.9936632688238124,3.6504392019770845e-25,1.529867643967621e-33,4.714221577272364e-18
10028,power_bispectrum_range09_11,removed,cvar_dkw,1.01,1000,0.47768088055496927,505,5,0.02986864384866494,0.019971906163850237,0.0435288405839062,0.0013878761983143841,0.0007798095344387585,0.002403252612356089
10028,power_bispectrum_range09_11,removed,cvar_dkw,1.01,10000,0.47768088055496927,4860,44,0.012500405290662266,0.00268705226689987,0.044654340436070986,4.5882622064105856e-09,1.6061826871018557e-10,9.836987743246917e-08
10028,power_bispectrum_range09_11,removed,cvar_dkw,1.01,100000,0.47768088055496927,48030,440,0.0002256333089134377,8.812981476906851e-08,0.0364527709864762,1.7229896454326494e-48,4.7485455456297374e-60,3.3339625156372215e-38
10028,power_bispectrum_range09_11,removed,cvar_split,1.01,1000,0.473390051809923,501,1,0.05158018842380123,0.03582683556409843,0.07240227872127306,0.003086575905299796,0.001805774968588533,0.005134429151496619
10028,power_bispectrum_range09_11,removed,cvar_split,1.01,10000,0.473390051809923,4818,2,0.0806415302729291,0.026006616348411116,0.19530938377336637,4.6910848109465974e-07,2.5618803792250783e-08,6.462652069661407e-06
10028,power_bispectrum_range09_11,removed,cvar_split,1.01,100000,0.473390051809923,47601,11,0.2141742840287175,0.006097885219394039,0.8218566999368568,8.661574611864604e-33,2.4866934812061674e-42,1.6214516581135e-24
10028,power_bispectrum_range09_11,removed,mean_only,1.01,1000,0.475507997843271,503,3,0.039524908845071684,0.026938596668365,0.056525209568167395,0.0020850979905734303,0.001195523317573094,0.0035386445139978773
10028,power_bispectrum_range09_11,removed,mean_only,1.01,10000,0.475507997843271,4839,23,0.03429571630533058,0.009054309080766614,0.10048433468075503,5.0544061943930924e-08,2.210851503310551e-09,8.682088259918126e-07
10028,power_bispectrum_range09_11,removed,mean_only,1.01,100000,0.475507997843271,47813,223,0.01640763781182178,5.933337831791744e-05,0.3373385593216921,3.771880009778231e-40,1.0912897357534407e-50,6.976269914104022e-31
10028,power_bispectrum_range09_11,removed,unpaired_variance,1.01,1000,0.4756161746085751,503,3,0.039524908845071684,0.026938596668365,0.056525209568167395,0.0020850979905734303,0.001195523317573094,0.0035386445139978773
10028,power_bispectrum_range09_11,removed,unpaired_variance,1.01,10000,0.4756161746085751,4840,24,0.03280226738463305,0.008576634362440943,0.09700458490997796,4.5262629364422417e-08,1.95897895230801e-09,7.85720843239205e-07
10028,power_bispectrum_range09_11,removed,unpaired_variance,1.01,100000,0.4756161746085751,47824,234,0.013762884052906732,4.454828811202793e-05,0.31228793569252045,1.490712564417723e-40,3.828565436945097e-51,3.105378450091052e-31
10028,power_bispectrum_range09_11,removed,cvar_dkw,1.1,1000,0.487299343330752,514,8,0.007103729596119,0.0043503610480820284,0.011293207994040957,0.00018475602505373535,9.467958894691726e-05,0.0003506075146939056
10028,power_bispectrum_range09_11,removed,cvar_dkw,1.1,10000,0.487299343330752,4957,89,1.4430840730528082e-05,1.1522055107941025e-06,0.00013641630309375944,7.522790892013624e-15,9.344168118655737e-17,4.5303272676223564e-13
10028,power_bispectrum_range09_11,removed,cvar_dkw,1.1,100000,0.487299343330752,48992,890,4.1325336219164395e-22,5.7440296707684376e-30,1.6182600377078224e-15,2.7350642428959657e-95,2.205642714039829e-111,1.792190569960863e-80
10028,power_bispectrum_range09_11,removed,cvar_split,1.1,1000,0.4830990351785626,510,4,0.013939844912723038,0.008879902814992386,0.021312560319883753,0.0004700150798943696,0.00025096547102492557,0.0008561968876623932
10028,power_bispectrum_range09_11,removed,cvar_split,1.1,10000,0.4830990351785626,4915,47,0.00041593356811753837,5.129923355069662e-05,0.0025585893377791393,3.7853229861922775e-12,7.372543494093138e-14,1.4554858176198726e-10
10028,power_bispectrum_range09_11,removed,cvar_split,1.1,100000,0.4830990351785626,48572,470,1.9779510284193743e-12,2.4935858416214263e-18,8.76513070148569e-08,6.947450118362148e-73,5.355718363016205e-87,4.7774831640341126e-60
10028,power_bispectrum_range09_11,removed,mean_only,1.1,1000,0.5178799976510873,545,39,5.0811233821015735e-06,2.26663736804715e-06,1.1072182361313572e-05,1.668349566032684e-08,6.179806272269343e-09,4.376107213547693e-08
10028,power_bispectrum_range09_11,removed,mean_only,1.1,10000,0.5178799976510873,5262,394,4.177709364622204e-25,1.2931852443203975e-27,1.0078238563798077e-22,1.4614205392632408e-43,6.751684037075766e-47,2.3571903574412606e-40
10028,power_bispectrum_range09_11,removed,mean_only,1.1,100000,0.5178799976510873,52050,3948,1.7954361959527637e-184,1.0547076989790856e-206,1.6120380793463934e-163,0.0,0.0,1.996e-321
10028,power_bispectrum_range09_11,removed,unpaired_variance,1.1,1000,0.49147377096750344,519,13,0.002817997577974306,0.0016417713471067092,0.00470730951068592,5.28145081999524e-05,2.5701693781002025e-05,0.00010552007343271808
10028,power_bispectrum_range09_11,removed,unpaired_variance,1.1,10000,0.49147377096750344,4998,130,2.829993223590903e-07,1.4701046121352768e-08,4.0983210900983535e-06,8.871111971609703e-18,7.094068541745946e-20,8.290699411288869e-16
10028,power_bispectrum_range09_11,removed,unpaired_variance,1.1,100000,0.49147377096750344,49410,1308,9.348192296990828e-35,1.4341678380647435e-44,3.276960914389886e-26,1.2650381301756408e-120,1.0880209326203929e-138,7.753031963586028e-104
10028,power_bispectrum_range09_11,removed,cvar_dkw,2.0,1000,0.5300076945689961,557,35,1.1453989452292592e-07,4.505323422701973e-08,2.82981721716976e-07,1.660621094917593e-10,5.415002502151703e-11,4.947056352466843e-10
10028,power_bispectrum_range09_11,removed,cvar_dkw,2.0,10000,0.5300076945689961,5384,354,2.1381010479780297e-37,1.7762495725979878e-40,1.9198119631828508e-34,1.499820699178066e-59,1.846820264082e-63,9.069838032454189e-56
10028,power_bispectrum_range09_11,removed,cvar_dkw,2.0,100000,0.5300076945689961,53263,3540,7.703784007293413e-294,8.74e-322,3.5732569557741616e-267,0.0,0.0,0.0
10028,power_bispectrum_range09_11,removed,cvar_split,2.0,1000,0.5226177038000165,550,28,1.1203217209136721e-06,4.743003673816557e-07,2.5719972556183713e-06,2.618581484130826e-09,9.198651340500586e-10,7.2420050941240865e-09
10028,power_bispectrum_range09_11,removed,cvar_split,2.0,10000,0.5226177038000165,5310,280,1.2378768155446326e-29,2.2847661220730573e-32,5.0057793065442746e-27,1.522485535406082e-49,4.181636178526195e-53,4.129371226807923e-46
10028,power_bispectrum_range09_11,removed,cvar_split,2.0,100000,0.5226177038000165,52524,2801,3.6733939874303624e-224,1.2626301892260275e-248,5.629279008845021e-201,0.0,0.0,0.0
10028,power_bispectrum_range09_11,removed,mean_only,2.0,1000,0.9415999957292496,955,433,8.886329761685353e-244,4.760572727060869e-246,1.6095959223255577e-241,1.1027256096642877e-258,4.823362228596311e-261,2.4450189167309438e-256
10028,power_bispectrum_range09_11,removed,mean_only,2.0,10000,0.9415999957292496,9456,4426,0.0,0.0,0.0,0.0,0.0,0.0
10028,power_bispectrum_range09_11,removed,mean_only,2.0,100000,0.9415999957292496,94283,44560,0.0,0.0,0.0,0.0,0.0,0.0
10028,power_bispectrum_range09_11,removed,unpaired_variance,2.0,1000,0.5359446164190832,563,41,1.3917161915887524e-08,5.1384062464390825e-09,3.6626473172977695e-08,1.3380901777371788e-11,4.092907213492508e-12,4.249214142340797e-11
10028,power_bispectrum_range09_11,removed,unpaired_variance,2.0,10000,0.5359446164190832,5443,413,2.880755255692208e-44,1.265445575641224e-47,4.890093414480655e-41,3.2727837072089952e-68,2.1249888585327674e-72,3.752303721414407e-64
10028,power_bispectrum_range09_11,removed,unpaired_variance,2.0,100000,0.5359446164190832,53856,4133,0.0,0.0,0.0,0.0,0.0,0.0
10028,power_bispectrum_range09_11,removed,cvar_dkw,5.0,1000,0.58244509207581,609,64,1.1051623696705546e-17,2.4991620974031946e-18,4.7463937761558116e-17,4.437975260224591e-22,8.285844124887206e-23,2.307955226305808e-21
10028,power_bispectrum_range09_11,removed,cvar_dkw,5.0,10000,0.58244509207581,5907,640,1.3493472673222348e-119,3.903295913945581e-125,3.4726351379196025e-114,1.1965942868717282e-157,5.031450397205194e-164,2.114847388061427e-151
10028,power_bispectrum_range09_11,removed,cvar_dkw,5.0,100000,0.58244509207581,58503,6410,0.0,0.0,0.0,0.0,0.0,0.0
10028,power_bispectrum_range09_11,removed,cvar_split,5.0,1000,0.5633672966651024,590,45,1.793550734211866e-13,4.970143348798371e-14,6.286812876015687e-13,2.685542390016979e-17,6.151377103717888e-18,1.1385301826558496e-16
10028,power_bispectrum_range09_11,removed,cvar_split,5.0,10000,0.5633672966651024,5717,450,3.7528555991735954e-84,8.504546689882746e-89,1.2334949179329195e-79,2.0080508191172032e-116,6.655577105877789e-122,4.505182242115636e-111
10028,power_bispectrum_range09_11,removed,cvar_split,5.0,100000,0.5633672966651024,56597,4504,0.0,0.0,0.0,0.0,0.0,0.0
10028,power_bispectrum_range09_11,removed,mean_only,5.0,1000,1.0,1001,456,0.0,0.0,0.0,0.0,0.0,0.0
10028,power_bispectrum_range09_11,removed,mean_only,5.0,10000,1.0,10001,4734,0.0,0.0,0.0,0.0,0.0,0.0
10028,power_bispectrum_range09_11,removed,mean_only,5.0,100000,1.0,100001,47908,0.0,0.0,0.0,0.0,0.0,0.0
10028,power_bispectrum_range09_11,removed,unpaired_variance,5.0,1000,0.6009821292653199,628,83,1.5240562350833284e-22,2.810489349898113e-23,8.0255950398391215e-22,1.6349925962388792e-27,2.486939713264194e-28,1.0435501350430107e-26
10028,power_bispectrum_range09_11,removed,unpaired_variance,5.0,10000,0.6009821292653199,6092,825,2.5022179469403835e-160,9.742426282279274e-167,4.7824218157621984e-154,5.1869798908440056e-204,2.919157819801498e-211,6.845545169363322e-197
10028,power_bispectrum_range09_11,removed,unpaired_variance,5.0,100000,0.6009821292653199,60355,8262,0.0,0.0,0.0,0.0,0.0,0.0
10049,power_range09_11,true,cvar_dkw,1.0,1000,0.4572011348356458,484,5,0.0007070416066187983,0.00038428918222263526,0.0012653490655650035,1.3410004669037252e-06,5.679704178756593e-07,3.0765123416103307e-06
10049,power_range09_11,true,cvar_dkw,1.0,10000,0.4572011348356458,4655,55,4.965188039003764e-11,1.1786928320846294e-12,1.5666641872846573e-09,1.805703892081477e-29,3.2882929284579886e-32,7.384987192131259e-27
10049,power_range09_11,true,cvar_dkw,1.0,100000,0.4572011348356458,45982,556,3.596384206864197e-64,1.9240102266978292e-77,3.556022900099737e-52,4.3169291356213355e-223,1.3146375866915383e-247,7.321949524107845e-200
10049,power_range09_11,true,cvar_split,1.0,1000,0.4524645615966757,480,1,0.0016510194773932559,0.0009348233880726094,0.002836997851719558,4.503073162663082e-06,1.990057686077125e-06,9.902208848637209e-06
10049,power_range09_11,true,cvar_split,1.0,10000,0.4524645615966757,4608,8,1.6590643230500407e-08,6.51206323357511e-10,3.1728353712335586e-07,5.078183521661576e-25,1.5464387288135097e-27,1.2427987849359051e-22
10049,power_range09_11,true,cvar_split,1.0,100000,0.4524645615966757,45508,82,5.627866966423097e-44,5.282394460916861e-55,3.192966045521671e-34,3.0213526496718983e-183,1.7030491388295473e-205,2.777462996893833e-162
10049,power_range09_11,true,mean_only,1.0,1000,0.45153771693047184,479,0,0.002022040482047704,0.0011566070946759475,0.0034395915250590835,6.037420944203229e-06,2.696578980133382e-06,1.3136622243713279e-05
10049,power_range09_11,true,mean_only,1.0,10000,0.45153771693047184,4599,-1,4.5738086186615424e-08,1.976004243819076e-09,7.951153822109974e-07,3.2659520899029777e-24,1.0973845240559838e-26,7.245001305839212e-22
10049,power_range09_11,true,mean_only,1.0,100000,0.45153771693047184,45415,-11,1.791154836614389e-40,4.6292894876059196e-51,3.69681203816202e-31,6.868946499381332e-176,1.0782726452923446e-197,2.268859121746154e-155
10049,power_range09_11,true,unpaired_variance,1.0,1000,0.45164402345005955,479,0,0.002022040482047704,0.0011566070946759475,0.0034395915250590835,6.037420944203229e-06,2.696578980133382e-06,1.3136622243713279e-05
10049,power_range09_11,true,unpaired_variance,1.0,10000,0.45164402345005955,4600,0,4.092815099246191e-08,1.7494711077421114e-09,7.190746576602646e-07,2.66005931053203e-24,8.84084474056758e-27,5.965676350521015e-22
10049,power_range09_11,true,unpaired_variance,1.0,100000,0.45164402345005955,45426,0,7.025585252398958e-41,1.6108013695285145e-51,1.6342078189738355e-31,9.432665939026024e-177,1.3117821751752442e-198,3.5166514229188475e-156
10049,power_range09_11,true,cvar_dkw,1.01,1000,0.4585935666760653,486,5,0.0004524324788067458,0.00024089932514543996,0.0008264241488744978,7.150645192850978e-07,2.9647623966361297e-07,1.675723793571349e-06
10049,power_range09_11,true,cvar_dkw,1.01,10000,0.4585935666760653,4669,49,7.434603947024254e-12,1.5185848428612885e-13,2.724963455799755e-10,7.201726017554125e-31,1.1251050424470826e-33,3.432645329288619e-28
10049,power_range09_11,true,cvar_dkw,1.01,100000,0.4585935666760653,46121,492,7.789314779459446e-71,9.146133594181096e-85,3.503796813293487e-58,1.6078717421781936e-235,1.058993291637765e-260,1.2597925919365049e-211
10049,power_range09_11,true,cvar_split,1.01,1000,0.45401857594741235,481,0,0.0013430808100476897,0.0007527514105485533,0.002331358530766078,3.345775654371813e-06,1.4630000821755962e-06,7.4355859035910645e-06
10049,power_range09_11,true,cvar_split,1.01,10000,0.45401857594741235,4624,4,2.5287644545690695e-09,8.366989065629837e-11,5.7323179849838384e-08,1.714306248840459e-26,4.382566131644287e-29,4.9964487712548875e-24
10049,power_range09_11,true,cvar_split,1.01,100000,0.45401857594741235,45663,34,3.779772311796845e-50,6.55325090193091e-62,1.1580496379027439e-39,7.636241275820593e-196,7.807419097815285e-219,3.8659903544797957e-174
10049,power_range09_11,true,mean_only,1.01,1000,0.45605309409977657,483,2,0.0008789247038135635,0.0004826348611047228,0.0015569986841043762,1.8258203261841865e-06,7.815837350662569e-07,4.144573805053779e-06
10049,power_range09_11,true,mean_only,1.01,10000,0.45605309409977657,4644,24,2.0912365402768119e-10,5.585924551030393e-12,5.866867149491332e-09,2.148871992964856e-28,4.413891625844306e-31,7.792745754439265e-26
10049,power_range09_11,true,mean_only,1.01,100000,0.45605309409977657,45867,238,6.532413125791053e-59,1.2250407968955507e-71,1.8451712766000654e-47,4.6024872567347166e-213,4.974733639822579e-237,2.2010412501777106e-190
10049,power_range09_11,true,unpaired_variance,1.01,1000,0.45616046368456015,483,2,0.0008789247038135635,0.0004826348611047228,0.0015569986841043762,1.8258203261841865e-06,7.815837350662569e-07,4.144573805053779e-06
10049,power_range09_11,true,unpaired_variance,1.01,10000,0.45616046368456015,4645,25,1.838599231170077e-10,4.858750405790299e-12,5.2134674406495936e-09,1.719087626356823e-28,3.4926603767751495e-31,6.302674143668777e-26
10049,power_range09_11,true,unpaired_variance,1.01,100000,0.45616046368456015,45878,249,2.098872373742721e-59,3.491115886511217e-72,6.683254815835893e-48,5.173726098803107e-214,4.954034442799004e-238,2.7927298911235785e-191
10049,power_range09_11,true,cvar_dkw,1.1,1000,0.4680031653990003,495,10,5.035436843687677e-05,2.4422382560258328e-05,0.00010093421814099162,3.4860042784731294e-08,1.3127453532482385e-08,8.992484289936021e-08
10049,power_range09_11,true,cvar_dkw,1.1,10000,0.4680031653990003,4764,100,2.443716134218951e-18,1.791902118068066e-20,2.488817775057831e-16,2.924985238324386e-41,1.6131540030879936e-44,3.9450936973036777e-38
10049,power_range09_11,true,cvar_dkw,1.1,100000,0.4680031653990003,47062,994,8.414394926366812e-125,3.4079241548453353e-143,1.0888574894868042e-107,0.0,0.0,3.9168987199520405e-300
10049,power_range09_11,true,cvar_split,1.1,1000,0.46350547332699266,491,6,0.00013875376559168432,7.015723436567061e-05,0.0002668347432496183,1.387610633198424e-07,5.4541128513923304e-08,3.4297015909324335e-07
10049,power_range09_11,true,cvar_split,1.1,10000,0.46350547332699266,4719,55,4.488103312765175e-15,5.3509941544136203e-17,2.814059710385596e-13,3.829555907727442e-36,3.4593941594348465e-39,3.1549238496249276e-33
10049,power_range09_11,true,cvar_split,1.1,100000,0.46350547332699266,46612,544,4.5311051714802066e-97,2.5017726793925843e-113,4.31519548555186e-82,4.008288690304075e-282,1.18135384806683e-309,6.996416803910573e-256
10049,power_range09_11,true,mean_only,1.1,1000,0.4966914886235191,524,39,5.1677667074138424e-09,1.8448556331719307e-09,1.4062199464387896e-08,2.411893691471598e-13,6.642231003591591e-14,8.503314886362932e-13
10049,power_range09_11,true,mean_only,1.1,10000,0.4966914886235191,5051,387,2.3113447451841356e-47,7.500268344534868e-51,5.301216006907918e-44,3.820699176167081e-82,9.003358519391132e-87,1.2032125089808992e-77
10049,power_range09_11,true,mean_only,1.1,100000,0.4966914886235191,49932,3864,0.0,0.0,0.0,0.0,0.0,0.0
10049,power_range09_11,true,unpaired_variance,1.1,1000,0.4719506409887005,499,14,1.71949761738956e-05,7.99813737523431e-06,3.59336863937094e-05,8.230123199109435e-09,2.969019928097865e-09,2.2159829258048256e-08
10049,power_range09_11,true,unpaired_variance,1.1,10000,0.4719506409887005,4803,139,1.895173561732088e-21,9.110953808584e-24,2.941949323993655e-19,5.594269251711209e-46,2.0111893368649237e-49,1.1570584334705499e-42
10049,power_range09_11,true,unpaired_variance,1.1,100000,0.4719506409887005,47457,1389,4.776455937973366e-152,2.5834985944637826e-172,4.616715697318778e-133,0.0,0.0,0.0
10049,power_range09_11,true,cvar_dkw,2.0,1000,0.5104877862344991,538,39,1.902874649956637e-11,5.848028335919289e-12,6.013425279635176e-11,2.385855562033095e-16,5.643642040231148e-17,9.791273058264327e-16
10049,power_range09_11,true,cvar_dkw,2.0,10000,0.5104877862344991,5189,386,2.1943437003030804e-66,1.581911944505795e-70,2.2632789593686253e-62,6.976710387856028e-107,3.602456757622558e-112,1.0017479735515086e-101
10049,power_range09_11,true,cvar_dkw,2.0,100000,0.5104877862344991,51311,3854,0.0,0.0,0.0,0.0,0.0,0.0
10049,power_range09_11,true,cvar_split,2.0,1000,0.5022258491283513,529,30,7.627287950957313e-10,2.5812894486600116e-10,2.189147210993852e-09,2.2276833447964683e-14,5.810958663245467e-15,8.291183401242035e-14
10049,power_range09_11,true,cvar_split,2.0,10000,0.5022258491283513,5106,303,1.505054710323891e-54,2.682127204639377e-58,6.283086746317447e-51,1.3133506009813133e-91,1.6901293589011074e-96,7.570719361824624e-87
10049,power_range09_11,true,cvar_split,2.0,100000,0.5022258491283513,50485,3028,0.0,0.0,0.0,0.0,0.0,0.0
10049,power_range09_11,true,mean_only,2.0,1000,0.9030754338609437,919,420,1.167810877256007e-233,5.65679185864714e-236,2.336585359581601e-231,2.5203677400689304e-254,9.067095253357395e-257,6.784264657793772e-252
10049,power_range09_11,true,mean_only,2.0,10000,0.9030754338609437,9080,4277,0.0,0.0,0.0,0.0,0.0,0.0
10049,power_range09_11,true,mean_only,2.0,100000,0.9030754338609437,90463,43006,0.0,0.0,0.0,0.0,0.0,0.0
10049,power_range09_11,true,unpaired_variance,2.0,1000,0.5158591864460871,543,44,2.133158428313187e-12,6.213066415503045e-13,7.112490818139749e-12,1.6704665744003458e-17,3.74214433119471e-18,7.238377195658127e-17
10049,power_range09_11,true,unpaired_variance,2.0,10000,0.5158591864460871,5242,439,1.4403705575064038e-74,5.824251414001647e-79,2.647774245837575e-70,2.9130052981893177e-117,8.394244317487236e-123,7.492184939129047e-112
10049,power_range09_11,true,unpaired_variance,2.0,100000,0.5158591864460871,51848,4391,0.0,0.0,0.0,0.0,0.0,0.0
10049,power_range09_11,true,cvar_dkw,5.0,1000,0.5628747061345261,590,71,1.8899849149954035e-23,3.313452209409896e-24,1.0464542349109016e-22,1.736383598388366e-30,2.3280325600101022e-31,1.2566204252729262e-29
10049,power_range09_11,true,cvar_dkw,5.0,10000,0.5628747061345261,5712,706,1.432292555877278e-168,3.4155261417273324e-175,4.454084054365444e-162,9.268545926755451e-231,1.5100372627297986e-238,4.204541294154216e-223
10049,power_range09_11,true,cvar_dkw,5.0,100000,0.5628747061345261,56548,7060,0.0,0.0,0.0,0.0,0.0,0.0
10049,power_range09_11,true,cvar_split,5.0,1000,0.5419730920350733,569,50,4.916729170593255e-18,1.0820088681119158e-18,2.1691064304826105e-17,3.3046082764966665e-24,5.574679815806838e-25,1.9010645926820486e-23
10049,power_range09_11,true,cvar_split,5.0,10000,0.5419730920350733,5503,497,5.40826238676055e-122,1.2654300822645467e-127,1.7157457032654073e-116,1.6437629562301996e-175,2.676346829091245e-182,7.470491102907952e-169
10049,power_range09_11,true,cvar_split,5.0,100000,0.5419730920350733,54459,4971,0.0,0.0,0.0,0.0,0.0,0.0
10049,power_range09_11,true,mean_only,5.0,1000,1.0,1001,482,0.0,0.0,0.0,0.0,0.0,0.0
10049,power_range09_11,true,mean_only,5.0,10000,1.0,10001,4995,0.0,0.0,0.0,0.0,0.0,0.0
10049,power_range09_11,true,mean_only,5.0,100000,1.0,100001,50513,0.0,0.0,0.0,0.0,0.0,0.0
10049,power_range09_11,true,unpaired_variance,5.0,1000,0.5800743494421148,607,88,2.0844142415146284e-28,3.038799864739621e-29,1.3877100743205055e-27,3.812684246365118e-36,4.243258567273728e-37,3.323599242610986e-35
10049,power_range09_11,true,unpaired_variance,5.0,10000,0.5800743494421148,5883,877,1.981805116559588e-212,7.29056872714972e-220,3.991948555279886e-205,1.0253643954322509e-281,2.539310578885079e-290,3.0570288179834955e-273
10049,power_range09_11,true,unpaired_variance,5.0,100000,0.5800743494421148,58267,8779,0.0,0.0,0.0,0.0,0.0,0.0
10049,power_range09_11,removed,cvar_dkw,1.0,1000,0.43035176254240853,457,6,0.06973394516783347,0.049514607022774944,0.09578334514508453,0.0014561810722096271,0.0008186675243378443,0.0025197916095099876
10049,power_range09_11,removed,cvar_dkw,1.0,10000,0.43035176254240853,4386,58,0.1455843937725488,0.055029012873459945,0.3039312485908344,3.57410656093217e-09,1.2155995622244946e-10,7.87980086925452e-08
10049,power_range09_11,removed,cvar_dkw,1.0,100000,0.43035176254240853,43295,583,0.594290155697736,0.07002132827390985,0.974592484465941,2.531748015423638e-49,5.354280854600293e-61,6.339843307425901e-39
10049,power_range09_11,removed,cvar_split,1.0,1000,0.42539574759156806,452,1,0.12307059233977073,0.09151063317846288,0.1615712885963138,0.003927872011623725,0.002324052959549629,0.006460500199678052
10049,power_range09_11,removed,cvar_split,1.0,10000,0.42539574759156806,4337,9,0.47320163343034743,0.27114367999600064,0.682598373547335,8.059950744556028e-07,4.636323849226244e-08,1.0538974500121794e-05
10049,power_range09_11,removed,cvar_split,1.0,100000,0.42539574759156806,42799,87,0.9996698042395347,0.9546849762598787,0.9999998465670299,4.053483115253612e-31,1.9780653723051436e-40,4.4465758448256366e-23
10049,power_range09_11,removed,mean_only,1.0,1000,0.4244210120434764,451,0,0.13650745863981084,0.10242233112227259,0.17763732943623564,0.004737098115920884,0.0028314477343849317,0.0077134472274591566
10049,power_range09_11,removed,mean_only,1.0,10000,0.4244210120434764,4327,-1,0.5535291912247127,0.3418200382068175,0.7507131455645182,2.1683971335663783e-06,1.387674721446296e-07,2.550632037958621e-05
10049,power_range09_11,removed,mean_only,1.0,100000,0.4244210120434764,42702,-10,0.9999715367319184,0.9896091750149898,0.9999999952299908,4.585774995028504e-28,6.475030513045676e-37,1.7436892628778284e-20
10049,power_range09_11,removed,unpaired_variance,1.0,1000,0.42452687237374764,451,0,0.13650745863981084,0.10242233112227259,0.17763732943623564,0.004737098115920884,0.0028314477343849317,0.0077134472274591566
10049,power_range09_11,removed,unpaired_variance,1.0,10000,0.42452687237374764,4328,0,0.5455398796459989,0.33443902799884584,0.7442674658098503,1.967545438839634e-06,1.245798294984766e-07,2.338961730446558e-05
10049,power_range09_11,removed,unpaired_variance,1.0,100000,0.42452687237374764,42712,0,0.9999627303237019,0.9877125775873542,0.9999999930589221,2.2608412242665836e-28,2.861177056940605e-37,9.588295337640197e-21
10049,power_range09_11,removed,cvar_dkw,1.01,1000,0.431727036757613,459,6,0.054256095504794745,0.037805110824671154,0.07591827457898746,0.0009538898171553512,0.0005253452870809494,0.001684759659266861
10049,power_range09_11,removed,cvar_dkw,1.01,10000,0.431727036757613,4400,52,0.09048249477217951,0.030038554598724756,0.21322218478182048,6.385195827147902e-10,1.8675391289876116e-11,1.635894178762263e-08
10049,power_range09_11,removed,cvar_dkw,1.01,100000,0.431727036757613,43433,517,0.260433556915179,0.00922521834554575,0.8582849354974064,3.6986665697717114e-55,1.71806893208849e-67,4.2076409438624437e-44
10049,power_range09_11,removed,cvar_split,1.01,1000,0.4269151648540722,454,1,0.09904707335882539,0.07231503650601742,0.132377713754141,0.0026706962064875425,0.001548335812983497,0.00448245030668965
10049,power_range09_11,removed,cvar_split,1.01,10000,0.4269151648540722,4352,4,0.35574090887526444,0.18086487894684708,0.5684411526028996,1.6967983884815713e-07,8.314242469710605e-09,2.6018091807002985e-06
10049,power_range09_11,removed,cvar_split,1.01,100000,0.4269151648540722,42951,35,0.9925478141365848,0.7645499360650719,0.9999832743314545,3.087086128316021e-36,2.8468273114833757e-46,1.7850000229307952e-27
10049,power_range09_11,removed,mean_only,1.01,1000,0.4286652221639111,456,3,0.07865271294114141,0.05637166639578209,0.10704671748123477,0.0017891120001665521,0.0010162226691154811,0.003064478755637534
10049,power_range09_11,removed,mean_only,1.01,10000,0.4286652221639111,4370,22,0.23180002799426472,0.10111455449633892,0.42443020434033646,2.3269290776766126e-08,9.400182394685863e-10,4.3229357373182647e-07
10049,power_range09_11,removed,mean_only,1.01,100000,0.4286652221639111,43127,211,0.9050598976357593,0.34346391707147683,0.9987573138096548,1.1342609022687309e-42,1.5169799738850827e-53,4.5051159035725705e-33
10049,power_range09_11,removed,unpaired_variance,1.01,1000,0.4287721410974851,456,3,0.07865271294114141,0.05637166639578209,0.10704671748123477,0.0017891120001665521,0.0010162226691154811,0.003064478755637534
10049,power_range09_11,removed,unpaired_variance,1.01,10000,0.4287721410974851,4371,23,0.2256953062016969,0.09759145208063956,0.4165470762179477,2.0759614907338584e-08,8.296734059341893e-10,3.898119171981139e-07
10049,power_range09_11,removed,unpaired_variance,1.01,100000,0.4287721410974851,43137,221,0.8938185959688735,0.32029193607551965,0.998468249752573,4.7066985228738706e-43,5.640524908331952e-54,2.08587610899189e-33
10049,power_range09_11,removed,cvar_dkw,1.1,1000,0.44103996183347055,468,10,0.014752899223026349,0.009422076639490183,0.022496840572069392,0.00011798693980864512,5.9174911893293054e-05,0.00022872306209155657
10049,power_range09_11,removed,cvar_dkw,1.1,10000,0.44103996183347055,4494,101,0.0006165682476472478,8.033639276503867e-05,0.0035920523184849213,8.088918110397489e-16,8.542073395343492e-18,5.721418592958609e-14
10049,power_range09_11,removed,cvar_dkw,1.1,100000,0.44103996183347055,44365,1010,2.2933639133317186e-11,5.2227478692534735e-17,5.643945845872191e-07,2.4318177754036054e-103,3.999403717959597e-120,7.7308386456426e-88
10049,power_range09_11,removed,cvar_split,1.1,1000,0.4361371173587153,463,5,0.031506373605589194,0.021128525385901164,0.045781385345395345,0.00039128487234164785,0.00020675157723626763,0.0007201521023410142
10049,power_range09_11,removed,cvar_split,1.1,10000,0.4361371173587153,4444,51,0.013061781053759124,0.0028286431673112027,0.04631622339011935,1.7163579749789798e-12,3.1193770548863146e-14,7.064316574640379e-11
10049,power_range09_11,removed,cvar_split,1.1,100000,0.4361371173587153,43874,519,0.00027547850564856204,1.1717731406926582e-07,0.0409857783796035,4.7111687010189116e-76,1.7177198381107063e-90,6.789147175977721e-63
10049,power_range09_11,removed,mean_only,1.1,1000,0.46686311324782404,494,36,6.524714717983561e-05,3.1977183419389054e-05,0.00012943520846966466,4.952677091555609e-08,1.885157678826294e-08,1.2639985429424293e-07
10049,power_range09_11,removed,mean_only,1.1,10000,0.46686311324782404,4752,359,1.960970561947989e-17,1.637125925497213e-19,1.7545757670382107e-15,7.327397422717262e-40,4.6096030240514e-43,8.66512535230241e-37
10049,power_range09_11,removed,mean_only,1.1,100000,0.46686311324782404,46948,3593,1.9213662292167215e-117,2.7034926175883638e-135,7.162238273383083e-101,1.94255856e-316,0.0,1.3714503571014573e-288
10049,power_range09_11,removed,unpaired_variance,1.1,1000,0.4447213001184511,472,14,0.007537261368315685,0.004626436599636792,0.011954418510699257,4.222939319084557e-05,2.030882868182864e-05,8.535912849830747e-05
10049,power_range09_11,removed,unpaired_variance,1.1,10000,0.4447213001184511,4530,137,3.818929973141113e-05,3.4216440110878044e-06,0.00032194153220002213,1.7578517440148936e-18,1.2543442292057745e-20,1.8385370616574496e-16
10049,power_range09_11,removed,unpaired_variance,1.1,100000,0.4447213001184511,44733,1378,2.1810394438023775e-19,9.323888776967037e-27,2.7802329338937934e-13,1.4421405979110678e-126,4.131108284128113e-145,2.6238363943552873e-109
10049,power_range09_11,removed,cvar_dkw,2.0,1000,0.4836321126319113,511,39,4.7396549077039245e-07,1.9427786250558512e-07,1.1235760104983024e-06,7.450330675922306e-11,2.3617566488769675e-11,2.2823718703730356e-10
10049,power_range09_11,removed,cvar_dkw,2.0,10000,0.4836321126319113,4920,388,2.3691295521440326e-32,3.1987080245243695e-35,1.307485675057649e-29,1.0295011154781205e-61,1.024028704838535e-65,7.688240439480098e-58
10049,power_range09_11,removed,cvar_dkw,2.0,100000,0.4836321126319113,48626,3880,1.4168657989940495e-248,2.162248853751296e-274,4.823413619320339e-224,0.0,0.0,0.0
10049,power_range09_11,removed,cvar_split,2.0,1000,0.47482551173184295,502,30,7.379152664783731e-06,3.325988415788245e-06,1.5912411246945253e-05,2.6759177147846947e-09,9.34696011404523e-10,7.440734171003549e-09
10049,power_range09_11,removed,cvar_split,2.0,10000,0.47482551173184295,4832,300,6.238436437688005e-24,2.1901229285905733e-26,1.3255308587464508e-21,1.1708248673902965e-49,3.061618874748593e-53,3.328428124002702e-46
10049,power_range09_11,removed,cvar_split,2.0,100000,0.47482551173184295,47745,2999,1.268084931868123e-173,2.9466149447869165e-195,2.8482465492220475e-153,0.0,0.0,0.0
10049,power_range09_11,removed,mean_only,2.0,1000,0.8488420240869528,868,396,1.8350341199567946e-180,1.5521303354019223e-182,2.1030903278604193e-178,5.17830881279098e-199,3.2669985809523024e-201,7.950474213621621e-197
10049,power_range09_11,removed,mean_only,2.0,10000,0.8488420240869528,8548,4016,0.0,0.0,0.0,0.0,0.0,0.0
10049,power_range09_11,removed,mean_only,2.0,100000,0.8488420240869528,85072,40326,0.0,0.0,0.0,0.0,0.0,0.0
10049,power_range09_11,removed,unpaired_variance,2.0,1000,0.4883872600907079,516,44,9.009390275910308e-08,3.502218416929076e-08,2.2517922550627104e-07,8.884923211243161e-12,2.66834092852941e-12,2.8727772919648274e-11
10049,power_range09_11,removed,unpaired_variance,2.0,10000,0.4883872600907079,4968,436,1.6539617927392442e-37,1.3249259473939575e-40,1.5377519377612761e-34,7.440609484011465e-69,4.3671070510019496e-73,9.413415317578983e-65
10049,power_range09_11,removed,unpaired_variance,2.0,100000,0.4883872600907079,49101,4355,1.3986597137423299e-294,1.2e-322,8.55749617261301e-268,0.0,0.0,0.0
10049,power_range09_11,removed,cvar_dkw,5.0,1000,0.53733670315833,564,72,7.360394000704726e-17,1.7096873053297017e-17,3.076556759682557e-16,7.939328120697727e-23,1.4145066750171782e-23,4.324726556802513e-22
10049,power_range09_11,removed,cvar_dkw,5.0,10000,0.53733670315833,5457,722,9.002634473961212e-113,3.4814425306457408e-118,1.7284372270087756e-107,2.2145202121462315e-164,5.983785430934004e-171,6.066184006584503e-158
10049,power_range09_11,removed,cvar_dkw,5.0,100000,0.53733670315833,53996,7217,0.0,0.0,0.0,0.0,0.0,0.0
10049,power_range09_11,removed,cvar_split,5.0,1000,0.5150283668589322,542,50,3.330661957604854e-12,9.805723318181185e-13,1.098673573880317e-11,2.865822723535661e-17,6.490233241696614e-18,1.228370097221391e-16
10049,power_range09_11,removed,cvar_split,5.0,10000,0.5150283668589322,5234,499,2.6598169834141077e-73,1.173618193056773e-77,4.480945454279603e-69,1.1542467922347154e-115,3.6322600144411513e-121,2.718630265008326e-110
10049,power_range09_11,removed,cvar_split,5.0,100000,0.5150283668589322,51765,4986,0.0,0.0,0.0,0.0,0.0,0.0
10049,power_range09_11,removed,mean_only,5.0,1000,1.0,1001,509,0.0,0.0,0.0,0.0,0.0,0.0
10049,power_range09_11,removed,mean_only,5.0,10000,1.0,10001,5266,0.0,0.0,0.0,0.0,0.0,0.0
10049,power_range09_11,removed,mean_only,5.0,100000,1.0,100001,53222,0.0,0.0,0.0,0.0,0.0,0.0
10049,power_range09_11,removed,unpaired_variance,5.0,1000,0.5522476478076681,579,87,1.6215553013096405e-20,3.2026294018385227e-21,7.970368644433213e-20,4.227504098444212e-27,6.392994562067419e-28,2.712712343285077e-26
10049,power_range09_11,removed,unpaired_variance,5.0,10000,0.5522476478076681,5606,871,5.494628983820517e-144,4.172712408639149e-150,5.368111016157896e-138,8.90164659617424e-202,4.6614469812243945e-209,1.257100160056885e-194
10049,power_range09_11,removed,unpaired_variance,5.0,100000,0.5522476478076681,55486,8707,0.0,0.0,0.0,0.0,0.0,0.0
10049,power_bispectrum_range09_11,true,cvar_dkw,1.0,1000,0.4771592053053845,504,5,0.00047701357567496916,0.00025480610231928813,0.0008685804718684643,3.8933796422126644e-07,1.584503356988501e-07,9.29547104895639e-07
10049,power_bispectrum_range09_11,true,cvar_dkw,1.0,10000,0.4771592053053845,4855,53,4.200630866816276e-12,8.237880744549152e-14,1.6039577873467358e-10,1.723922168843019e-33,2.0583705836544017e-36,1.0754203897524872e-30
10049,power_bispectrum_range09_11,true,cvar_dkw,1.0,100000,0.4771592053053845,47978,536,8.539755257139154e-73,6.662923639418915e-87,5.796507731439272e-60,6.135948847679243e-259,2.6998276813319413e-285,7.223018176475018e-234
10049,power_bispectrum_range09_11,true,cvar_split,1.0,1000,0.47220097363422764,499,0,0.0014072563247255056,0.0007910630177294956,0.002435663848412601,1.8832826160708942e-06,8.081486552547167e-07,4.26490649654444e-06
10049,power_bispectrum_range09_11,true,cvar_split,1.0,10000,0.47220097363422764,4806,4,2.4587987170900505e-09,8.135685097481978e-11,5.575220842488826e-08,1.5378194237983754e-28,3.130979290836735e-31,5.629160615837398e-26
10049,power_bispectrum_range09_11,true,cvar_split,1.0,100000,0.47220097363422764,47482,40,2.8275361694926186e-50,4.818698347431384e-62,8.83537025859206e-40,4.413290171970382e-214,4.450569729628134e-238,2.2728952568901278e-191
10049,power_bispectrum_range09_11,true,mean_only,1.0,1000,0.4716933032948608,499,0,0.0014072563247255056,0.0007910630177294956,0.002435663848412601,1.8832826160708942e-06,8.081486552547167e-07,4.26490649654444e-06
10049,power_bispectrum_range09_11,true,mean_only,1.0,10000,0.4716933032948608,4801,-1,4.468629015587842e-09,1.5593746395804593e-10,9.609750757765816e-08,4.663824978528658e-28,1.0026556369030225e-30,1.6168630122815164e-25
10049,power_bispectrum_range09_11,true,mean_only,1.0,100000,0.4716933032948608,47432,-10,3.0538322910104925e-48,8.953880271284975e-60,5.550394664283398e-38,8.495657802012402e-210,1.4816674028537982e-233,2.530673518580462e-187
10049,power_bispectrum_range09_11,true,unpaired_variance,1.0,1000,0.47180006530498136,499,0,0.0014072563247255056,0.0007910630177294956,0.002435663848412601,1.8832826160708942e-06,8.081486552547167e-07,4.26490649654444e-06
10049,power_bispectrum_range09_11,true,unpaired_variance,1.0,10000,0.47180006530498136,4802,0,3.968469904385928e-09,1.3701860463293842e-10,8.625008783074945e-08,3.7386950851545868e-28,7.95065497746997e-31,1.3103044327712809e-25
10049,power_bispectrum_range09_11,true,unpaired_variance,1.0,100000,0.47180006530498136,47442,0,1.2067724131447116e-48,3.174429096425019e-60,2.444372173595475e-38,1.1906657762399878e-210,1.8610748318844223e-234,3.9571645734165156e-188
10049,power_bispectrum_range09_11,true,cvar_dkw,1.01,1000,0.4785593290412974,506,5,0.0003014467920340841,0.00015775093552101746,0.0005602270855286641,2.017205687566035e-07,8.036922236754204e-08,4.919264306929148e-07
10049,power_bispectrum_range09_11,true,cvar_dkw,1.01,10000,0.4785593290412974,4869,45,5.721519618400912e-13,9.658270432696581e-15,2.536965391186317e-11,5.571518627389784e-35,5.711041659561995e-38,4.0479409476758593e-32
10049,power_bispectrum_range09_11,true,cvar_dkw,1.01,100000,0.4785593290412974,48118,451,6.349921201146762e-80,1.0820826824881097e-94,1.971018902895802e-66,2.2518485139478606e-272,2.1366986214028145e-299,1.228299893119112e-246
10049,power_bispectrum_range09_11,true,cvar_split,1.01,1000,0.47372267334757945,501,0,0.0009232070360437353,0.0005085084667610293,0.0016305343153437959,1.0141570587605539e-06,4.2607655386645293e-07,2.345676850718442e-06
10049,power_bispectrum_range09_11,true,cvar_split,1.01,10000,0.47372267334757945,4821,-3,3.862940967678828e-10,1.0893879511343736e-11,1.0270135823364733e-08,5.1940232403602885e-30,8.981664190610625e-33,2.238126388689312e-27
10049,power_bispectrum_range09_11,true,cvar_split,1.01,100000,0.47372267334757945,47635,-32,9.116181243267749e-57,2.951490582701831e-69,1.4964814283934514e-45,1.837492004853009e-227,3.466372949104833e-252,5.0544618879977234e-204
10049,power_bispectrum_range09_11,true,mean_only,1.01,1000,0.47641023632780943,504,3,0.00047701357567496916,0.00025480610231928813,0.0008685804718684643,3.8933796422126644e-07,1.584503356988501e-07,9.29547104895639e-07
10049,power_bispectrum_range09_11,true,mean_only,1.01,10000,0.47641023632780943,4848,24,1.105807472384165e-11,2.3372549888005014e-13,3.918623409475102e-10,9.313149120486904e-33,1.2001281790190748e-35,5.383504206256799e-30
10049,power_bispectrum_range09_11,true,mean_only,1.01,100000,0.47641023632780943,47903,236,4.078642739869102e-69,7.188325331686121e-83,1.2264438562278272e-56,7.00197719963269e-252,7.007835312333055e-278,3.6251252019201055e-227
10049,power_bispectrum_range09_11,true,unpaired_variance,1.01,1000,0.4765180659580312,504,3,0.00047701357567496916,0.00025480610231928813,0.0008685804718684643,3.8933796422126644e-07,1.584503356988501e-07,9.29547104895639e-07
10049,power_bispectrum_range09_11,true,unpaired_variance,1.01,10000,0.4765180659580312,4849,25,9.64137032263624e-12,2.0161375159187469e-13,3.4532116612311773e-10,7.327578501349337e-33,9.340275388557642e-36,4.282092971455615e-30
10049,power_bispectrum_range09_11,true,unpaired_variance,1.01,100000,0.4765180659580312,47914,247,1.1940562907148115e-69,1.8673933009940097e-83,4.045873339496408e-57,6.550347642364549e-253,5.811408462674242e-279,3.8254909464219526e-228
10049,power_bispectrum_range09_11,true,cvar_dkw,1.1,1000,0.4880315744708887,515,9,3.169828874046985e-05,1.5112950631027512e-05,6.463573832049928e-05,8.635710191292909e-09,3.1259147641872546e-09,2.3175189428144782e-08
10049,power_bispectrum_range09_11,true,cvar_dkw,1.1,10000,0.4880315744708887,4964,91,9.925906634682279e-20,6.034432015182424e-22,1.219472252115901e-17,5.458769747180511e-46,1.9850652859180627e-49,1.1169533343477279e-42
10049,power_bispectrum_range09_11,true,cvar_dkw,1.1,100000,0.4880315744708887,49066,914,3.839976274628295e-137,2.1807905031614162e-156,3.554611584816068e-119,0.0,0.0,0.0
10049,power_bispectrum_range09_11,true,cvar_split,1.1,1000,0.48315155921585473,510,4,0.00011506119017517475,5.777940519627724e-05,0.00022280265026982467,5.16907879312366e-08,1.9736202297875643e-08,1.3152618542923823e-07
10049,power_bispectrum_range09_11,true,cvar_split,1.1,10000,0.48315155921585473,4915,42,4.75254250052149e-16,4.896376081824991e-18,3.448716092914844e-14,4.074730471287961e-40,2.5292862505409817e-43,4.886599947057747e-37
10049,power_bispectrum_range09_11,true,cvar_split,1.1,100000,0.48315155921585473,48578,426,9.679541620056454e-106,1.1102804871450767e-122,4.448841578304177e-90,6.44716e-319,0.0,5.424707510852608e-291
10049,power_bispectrum_range09_11,true,mean_only,1.1,1000,0.5188626336243469,546,40,1.2472833880663922e-09,4.289073016684478e-10,3.5236302172948285e-09,1.476014281918944e-14,3.828647052779847e-15,5.5250801434828334e-14
10049,power_bispectrum_range09_11,true,mean_only,1.1,10000,0.5188626336243469,5272,399,2.4770707124517812e-52,5.3707704329101705e-56,8.507361264494943e-49,2.019866061848047e-92,2.534379634412111e-97,1.1953301363389107e-87
10049,power_bispectrum_range09_11,true,mean_only,1.1,100000,0.5188626336243469,52149,3997,0.0,0.0,0.0,0.0,0.0,0.0
10049,power_bispectrum_range09_11,true,unpaired_variance,1.1,1000,0.49222301214399256,519,13,1.055132728553107e-05,4.825065096601251e-06,2.242859205223681e-05,1.923808529902933e-09,6.672081654392451e-10,5.388077220000621e-09
10049,power_bispectrum_range09_11,true,unpaired_variance,1.1,10000,0.49222301214399256,5006,133,3.26766462463434e-23,1.2628214185305862e-25,6.311336678603329e-21,2.358991550925784e-51,5.423087767422572e-55,7.632730375328073e-48
10049,power_bispectrum_range09_11,true,unpaired_variance,1.1,100000,0.49222301214399256,49485,1333,2.118319680328316e-167,1.2596909390383004e-188,1.8688529141115136e-147,0.0,0.0,0.0
10049,power_bispectrum_range09_11,true,cvar_dkw,2.0,1000,0.5307095988658711,558,37,8.958932182401126e-12,2.7106443376742176e-12,2.8760010325697253e-11,3.115210627674715e-17,7.097178292814555e-18,1.3275047998018497e-16
10049,power_bispectrum_range09_11,true,cvar_dkw,2.0,10000,0.5307095988658711,5391,365,2.5007816994347325e-69,1.4895624615270126e-73,3.12438805360229e-65,9.024897020085947e-115,3.0789400728798877e-120,1.9629501530146978e-109
10049,power_bispectrum_range09_11,true,cvar_dkw,2.0,100000,0.5307095988658711,53333,3647,0.0,0.0,0.0,0.0,0.0,0.0
10049,power_bispectrum_range09_11,true,cvar_split,2.0,1000,0.5223424497004109,549,28,3.830099162766566e-10,1.2756658971890778e-10,1.117085027674769e-09,3.3384003277749523e-15,8.383344348967399e-16,1.2907661372216048e-14
10049,power_bispectrum_range09_11,true,cvar_split,2.0,10000,0.5223424497004109,5307,281,4.4734166446589605e-57,6.6338134300048e-61,2.2458505124183356e-53,9.72102802377457e-99,8.316449724105926e-104,8.435559586185443e-94
10049,power_bispectrum_range09_11,true,cvar_split,2.0,100000,0.5223424497004109,52497,2811,0.0,0.0,0.0,0.0,0.0,0.0
10049,power_bispectrum_range09_11,true,mean_only,2.0,1000,0.9433866065897216,956,435,2.8656282126375674e-265,1.1557785489507063e-267,6.889338777706994e-263,1.2917470524526497e-288,3.798195006058131e-291,4.255979275878167e-286
10049,power_bispectrum_range09_11,true,mean_only,2.0,10000,0.9433866065897216,9473,4447,0.0,0.0,0.0,0.0,0.0,0.0
10049,power_bispectrum_range09_11,true,mean_only,2.0,100000,0.9433866065897216,94460,44774,0.0,0.0,0.0,0.0,0.0,0.0
10049,power_bispectrum_range09_11,true,unpaired_variance,2.0,1000,0.5363830938487928,563,42,9.678713528634858e-13,2.7759201453781677e-13,3.2775635574734767e-12,2.0180251445285085e-18,4.355170537489391e-19,9.07766055668062e-18
10049,power_bispectrum_range09_11,true,unpaired_variance,2.0,10000,0.5363830938487928,5447,421,3.5232971287222273e-78,1.1421100870050397e-82,8.086236084194404e-74,3.833730119323346e-126,7.08502944663982e-132,1.5388547964456472e-120
10049,power_bispectrum_range09_11,true,unpaired_variance,2.0,100000,0.5363830938487928,53900,4214,0.0,0.0,0.0,0.0,0.0,0.0
10049,power_bispectrum_range09_11,true,cvar_dkw,5.0,1000,0.5828599404034467,610,66,5.726747449790784e-24,9.906626852571278e-25,3.213975961271433e-23,9.543124560796159e-32,1.2357964572664547e-32,7.151569019879252e-31
10049,power_bispectrum_range09_11,true,cvar_dkw,5.0,10000,0.5828599404034467,5911,661,9.948339027245655e-173,2.0744690929836316e-179,3.543033046104549e-166,1.3556293052895768e-241,1.554816125156392e-249,8.747863276855059e-234
10049,power_bispectrum_range09_11,true,cvar_dkw,5.0,100000,0.5828599404034467,58545,6616,0.0,0.0,0.0,0.0,0.0,0.0
10049,power_bispectrum_range09_11,true,cvar_split,5.0,1000,0.5628852596425538,590,46,1.0320901034587078e-18,2.2150671098133135e-19,4.669397235964897e-18,1.347861680543012e-25,2.169839389941826e-26,8.126268614021602e-25
10049,power_bispectrum_range09_11,true,cvar_split,5.0,10000,0.5628852596425538,5712,462,1.624552918881608e-127,2.952548904365098e-133,6.6428835663283e-122,2.0531357812881096e-187,2.0834179770038616e-194,1.4989026550087623e-180
10049,power_bispectrum_range09_11,true,cvar_split,5.0,100000,0.5628852596425538,56549,4620,0.0,0.0,0.0,0.0,0.0,0.0
10049,power_bispectrum_range09_11,true,mean_only,5.0,1000,1.0,1001,457,0.0,0.0,0.0,0.0,0.0,0.0
10049,power_bispectrum_range09_11,true,mean_only,5.0,10000,1.0,10001,4751,0.0,0.0,0.0,0.0,0.0,0.0
10049,power_bispectrum_range09_11,true,mean_only,5.0,100000,1.0,100001,48072,0.0,0.0,0.0,0.0,0.0,0.0
10049,power_bispectrum_range09_11,true,unpaired_variance,5.0,1000,0.6009661223926043,628,84,2.5675608560706467e-29,3.656547163440509e-30,1.7501595691072449e-28,6.685721128338766e-38,7.115632517723691e-39,6.095374074779239e-37
10049,power_bispectrum_range09_11,true,unpaired_variance,5.0,10000,0.6009661223926043,6092,842,5.0594262050067506e-220,1.4713355853005052e-227,1.2912554995993083e-212,4.787305265054785e-297,7.555708445423014e-306,2.2430419883023303e-288
10049,power_bispectrum_range09_11,true,unpaired_variance,5.0,100000,0.6009661223926043,60354,8425,0.0,0.0,0.0,0.0,0.0,0.0
10049,power_bispectrum_range09_11,removed,cvar_dkw,1.0,1000,0.4464369616132215,473,5,0.09003500797921034,0.06523809758706364,0.12123339455015754,0.0014652368186287043,0.0008245060413256955,0.0025332704223072116
10049,power_bispectrum_range09_11,removed,cvar_dkw,1.0,10000,0.4464369616132215,4548,57,0.24991921725233956,0.11180480928848519,0.4473117729372469,2.673964685287158e-09,8.881992130300473e-11,6.03723153272128e-08
10049,power_bispectrum_range09_11,removed,cvar_dkw,1.0,100000,0.4464369616132215,44905,570,0.9321873332276464,0.4122530201443616,0.9993281518437992,5.303687050135622e-50,9.496527697734787e-62,1.571821481043669e-39
10049,power_bispectrum_range09_11,removed,cvar_split,1.0,1000,0.44142884972237584,468,0,0.15303743855833107,0.11601731923664749,0.19715116150017575,0.00393740928538705,0.0023311405742099146,0.006472407119764621
10049,power_bispectrum_range09_11,removed,cvar_split,1.0,10000,0.44142884972237584,4497,6,0.6368292855620001,0.42384621035065534,0.8138323197557763,7.573388003764735e-07,4.334624378116544e-08,9.95433260469119e-06
10049,power_bispectrum_range09_11,removed,cvar_split,1.0,100000,0.44142884972237584,44404,69,0.9999985520451982,0.9984847710193098,0.9999999999179653,1.4578166262884848e-31,6.179488324094785e-41,1.843632317158432e-23
10049,power_bispectrum_range09_11,removed,mean_only,1.0,1000,0.44063566424937073,468,0,0.15303743855833107,0.11601731923664749,0.19715116150017575,0.00393740928538705,0.0023311405742099146,0.006472407119764621
10049,power_bispectrum_range09_11,removed,mean_only,1.0,10000,0.44063566424937073,4490,-1,0.688180892836798,0.47952985314461855,0.8491481214105441,1.5184224894475022e-06,9.360720038733461e-08,1.853939629813783e-05
10049,power_bispectrum_range09_11,removed,mean_only,1.0,100000,0.44063566424937073,44324,-11,0.9999998931385833,0.9997432845974019,0.9999999999974092,5.035491420981188e-29,5.103280378263983e-38,2.6695460790659013e-21
10049,power_bispectrum_range09_11,removed,unpaired_variance,1.0,1000,0.4407418485098213,468,0,0.15303743855833107,0.11601731923664749,0.19715116150017575,0.00393740928538705,0.0023311405742099146,0.006472407119764621
10049,power_bispectrum_range09_11,removed,unpaired_variance,1.0,10000,0.4407418485098213,4491,0,0.6810365060313606,0.4715243073489839,0.8443955861206367,1.3763936360745455e-06,8.3956534353076e-08,1.6983049741610116e-05
10049,power_bispectrum_range09_11,removed,unpaired_variance,1.0,100000,0.4407418485098213,44335,0,0.9999998447894826,0.9996675479700547,0.9999999999957703,2.28901056424275e-29,2.0578587440159662e-38,1.3675451568608814e-21
10049,power_bispectrum_range09_11,removed,cvar_dkw,1.01,1000,0.4478288779573787,475,5,0.07114474210272119,0.050604221184988564,0.09755578103726077,0.0009613818549969832,0.0005300131950198758,0.0016963320615046402
10049,power_bispectrum_range09_11,removed,cvar_dkw,1.01,10000,0.4478288779573787,4562,50,0.16955388915742964,0.06703808837714606,0.3395854011202552,4.747700096059547e-10,1.357202985309236e-11,1.2447348470191704e-08
10049,power_bispectrum_range09_11,removed,cvar_dkw,1.01,100000,0.4478288779573787,45044,492,0.7286687495541802,0.13449231551983548,0.9899143599199064,6.783293018732199e-56,2.6601656006435164e-68,9.16018376738566e-45
10049,power_bispectrum_range09_11,removed,cvar_split,1.01,1000,0.4429208409469413,470,0,0.12500415021426867,0.09308587132610459,0.16387417587938266,0.0026810892378301013,0.0015555027674617108,0.004496764701122969
10049,power_bispectrum_range09_11,removed,cvar_split,1.01,10000,0.4429208409469413,4512,0,0.5193537337112158,0.3108004392343367,0.72263784463488,1.5994620799685228e-07,7.804684865992175e-09,2.4632986474034478e-06
10049,power_bispectrum_range09_11,removed,cvar_split,1.01,100000,0.4429208409469413,44553,1,0.9999043976553327,0.978138925364214,0.9999999739739563,1.3741645649783567e-36,1.1474715258774385e-46,8.789774234520049e-28
10049,power_bispectrum_range09_11,removed,mean_only,1.01,1000,0.44504202089186445,472,2,0.10077609559040389,0.07369391900883115,0.13448141087846108,0.0017988195736826022,0.0010226045758336075,0.0030786173997983182
10049,power_bispectrum_range09_11,removed,mean_only,1.01,10000,0.44504202089186445,4534,22,0.3469715938653289,0.17471322401103664,0.5591169629261425,1.3943473576904813e-08,5.380143260545599e-10,2.712060240825152e-07
10049,power_bispectrum_range09_11,removed,mean_only,1.01,100000,0.44504202089186445,44765,213,0.9913974702334155,0.7480689961019317,0.9999790128434751,2.083596632079583e-44,1.7209538773319845e-55,1.341763102617961e-34
10049,power_bispectrum_range09_11,removed,unpaired_variance,1.01,1000,0.4451492669949195,472,2,0.10077609559040389,0.07369391900883115,0.13448141087846108,0.0017988195736826022,0.0010226045758336075,0.0030786173997983182
10049,power_bispectrum_range09_11,removed,unpaired_variance,1.01,10000,0.4451492669949195,4535,23,0.33958377599825074,0.16958772712089545,0.5511804771093025,1.2423662197295198e-08,4.742739161617899e-10,2.442292079654972e-07
10049,power_bispectrum_range09_11,removed,unpaired_variance,1.01,100000,0.4451492669949195,44776,224,0.9896210773877869,0.7252390236752544,0.9999716827094758,7.792301389882327e-45,5.707741225238369e-56,5.657192976820753e-35
10049,power_bispectrum_range09_11,removed,cvar_dkw,1.1,1000,0.45722101029439705,484,9,0.020796209951345818,0.01357502939436516,0.03103526579831161,0.00011986909226841718,6.021207233067163e-05,0.0002320247118722346
10049,power_bispectrum_range09_11,removed,cvar_dkw,1.1,10000,0.45722101029439705,4656,97,0.002236569401622704,0.000355492408733118,0.01072178680874252,5.841965578896827e-16,6.061859028169374e-18,4.2067093670299955e-14
10049,power_bispectrum_range09_11,removed,cvar_dkw,1.1,100000,0.45722101029439705,45984,962,4.120164178808462e-08,7.364943004397755e-13,0.00013295316192125462,1.3184279359036965e-104,1.7717544137367705e-121,5.14563101742594e-89
10049,power_bispectrum_range09_11,removed,cvar_split,1.1,1000,0.452201076740923,479,4,0.042642348929610926,0.029208739437248638,0.060682729846386445,0.00039571114057992556,0.00020935308660420724,0.0007274203466911855
10049,power_bispectrum_range09_11,removed,cvar_split,1.1,10000,0.452201076740923,4605,46,0.03443448961451472,0.009095383465285548,0.10083568993619622,1.4492591347549116e-12,2.6086938492623754e-14,6.02445478222196e-11
10049,power_bispectrum_range09_11,removed,cvar_split,1.1,100000,0.452201076740923,45482,460,0.014848635568445484,5.037217538362274e-05,0.3230194952835677,1.1320387903323993e-76,3.695441386233288e-91,1.8270326361146934e-63
10049,power_bispectrum_range09_11,removed,mean_only,1.1,1000,0.48469923067430787,512,37,6.949043481945014e-05,3.418012387689086e-05,0.00013736507934054257,2.5564263559731317e-08,9.554824633528293e-09,6.644689291703954e-08
10049,power_bispectrum_range09_11,removed,mean_only,1.1,10000,0.48469923067430787,4931,372,3.315247385335448e-17,2.8755911160080457e-19,2.8565244505972704e-15,5.470291980258688e-42,2.8516781106017645e-45,7.810240313986058e-39
10049,power_bispectrum_range09_11,removed,mean_only,1.1,100000,0.48469923067430787,48732,3710,3.3308659708073216e-115,7.15738869684107e-133,8.164272515303585e-99,0.0,0.0,1.1579554666647756e-306
10049,power_bispectrum_range09_11,removed,unpaired_variance,1.1,1000,0.4610190995166798,488,13,0.01098432566297869,0.006894429804835043,0.01704112205067798,4.306914744347202e-05,2.074967970018926e-05,8.690641717603452e-05
10049,power_bispectrum_range09_11,removed,unpaired_variance,1.1,10000,0.4610190995166798,4694,135,0.00015612276143084927,1.679656805291739e-05,0.0010986488364439207,8.839720360972857e-19,6.077599067900325e-21,9.598801962757744e-17
10049,power_bispectrum_range09_11,removed,unpaired_variance,1.1,100000,0.4610190995166798,46364,1342,3.815678948142295e-15,1.1644671829076565e-21,6.898615617483591e-10,1.1242508886688588e-128,2.3581774261424307e-147,2.8031181019409775e-111
10049,power_bispectrum_range09_11,removed,cvar_dkw,2.0,1000,0.4997311911934591,527,37,9.722684894570013e-07,4.088290846093238e-07,2.247097376035207e-06,7.914254910548639e-11,2.5191443098314993e-11,2.4147942724570835e-10
10049,power_bispectrum_range09_11,removed,cvar_dkw,2.0,10000,0.4997311911934591,5081,373,3.470495926955586e-30,5.9628633692777986e-33,1.5063599986414923e-27,1.082741627266841e-61,1.0969574096856163e-65,7.94502882213977e-58
10049,power_bispectrum_range09_11,removed,cvar_dkw,2.0,100000,0.4997311911934591,50236,3728,2.944324676360261e-229,4.935022374037294e-254,9.18654746254033e-206,0.0,0.0,0.0
10049,power_bispectrum_range09_11,removed,cvar_split,2.0,1000,0.490906936777521,518,28,1.3971158748607718e-05,6.4560206916983985e-06,2.9390373938422688e-05,2.8166788276910823e-09,9.873815665309453e-10,7.804931065774011e-09
10049,power_bispectrum_range09_11,removed,cvar_split,2.0,10000,0.490906936777521,4993,285,4.212761147402935e-22,1.8733022844773034e-24,7.07285610493151e-20,1.1633817742286901e-49,3.082459516123371e-53,3.2663678809933963e-46
10049,power_bispectrum_range09_11,removed,cvar_split,2.0,100000,0.490906936777521,49353,2845,1.5385120922532185e-157,3.847721807242744e-178,3.2294142677555395e-138,0.0,0.0,0.0
10049,power_bispectrum_range09_11,removed,mean_only,2.0,1000,0.8812713284987415,899,409,8.079607260186386e-197,6.060019199928646e-199,1.044703820653482e-194,1.3500659119947515e-217,7.41246181292487e-220,2.3827670844284457e-215
10049,power_bispectrum_range09_11,removed,mean_only,2.0,10000,0.8812713284987415,8867,4159,0.0,0.0,0.0,0.0,0.0,0.0
10049,power_bispectrum_range09_11,removed,mean_only,2.0,100000,0.8812713284987415,88297,41789,0.0,0.0,0.0,0.0,0.0,0.0
10049,power_bispectrum_range09_11,removed,unpaired_variance,2.0,1000,0.5048641463784367,532,42,1.9321369965922088e-07,7.707285591175945e-08,4.7066679263214273e-07,9.483179736961426e-12,2.8605840596161602e-12,3.0530505480102204e-11
10049,power_bispectrum_range09_11,removed,unpaired_variance,2.0,10000,0.5048641463784367,5132,424,1.7546305924043582e-35,1.735753958154797e-38,1.322133829445194e-32,2.807533794992391e-69,1.6288503297981473e-73,3.5962959419939606e-65
10049,power_bispectrum_range09_11,removed,unpaired_variance,2.0,100000,0.5048641463784367,50749,4241,3.8754606893343526e-277,2.438499518121845e-304,3.2147408924031304e-251,0.0,0.0,0.0
10049,power_bispectrum_range09_11,removed,cvar_dkw,5.0,1000,0.5527586058232468,580,69,2.3699673795679666e-16,5.664103951387936e-17,9.629458907443032e-16,8.648089583322095e-23,1.5520253037577968e-23,4.677387446582432e-22
10049,power_bispectrum_range09_11,removed,cvar_dkw,5.0,10000,0.5527586058232468,5611,685,2.954286471137175e-107,1.6105469979851945e-112,4.028888231831739e-102,1.324383941778883e-162,4.062707393841464e-169,3.1999522261485083e-156
10049,power_bispectrum_range09_11,removed,cvar_dkw,5.0,100000,0.5527586058232468,55537,6856,0.0,0.0,0.0,0.0,0.0,0.0
10049,power_bispectrum_range09_11,removed,cvar_split,5.0,1000,0.5311200791225617,558,47,8.958932182401126e-12,2.7106443376742176e-12,2.8760010325697253e-11,3.115210627674715e-17,7.097178292814555e-18,1.3275047998018497e-16
10049,power_bispectrum_range09_11,removed,cvar_split,5.0,10000,0.5311200791225617,5395,469,6.08116285244529e-70,3.4681632697055246e-74,7.934823293486333e-66,1.4498566636882546e-115,4.734438559810708e-121,3.294566457835325e-110
10049,power_bispectrum_range09_11,removed,cvar_split,5.0,100000,0.5311200791225617,53374,4693,0.0,0.0,0.0,0.0,0.0,0.0
10049,power_bispectrum_range09_11,removed,mean_only,5.0,1000,1.0,1001,490,0.0,0.0,0.0,0.0,0.0,0.0
10049,power_bispectrum_range09_11,removed,mean_only,5.0,10000,1.0,10001,5075,0.0,0.0,0.0,0.0,0.0,0.0
10049,power_bispectrum_range09_11,removed,mean_only,5.0,100000,1.0,100001,51320,0.0,0.0,0.0,0.0,0.0,0.0
10049,power_bispectrum_range09_11,removed,unpaired_variance,5.0,1000,0.5689864442470522,596,85,3.2514217796928144e-20,6.54144762103955e-21,1.5691547837804792e-19,2.2906875281178232e-27,3.454676236043802e-28,1.4741218043095285e-26
10049,power_bispectrum_range09_11,removed,unpaired_variance,5.0,10000,0.5689864442470522,5773,847,1.2610515987477586e-140,1.1803367377859793e-146,1.0010353110676591e-134,2.84434614629193e-203,1.4795704465445715e-210,4.049626785092105e-196
10049,power_bispectrum_range09_11,removed,unpaired_variance,5.0,100000,0.5689864442470522,57159,8478,0.0,0.0,0.0,0.0,0.0,0.0
