dataset,target,degrees,source_fit,certificate_seed,sharp_joint_width,pilot_width,feasible_over_upper,minimum_reference_power
10049,center,0.5,pose-aware-optimized-shift05,1614606,0.1938886171028954,0.174759520367582,0.8025572321546418,0.09959864905015653
10049,center,1.0,pose-aware-optimized-shift05,1614611,0.29065248385963793,0.2551548336812055,0.6301885226064069,4.382014458651724e-09
10028,center,0.5,pose-aware-optimized-shift05-bounded,301612506,0.12361414303322747,0.11025768767546205,0.8639442818979246,0.9999999999998996
10028,center,1.0,pose-aware-optimized-shift05-bounded,301612511,0.1885871853789754,0.16209242053734169,0.6383654272011523,0.00472442404902591
10028,center,2.0,pose-aware-optimized-shift05-bounded,301612521,0.49464473930463626,0.43581141528426726,0.2735186191793971,0.0
10049,center,2.0,pose-aware-optimized-shift05-cpu,101614621,0.6469637477727656,0.568448077809836,0.3132426832195599,9.869787745695064e-114
10049,contrast,0.5,pose-aware-optimized-shift05-cpu,111614606,0.22524945938854124,0.20601269734217884,0.8283553997949336,3.356976617938518e-26
10049,contrast,1.0,pose-aware-optimized-shift05-cpu,111614611,0.32708393262737623,0.29264829714305934,0.6681303363902368,1.2305667556684857e-63
10049,contrast,2.0,pose-aware-optimized-shift05-cpu,111614621,0.7152631697323968,0.6332506090848407,0.3347282839434861,0.0
10076,center,0.5,pose-aware-optimized-shift05-cpu,101617306,0.13829594819602048,0.12658589192147673,0.8654879975711368,0.9970072509098019
10076,center,1.0,pose-aware-optimized-shift05-cpu,101617311,0.20184783849045929,0.17865962316752787,0.6373885929911588,0.21392579808640172
10076,center,2.0,pose-aware-optimized-shift05-cpu,101617321,0.47214489048977587,0.4272026508099568,0.3601719621540261,3.26939128020718e-72
10076,contrast,0.5,pose-aware-optimized-shift05-cpu,111617306,0.16635435876824695,0.1517172509138358,0.8661484054345129,6.948392824008329e-20
10076,contrast,1.0,pose-aware-optimized-shift05-cpu,111617311,0.24516018295258016,0.21399893377252474,0.6499728230911259,7.234300350885727e-41
10076,contrast,2.0,pose-aware-optimized-shift05-cpu,111617321,0.5781143046605327,0.5123739652199824,0.32264446714268696,8.493018532010095e-238
10049,center,2.0,pose-exchange-adaptive-average,610151,0.5568645759965646,0.5101553107412241,0.6666468105576924,4.896375904156325e-122
10049,center,2.0,pose-exchange-conic-duals,609961,0.5716243270705749,0.5116445033156272,0.63552710576623,4.0140802192564e-109
10049,center,2.0,pose-exchange-sharp-continued,610231,0.5475033129229964,0.5026430544437308,0.6300841154743057,9.322472832522796e-119
