dataset,deletion,state,bank_rms,bank_mean_difference,bank_correlation,score_sd_bank0,bank0_last_doubling_rms,bank1_last_doubling_rms
10028,0.1,0,0.028654637512456407,-9.550774113632038e-05,0.9507161783185081,0.09111925150525846,0.024607006361517733,0.024544555461650415
10028,0.1,1,0.028623612944918615,-9.110493504970113e-05,0.9508203501218468,0.0911259561481777,0.024609274814621468,0.024498998339172934
10028,0.25,0,0.07166016992135059,-0.00024967368849612964,0.9506876114795494,0.2277907973024521,0.061572770337367896,0.06152272817466204
10028,0.25,1,0.07147739625348734,-0.00022219186547802784,0.9509340925911196,0.2278344935577744,0.06160360466835394,0.06123343789454486
10028,0.5,0,0.14336523363530948,-0.0005266473547468546,0.9506640516625318,0.4555707228240867,0.12337620843812423,0.12360759899282626
10028,0.5,1,0.14272435462446476,-0.0004183593617639869,0.9510995097884177,0.4557583855030603,0.12361016180026632,0.12242781859317503
10028,1.0,0,0.28668878816903043,-0.0011146108822319947,0.9506979129473379,0.9111912120850085,0.24797045569404624,0.24936009204686507
10028,1.0,1,0.2847978652142645,-0.0007137011854939177,0.9513539398058666,0.9120243194956511,0.24899864425410023,0.24472226573731862
10049,0.1,0,0.026446304338301984,-8.617035181385615e-05,0.970376319532368,0.10839955292132894,0.02073983032559927,0.02105599076415944
10049,0.1,1,0.026202160974028627,-0.00011195413194271038,0.970080494446366,0.10689591311375822,0.020527185381414004,0.020862967564065162
10049,0.25,0,0.06590576438111702,-0.00016760333952046188,0.9710054128182796,0.27299571694913405,0.051567984438153525,0.05231968772346345
10049,0.25,1,0.06437868652100813,-0.000310053554360831,0.9702619592888656,0.2634955660913684,0.05025778266913554,0.05112226000523069
10049,0.5,0,0.13088683693600558,-0.0001615307640211584,0.9721457333593795,0.5529914148821357,0.10181100533508991,0.1035319656538758
10049,0.5,1,0.12495569625445778,-0.0006029764176046649,0.970583351783703,0.5144231641051243,0.09674683628898133,0.09878380569436411
10049,1.0,0,0.25614135757362466,0.0004387965253027272,0.9747496258730254,1.1362110359639064,0.19704687453548844,0.20257996986239243
10049,1.0,1,0.23459663368779066,-0.0005982710097180644,0.971352279187491,0.9794713196204019,0.17791819295338038,0.1833295128525445
10076,0.1,0,0.009421046092035992,-4.547932016733987e-05,0.96244994050121,0.03439543636854549,0.006822434844138283,0.00688518177606224
10076,0.1,1,0.009387930179221944,-4.4503292786886306e-05,0.9622534671360616,0.03418420261111946,0.006794386579293583,0.006850782545087829
10076,0.25,0,0.02361260162770795,-0.0001162661066438518,0.9622073938534913,0.08593015917967785,0.017104834259088802,0.017212182006849125
10076,0.25,1,0.0234106275077429,-0.00011083417559194775,0.9617628546262923,0.0846926906055957,0.016936229437679466,0.017007091049546903
10076,0.5,0,0.04736091861211244,-0.0002436924499329481,0.9618760445348149,0.1715980152398215,0.03435067396322201,0.034379520115348984
10076,0.5,1,0.046591889620643506,-0.00022664430161632027,0.9611512443717352,0.16721111055030385,0.03372268108671694,0.03363280422066263
10076,1.0,0,0.09474560038061813,-0.0005411699420529775,0.9615267312009654,0.3416568796352909,0.06905383447014511,0.06838811541340734
10076,1.0,1,0.09209915892391143,-0.0005147720646610437,0.9607357857286517,0.3287318356482699,0.06692773041831454,0.06603581135135217
