dataset,bank,quadrature_views,deletion,null_logratio_mean,alternative_logratio_mean,signed_mean_gap,paired_gap_standard_error,null_variance,squared_separation,known_pose_twice_kl,null_ess_median,null_max_weight_q95
10028,0,4096,0.1,0.000118009607018988,0.007478963673155129,0.007360954066136141,1.8224749319548955e-05,0.009066811114286196,0.005976042081475732,0.008190660398908232,1.0063869046060203,0.9999999996641205
10028,0,4096,0.25,-0.014118730476118784,0.031866867447903596,0.04598559792402238,0.00011416029204478666,0.05667503552528209,0.03731228744420494,0.051191627493176434,1.0063869046060203,0.9999999996641205
10028,0,4096,0.5,-0.07626488316151142,0.10755857953821747,0.1838234626997289,0.00045806254345593495,0.22672404731231435,0.1490405002887547,0.20476650997270573,1.0063869046060203,0.9999999996641205
10028,0,4096,1.0,-0.34440540442933154,0.38998517951876666,0.7343905839480982,0.0018253180016436616,0.9066486653320172,0.5948605567010069,0.8190660398908229,1.0063869046060203,0.9999999996641205
10028,0,8192,0.1,-0.0011115183644680466,0.0066038959370097895,0.007715414301477836,1.1945186488516736e-05,0.008871227327364044,0.0067101896554753815,0.008190660398908232,1.018382132573048,0.9999999688889429
10028,0,8192,0.25,-0.017630988755551386,0.030585996891028932,0.04821698564658032,7.482280425209896e-05,0.05545138926209307,0.04192641042506457,0.051191627493176434,1.018382132573048,0.9999999688889429
10028,0,8192,0.5,-0.084737642956083,0.10811674558088312,0.19285438853696613,0.00030027402768614396,0.2218291853983013,0.16766421023990247,0.20476650997270573,1.018382132573048,0.9999999688889429
10028,0,8192,1.0,-0.36715465127109576,0.4041764041346322,0.771331055405728,0.0011867282001433322,0.8877501873748516,0.6701790723273557,0.8190660398908229,1.018382132573048,0.9999999688889429
10028,0,16384,0.1,-0.001855557303166165,0.006020632398609482,0.007876189701775647,8.695449951334765e-06,0.008477461810821535,0.007317563393699926,0.008190660398908232,1.0744681982333941,0.9999957057929221
10028,0,16384,0.25,-0.019616800857253876,0.029609355610011698,0.04922615646726557,5.4316675513547896e-05,0.052977485041770085,0.045740458963446994,0.051191627493176434,1.0744681982333941,0.9999957057929221
10028,0,16384,0.5,-0.0891412768684059,0.10775913838822627,0.19690041525663218,0.0002160825076963925,0.2118811762409533,0.1829788479376046,0.20476650997270573,1.0744681982333941,0.9999957057929221
10028,0,16384,1.0,-0.37782142664751744,0.4096771351999222,0.7874985618474396,0.0008452614840916286,0.8476671974361489,0.7316007824621515,0.8190660398908229,1.0744681982333941,0.9999957057929221
10028,0,32768,0.1,-0.0028410164009335485,0.005103969659626064,0.00794498606055961,7.271558570431923e-06,0.008302717994878545,0.007602667408603212,0.008190660398908232,1.230272630710596,0.9998032017169585
10028,0,32768,0.25,-0.02212400814852068,0.027531994769444335,0.049656002917965014,4.536293183581476e-05,0.05188864733568682,0.04751942385079545,0.051191627493176434,1.230272630710596,0.9998032017169585
10028,0,32768,0.5,-0.09431836252471329,0.10430301821540622,0.1986213807401195,0.00018087271535145242,0.20754468349446084,0.19008173190889954,0.20476650997270573,1.230272630710596,0.9998032017169585
10028,0,32768,1.0,-0.38889184934499305,0.40554907949276686,0.7944409288377601,0.0007171051701183488,0.830269424980947,0.7601585345950639,0.8190660398908229,1.230272630710596,0.9998032017169585
10028,1,4096,0.1,0.0002778116510762307,0.007621571036757779,0.0073437593856815475,1.8398236478865636e-05,0.009033261461698965,0.005970246974855368,0.008190660398908232,1.007274124213915,0.999999999201646
10028,1,4096,0.25,-0.013758780776463666,0.03212593962439474,0.04588472040085841,0.00011494557364192464,0.05647478857477707,0.03728048602567545,0.051191627493176434,1.007274124213915,0.999999999201646
10028,1,4096,0.5,-0.07563999568324362,0.10781100326245693,0.18345099894570058,0.0004585085453763052,0.2259756122541173,0.1489287657126914,0.20476650997270573,1.007274124213915,0.999999999201646
10028,1,4096,1.0,-0.34322557473151666,0.38984911605898737,0.733074690790504,0.001821147574964528,0.9044566655773278,0.5941672196473491,0.8190660398908229,1.007274124213915,0.999999999201646
10028,1,8192,0.1,-0.0012656029790100852,0.0064556443460250645,0.00772124732503515,1.1628027158670765e-05,0.00875781491990462,0.006807366997316238,0.008190660398908232,1.0190405210778142,0.999999963570168
10028,1,8192,0.25,-0.01804084424342816,0.030210318794385356,0.048251163037813516,7.276627791758528e-05,0.054731175135966904,0.042538365542450926,0.051191627493176434,1.0190405210778142,0.999999963570168
10028,1,8192,0.5,-0.08566464831830481,0.10730382983334458,0.1929684781516494,0.00029099233718899174,0.2188963884819605,0.17011168534300564,0.20476650997270573,1.0190405210778142,0.999999963570168
10028,1,8192,1.0,-0.36954723616010915,0.40215227178105994,0.771699507941169,0.001156404031728804,0.875474871347114,0.6802252697902128,0.8190660398908229,1.0190405210778142,0.999999963570168
10028,1,16384,0.1,-0.0022430188415292463,0.005630634146909868,0.007873652988439114,8.476658343366015e-06,0.008564424181526952,0.007238596555746869,0.008190660398908232,1.0690816877434006,0.9999950226116439
10028,1,16384,0.25,-0.020568911163666895,0.028639405838614594,0.04920831700228149,5.275473062554088e-05,0.053540281606387526,0.04522685330642971,0.051191627493176434,1.0690816877434006,0.9999950226116439
10028,1,16384,0.5,-0.09101567751672746,0.10580018510858592,0.19681586262531336,0.00021025419309963746,0.21423897412223156,0.18080969599324898,0.20476650997270573,1.0690816877434006,0.9999950226116439
10028,1,16384,1.0,-0.38158804226068466,0.40550748689983607,0.7870955291605208,0.0008378720223708183,0.8576142006079255,0.7223753659691384,0.8190660398908229,1.0690816877434006,0.9999950226116439
10028,1,32768,0.1,-0.002745508659797228,0.005195074594675764,0.007940583254472992,7.5357131165657115e-06,0.008357777218099827,0.007544214301939986,0.008190660398908232,1.2262545189176222,0.9997926436550151
10028,1,32768,0.25,-0.021874334460024552,0.02775418663492236,0.04962852109494691,4.6722945722101296e-05,0.05224663592055243,0.047141601802207445,0.051191627493176434,1.2262545189176222,0.9997926436550151
10028,1,32768,0.5,-0.09379171516996643,0.1047213775771702,0.19851309274713663,0.00018499054696661843,0.2090527072402616,0.18850484412403615,0.20476650997270573,1.2262545189176222,0.9997926436550151
10028,1,32768,1.0,-0.387777238462761,0.4062627806782608,0.794040019141022,0.0007300743424411585,0.8367451026480979,0.7535144812943565,0.8190660398908229,1.2262545189176222,0.9997926436550151
10049,0,4096,0.1,0.005047387125744346,0.015862271593856947,0.0108148844681126,5.471620733255638e-05,0.012277943528058137,0.009526165826657915,0.014955551538409894,2.7337307489853107,0.9720762154739536
10049,0,4096,0.25,-0.00844605499779567,0.05869930778285714,0.0671453627806528,0.00033958788452010964,0.07775111653157227,0.05798630224319307,0.09347219711506181,2.7337307489853107,0.9720762154739536
10049,0,4096,0.5,-0.08705194953486388,0.17830634600315923,0.26535829553802315,0.0013341892992040272,0.31803474605294424,0.2214067044080857,0.37388878846024726,2.7337307489853107,0.9720762154739536
10049,0,4096,1.0,-0.45240478209829194,0.5794388950796691,1.031843677177961,0.005069306024631636,1.3312633792621662,0.7997676423144998,1.495555153840989,2.7337307489853107,0.9720762154739536
10049,0,8192,0.1,0.0006416370927496291,0.0118064601856393,0.01116482309288967,5.261648393779332e-05,0.012146156204766055,0.010262775531127248,0.014955551538409894,3.5743395424736795,0.9270874088062762
10049,0,8192,0.25,-0.01987504534051847,0.04945784022652659,0.06933288556704506,0.00032750091147441715,0.07697161815081291,0.06245222767220982,0.09347219711506181,3.5743395424736795,0.9270874088062762
10049,0,8192,0.5,-0.11131569787001132,0.1627497663140274,0.2740654641840387,0.0012936962681166534,0.31520620941328714,0.23829441303908006,0.37388878846024726,3.5743395424736795,0.9270874088062762
10049,0,8192,1.0,-0.5065269174976255,0.5592736936737273,1.0658006111713527,0.00497444530800825,1.3227159700351614,0.8587867452322608,1.495555153840989,3.5743395424736795,0.9270874088062762
10049,0,16384,0.1,-0.003143845578004717,0.008240539967703237,0.011384385545707953,5.175400027350299e-05,0.011934891535970087,0.01085927206482901,0.014955551538409894,4.98634109163711,0.841098011904486
10049,0,16384,0.25,-0.029556553069865238,0.04114215755187095,0.07069871062173619,0.00032263989752424996,0.07569496394699125,0.06603223547442706,0.09347219711506181,4.98634109163711,0.841098011904486
10049,0,16384,0.5,-0.13136459126310657,0.14810638506279286,0.2794709763258994,0.001278953762437983,0.310408039222903,0.25161728028720665,0.37388878846024726,4.98634109163711,0.841098011904486
10049,0,16384,1.0,-0.5490922220655386,0.537655603232627,1.0867478252981655,0.004947663833007356,1.3070151947069935,0.9036014581720706,1.495555153840989,4.98634109163711,0.841098011904486
10049,0,32768,0.1,-0.004768010581991996,0.0067426779596740805,0.011510688541666076,5.094645761301194e-05,0.011750463073543995,0.011275806738336596,0.014955551538409894,7.75173669897247,0.6844653966306132
10049,0,32768,0.25,-0.03371631006991718,0.03777341888523862,0.07148972895515579,0.00031821950773447925,0.07452666147257173,0.06857655025862894,0.09347219711506181,7.75173669897247,0.6844653966306132
10049,0,32768,0.5,-0.1400201561862316,0.14263585999081863,0.2826560161770503,0.0012648478613457345,0.30579950493334634,0.26126407071357133,0.37388878846024726,7.75173669897247,0.6844653966306132
10049,0,32768,1.0,-0.5679927797994209,0.5315488681123289,1.09954164791175,0.004914002103774225,1.2909755182461733,0.9364947811984353,1.495555153840989,7.75173669897247,0.6844653966306132
10049,1,4096,0.1,0.0049363939984599075,0.015755541884251673,0.010819147885791768,5.343327965380965e-05,0.012100777001528435,0.009673259903876215,0.014955551538409894,2.8082261639838437,0.9734394757607381
10049,1,4096,0.25,-0.00880903294952942,0.0583557679174675,0.06716480086699692,0.0003321014519167494,0.0766629997802235,0.058843385837180164,0.09347219711506181,2.8082261639838437,0.9734394757607381
10049,1,4096,0.5,-0.08815315255533171,0.17720877215012484,0.26536192470545655,0.0013083230614192626,0.3138307276816294,0.22437876495898768,0.37388878846024726,2.8082261639838437,0.9734394757607381
10049,1,4096,1.0,-0.4567133841592239,0.5750523898501141,1.0317657740093378,0.00500918748575616,1.316482084053841,0.8086252181564446,1.495555153840989,2.8082261639838437,0.9734394757607381
10049,1,8192,0.1,0.0005924255060829761,0.011730480424447028,0.011138054918364053,5.2421212691409534e-05,0.011985088499191117,0.010350884548984874,0.014955551538409894,3.6169908879129347,0.9354784128709813
10049,1,8192,0.25,-0.01997278948755596,0.0491718545174903,0.06914464400504625,0.0003267689601997741,0.07592911858297843,0.0629663808010589,0.09347219711506181,3.6169908879129347,0.9354784128709813
10049,1,8192,0.5,-0.11144272082094697,0.16175754795238967,0.27320026877333664,0.001293515212430242,0.3108870108776378,0.24008203703048997,0.37388878846024726,3.6169908879129347,0.9354784128709813
10049,1,8192,1.0,-0.5067739071209518,0.5553347848173271,1.062108691938279,0.004988012417222193,1.3062343004865231,0.8636083687824432,1.495555153840989,3.6169908879129347,0.9354784128709813
10049,1,16384,0.1,-0.0026470409527232872,0.00873622860654996,0.011383269559273247,5.165256437365708e-05,0.011904144379292839,0.010885186010048589,0.014955551538409894,4.999886982124482,0.8410858975489839
10049,1,16384,0.25,-0.02832849340917844,0.042335771460840624,0.07066426487001906,0.00032240399657889007,0.07552102171449077,0.06611984605422894,0.09347219711506181,4.999886982124482,0.8410858975489839
10049,1,16384,0.5,-0.1290008058737867,0.15020139885048178,0.2792022047242685,0.0012801973982343741,0.309915773416275,0.251532441422998,0.37388878846024726,4.999886982124482,0.8410858975489839
10049,1,16384,1.0,-0.54501555196685,0.540174123890077,1.085189675856927,0.004969569820898927,1.3070928183128954,0.900958689457474,1.495555153840989,4.999886982124482,0.8410858975489839
10049,1,32768,0.1,-0.00468184023017814,0.006854632091616791,0.01153647232179493,5.079964814631396e-05,0.011854400091937832,0.011227071180266224,0.014955551538409894,7.674305537543488,0.6878655499845175
10049,1,32768,0.25,-0.03354870673039671,0.03808347243959945,0.07163217916999617,0.00031715905642360945,0.07523999638811973,0.068197359635342,0.09347219711506181,7.674305537543488,0.6878655499845175
10049,1,32768,0.5,-0.13985862542221045,0.1432388364084233,0.2830974618306338,0.001260321982820426,0.3090164553030604,0.25935244392195134,0.37388878846024726,7.674305537543488,0.6878655499845175
10049,1,32768,1.0,-0.5684315763247236,0.532147139122047,1.1005787154467706,0.0049054775134926435,1.3059755348190931,0.9274856048986033,1.495555153840989,7.674305537543488,0.6878655499845175
10076,0,4096,0.1,0.0016278965551811183,0.0026405307650087745,0.0010126342098276562,9.194692600372796e-06,0.001174819967725633,0.0008728384527702884,0.002811455564385657,8.690456450838141,0.800550695460887
10076,0,4096,0.25,0.0019681931816067353,0.008224021936586515,0.00625582875497978,5.688269403960694e-05,0.007323455426231513,0.0053438426444782855,0.017571597277410353,8.690456450838141,0.800550695460887
10076,0,4096,0.5,-0.0029231781004096322,0.021652436332206672,0.024575614432616306,0.00022366092598680417,0.029147931094752787,0.020720538372939405,0.07028638910964141,8.690456450838141,0.800550695460887
10076,0,4096,1.0,-0.03231986690170818,0.06302691802242676,0.09534678492413493,0.0008651263491772675,0.11520585834242976,0.07891099919891026,0.28114555643856565,8.690456450838141,0.800550695460887
10076,0,8192,0.1,0.0007467395829458593,0.001827182780633409,0.0010804431976875496,9.331959231560125e-06,0.0011963279560707834,0.0009757838538383434,0.002811455564385657,11.64054322192002,0.7262948670661933
10076,0,8192,0.25,-0.0002678434028491665,0.006409541215499274,0.006677384618348441,5.775206949731945e-05,0.0074662970663629665,0.005971831142673259,0.017571597277410353,11.64054322192002,0.7262948670661933
10076,0,8192,0.5,-0.007509965279765319,0.01873459034345254,0.02624455562321786,0.00022721666454102123,0.029770611562962693,0.023136128675202493,0.07028638910964141,11.64054322192002,0.7262948670661933
10076,0,8192,1.0,-0.0419414630752574,0.05991566100983477,0.10185712408509218,0.0008799911684120446,0.11798783347130812,0.08793172500628035,0.28114555643856565,11.64054322192002,0.7262948670661933
10076,0,16384,0.1,0.00035049673624303697,0.0014666363187666215,0.0011161395825235844,9.342497496084569e-06,0.0011893210806455104,0.0010474611002436569,0.002811455564385657,17.117035720876206,0.5954802844818351
10076,0,16384,0.25,-0.0012700403397460963,0.005628722064902307,0.006898762404648403,5.781247817404472e-05,0.007423259605204233,0.006411324033774083,0.017571597277410353,17.117035720876206,0.5954802844818351
10076,0,16384,0.5,-0.009556222468223768,0.01756202440989739,0.027118246878121154,0.00022745548250816666,0.029604728922201787,0.024840602853526617,0.07028638910964141,17.117035720876206,0.5954802844818351
10076,0,16384,1.0,-0.04621730215104994,0.059036999248942984,0.10525430139999292,0.0008813863078657885,0.11740244124657098,0.09436318227772904,0.28114555643856565,17.117035720876206,0.5954802844818351
10076,0,32768,0.1,-7.366613305889768e-05,0.0010673757001191768,0.0011410418331780745,9.399920311002923e-06,0.0011830460429826618,0.001100528988525142,0.002811455564385657,28.721426867005036,0.4502909827281818
10076,0,32768,0.25,-0.002344456513827721,0.004709780444835929,0.0070542369586636495,5.818475979939238e-05,0.007383992256644773,0.006739207916177819,0.017571597277410353,28.721426867005036,0.4502909827281818
10076,0,32768,0.5,-0.01174560569690485,0.015992710569250897,0.02773831626615575,0.00022899001660900566,0.02944587883424601,0.02612977502258958,0.07028638910964141,28.721426867005036,0.4502909827281818
10076,0,32768,1.0,-0.05070169999320453,0.057001172897978944,0.10770287289118347,0.000887179627831933,0.11672942340212367,0.09937433502994057,0.28114555643856565,28.721426867005036,0.4502909827281818
10076,1,4096,0.1,0.0013240848582378969,0.002335662147071969,0.0010115772888340717,9.18658115287526e-06,0.0011835909507087006,0.0008645627196390568,0.002811455564385657,8.60687320972792,0.8054378299156488
10076,1,4096,0.25,0.001201868319223209,0.007454515940473095,0.006252647621249885,5.6847232236670304e-05,0.0073834558720499285,0.005295027552547344,0.017571597277410353,8.60687320972792,0.8054378299156488
10076,1,4096,0.5,-0.004485167753337479,0.020099917506744287,0.024585085260081768,0.00022363239787594338,0.029414785607224353,0.020548387648184695,0.07028638910964141,8.60687320972792,0.8054378299156488
10076,1,4096,1.0,-0.03557110837611044,0.059972545312411876,0.09554365368852231,0.0008660130085686196,0.11635538243208633,0.07845438319521153,0.28114555643856565,8.60687320972792,0.8054378299156488
10076,1,8192,0.1,0.0005692034740756504,0.0016414329367009342,0.0010722294626252838,9.275963706523506e-06,0.0011857292118619726,0.0009695940768097865,0.002811455564385657,11.846806469595816,0.7151193637219925
10076,1,8192,0.25,-0.0007150896949318919,0.005913444029922998,0.0066285337248548895,5.740797215034094e-05,0.007399054138799486,0.005938253527722882,0.017571597277410353,11.846806469595816,0.7151193637219925
10076,1,8192,0.5,-0.00841461933500343,0.01765206125488446,0.02606668058988789,0.00022590133116550269,0.029492912421870437,0.023038478779443174,0.07028638910964141,11.846806469595816,0.7151193637219925
10076,1,8192,1.0,-0.04377726098314911,0.0575126727053794,0.10128993368852851,0.0008753766279058283,0.11680934273103981,0.08783244924380694,0.28114555643856565,11.846806469595816,0.7151193637219925
10076,1,16384,0.1,0.00026078289597790004,0.0013753137828070147,0.0011145308868291148,9.38216779870044e-06,0.0011887973813202535,0.0010449039653137146,0.002811455564385657,17.444700588484675,0.5996255493928176
10076,1,16384,0.25,-0.0015020496487638227,0.0053879434659941175,0.00688999311475794,5.806876593648847e-05,0.0074185481572631145,0.006399096442466906,0.017571597277410353,17.444700588484675,0.5996255493928176
10076,1,16384,0.5,-0.010038760992679696,0.017054408440955314,0.02709316943363501,0.00022851294642849113,0.029578894038792426,0.024816337926528573,0.07028638910964141,17.444700588484675,0.5996255493928176
10076,1,16384,1.0,-0.04720999740647985,0.0580369368669625,0.10524693427344235,0.0008854590215380251,0.11728066482973391,0.09444793982059682,0.28114555643856565,17.444700588484675,0.5996255493928176
10076,1,32768,0.1,-2.818681289155781e-05,0.001111878992906063,0.001140065805797621,9.416670418769676e-06,0.0011808352081523399,0.0011007040038911997,0.002811455564385657,28.764257722436,0.4358666965312094
10076,1,32768,0.25,-0.002228190407183869,0.004820614620427877,0.007048805027611745,5.8269815248168284e-05,0.007370306394018177,0.0067413279260154025,0.017571597277410353,28.764257722436,0.4358666965312094
10076,1,32768,0.5,-0.011501913246971902,0.016219354870867217,0.02772126811783912,0.00022920358051596687,0.029395076688046466,0.02614276922004501,0.07028638910964141,28.764257722436,0.4358666965312094
10076,1,32768,1.0,-0.05016053005115155,0.057515944962639995,0.10767647501379154,0.0008872389354970336,0.11661452940975925,0.09942348805144154,0.28114555643856565,28.764257722436,0.4358666965312094
