dataset,axis,kappa,score,amplitude,candidate,method,particles,groups,reject_at_count,true_rejected,true_fraction,true_lower,true_upper,removed_rejected,removed_fraction,removed_lower,removed_upper
10028,0,1.1,power_range09_11,0.9,true,individual_ratio,1024,64,583,0,0.0,0.0,0.05600908938663656,0,0.0,0.0,0.05600908938663656
10028,0,1.1,power_range09_11,0.9,true,grouped_ratio,1024,64,581,0,0.0,0.0,0.05600908938663656,0,0.0,0.0,0.05600908938663656
10028,0,1.1,power_range09_11,0.9,true,view_variance,1024,64,539,0,0.0,0.0,0.05600908938663656,0,0.0,0.0,0.05600908938663656
10028,0,1.1,power_range09_11,0.9,removed,individual_ratio,1024,64,569,0,0.0,0.0,0.05600908938663656,0,0.0,0.0,0.05600908938663656
10028,0,1.1,power_range09_11,0.9,removed,grouped_ratio,1024,64,567,0,0.0,0.0,0.05600908938663656,0,0.0,0.0,0.05600908938663656
10028,0,1.1,power_range09_11,0.9,removed,view_variance,1024,64,525,0,0.0,0.0,0.05600908938663656,0,0.0,0.0,0.05600908938663656
10028,0,1.1,power_range09_11,1.0,true,individual_ratio,1024,64,583,0,0.0,0.0,0.05600908938663656,0,0.0,0.0,0.05600908938663656
10028,0,1.1,power_range09_11,1.0,true,grouped_ratio,1024,64,581,0,0.0,0.0,0.05600908938663656,0,0.0,0.0,0.05600908938663656
10028,0,1.1,power_range09_11,1.0,true,view_variance,1024,64,539,0,0.0,0.0,0.05600908938663656,0,0.0,0.0,0.05600908938663656
10028,0,1.1,power_range09_11,1.0,removed,individual_ratio,1024,64,569,0,0.0,0.0,0.05600908938663656,0,0.0,0.0,0.05600908938663656
10028,0,1.1,power_range09_11,1.0,removed,grouped_ratio,1024,64,567,0,0.0,0.0,0.05600908938663656,0,0.0,0.0,0.05600908938663656
10028,0,1.1,power_range09_11,1.0,removed,view_variance,1024,64,525,0,0.0,0.0,0.05600908938663656,0,0.0,0.0,0.05600908938663656
10028,0,1.1,power_range09_11,1.1,true,individual_ratio,1024,64,583,0,0.0,0.0,0.05600908938663656,0,0.0,0.0,0.05600908938663656
10028,0,1.1,power_range09_11,1.1,true,grouped_ratio,1024,64,581,0,0.0,0.0,0.05600908938663656,0,0.0,0.0,0.05600908938663656
10028,0,1.1,power_range09_11,1.1,true,view_variance,1024,64,539,0,0.0,0.0,0.05600908938663656,0,0.0,0.0,0.05600908938663656
10028,0,1.1,power_range09_11,1.1,removed,individual_ratio,1024,64,569,0,0.0,0.0,0.05600908938663656,0,0.0,0.0,0.05600908938663656
10028,0,1.1,power_range09_11,1.1,removed,grouped_ratio,1024,64,567,0,0.0,0.0,0.05600908938663656,0,0.0,0.0,0.05600908938663656
10028,0,1.1,power_range09_11,1.1,removed,view_variance,1024,64,525,1,0.015625,0.00039551251405066395,0.08401032643435369,0,0.0,0.0,0.05600908938663656
10028,0,1.1,power_bispectrum_range09_11,0.9,true,individual_ratio,1024,64,582,0,0.0,0.0,0.05600908938663656,0,0.0,0.0,0.05600908938663656
10028,0,1.1,power_bispectrum_range09_11,0.9,true,grouped_ratio,1024,64,579,0,0.0,0.0,0.05600908938663656,0,0.0,0.0,0.05600908938663656
10028,0,1.1,power_bispectrum_range09_11,0.9,true,view_variance,1024,64,536,0,0.0,0.0,0.05600908938663656,0,0.0,0.0,0.05600908938663656
10028,0,1.1,power_bispectrum_range09_11,0.9,removed,individual_ratio,1024,64,561,0,0.0,0.0,0.05600908938663656,0,0.0,0.0,0.05600908938663656
10028,0,1.1,power_bispectrum_range09_11,0.9,removed,grouped_ratio,1024,64,558,0,0.0,0.0,0.05600908938663656,0,0.0,0.0,0.05600908938663656
10028,0,1.1,power_bispectrum_range09_11,0.9,removed,view_variance,1024,64,517,0,0.0,0.0,0.05600908938663656,0,0.0,0.0,0.05600908938663656
10028,0,1.1,power_bispectrum_range09_11,1.0,true,individual_ratio,1024,64,582,0,0.0,0.0,0.05600908938663656,0,0.0,0.0,0.05600908938663656
10028,0,1.1,power_bispectrum_range09_11,1.0,true,grouped_ratio,1024,64,579,0,0.0,0.0,0.05600908938663656,0,0.0,0.0,0.05600908938663656
10028,0,1.1,power_bispectrum_range09_11,1.0,true,view_variance,1024,64,536,0,0.0,0.0,0.05600908938663656,0,0.0,0.0,0.05600908938663656
10028,0,1.1,power_bispectrum_range09_11,1.0,removed,individual_ratio,1024,64,561,0,0.0,0.0,0.05600908938663656,0,0.0,0.0,0.05600908938663656
10028,0,1.1,power_bispectrum_range09_11,1.0,removed,grouped_ratio,1024,64,558,0,0.0,0.0,0.05600908938663656,0,0.0,0.0,0.05600908938663656
10028,0,1.1,power_bispectrum_range09_11,1.0,removed,view_variance,1024,64,517,1,0.015625,0.00039551251405066395,0.08401032643435369,0,0.0,0.0,0.05600908938663656
10028,0,1.1,power_bispectrum_range09_11,1.1,true,individual_ratio,1024,64,582,0,0.0,0.0,0.05600908938663656,0,0.0,0.0,0.05600908938663656
10028,0,1.1,power_bispectrum_range09_11,1.1,true,grouped_ratio,1024,64,579,0,0.0,0.0,0.05600908938663656,0,0.0,0.0,0.05600908938663656
10028,0,1.1,power_bispectrum_range09_11,1.1,true,view_variance,1024,64,536,0,0.0,0.0,0.05600908938663656,0,0.0,0.0,0.05600908938663656
10028,0,1.1,power_bispectrum_range09_11,1.1,removed,individual_ratio,1024,64,561,0,0.0,0.0,0.05600908938663656,0,0.0,0.0,0.05600908938663656
10028,0,1.1,power_bispectrum_range09_11,1.1,removed,grouped_ratio,1024,64,558,0,0.0,0.0,0.05600908938663656,0,0.0,0.0,0.05600908938663656
10028,0,1.1,power_bispectrum_range09_11,1.1,removed,view_variance,1024,64,517,2,0.03125,0.0038071813818723694,0.10837052222451712,0,0.0,0.0,0.05600908938663656
10028,1,1.1,power_range09_11,0.9,true,individual_ratio,1024,64,583,0,0.0,0.0,0.05600908938663656,0,0.0,0.0,0.05600908938663656
10028,1,1.1,power_range09_11,0.9,true,grouped_ratio,1024,64,581,0,0.0,0.0,0.05600908938663656,0,0.0,0.0,0.05600908938663656
10028,1,1.1,power_range09_11,0.9,true,view_variance,1024,64,539,0,0.0,0.0,0.05600908938663656,0,0.0,0.0,0.05600908938663656
10028,1,1.1,power_range09_11,0.9,removed,individual_ratio,1024,64,569,0,0.0,0.0,0.05600908938663656,0,0.0,0.0,0.05600908938663656
10028,1,1.1,power_range09_11,0.9,removed,grouped_ratio,1024,64,567,0,0.0,0.0,0.05600908938663656,0,0.0,0.0,0.05600908938663656
10028,1,1.1,power_range09_11,0.9,removed,view_variance,1024,64,525,1,0.015625,0.00039551251405066395,0.08401032643435369,0,0.0,0.0,0.05600908938663656
10028,1,1.1,power_range09_11,1.0,true,individual_ratio,1024,64,583,0,0.0,0.0,0.05600908938663656,0,0.0,0.0,0.05600908938663656
10028,1,1.1,power_range09_11,1.0,true,grouped_ratio,1024,64,581,0,0.0,0.0,0.05600908938663656,0,0.0,0.0,0.05600908938663656
10028,1,1.1,power_range09_11,1.0,true,view_variance,1024,64,539,0,0.0,0.0,0.05600908938663656,0,0.0,0.0,0.05600908938663656
10028,1,1.1,power_range09_11,1.0,removed,individual_ratio,1024,64,569,0,0.0,0.0,0.05600908938663656,0,0.0,0.0,0.05600908938663656
10028,1,1.1,power_range09_11,1.0,removed,grouped_ratio,1024,64,567,0,0.0,0.0,0.05600908938663656,0,0.0,0.0,0.05600908938663656
10028,1,1.1,power_range09_11,1.0,removed,view_variance,1024,64,525,2,0.03125,0.0038071813818723694,0.10837052222451712,0,0.0,0.0,0.05600908938663656
10028,1,1.1,power_range09_11,1.1,true,individual_ratio,1024,64,583,0,0.0,0.0,0.05600908938663656,0,0.0,0.0,0.05600908938663656
10028,1,1.1,power_range09_11,1.1,true,grouped_ratio,1024,64,581,0,0.0,0.0,0.05600908938663656,0,0.0,0.0,0.05600908938663656
10028,1,1.1,power_range09_11,1.1,true,view_variance,1024,64,539,0,0.0,0.0,0.05600908938663656,0,0.0,0.0,0.05600908938663656
10028,1,1.1,power_range09_11,1.1,removed,individual_ratio,1024,64,569,0,0.0,0.0,0.05600908938663656,0,0.0,0.0,0.05600908938663656
10028,1,1.1,power_range09_11,1.1,removed,grouped_ratio,1024,64,567,0,0.0,0.0,0.05600908938663656,0,0.0,0.0,0.05600908938663656
10028,1,1.1,power_range09_11,1.1,removed,view_variance,1024,64,525,3,0.046875,0.009773074954456548,0.13093573724140584,0,0.0,0.0,0.05600908938663656
10028,1,1.1,power_bispectrum_range09_11,0.9,true,individual_ratio,1024,64,582,0,0.0,0.0,0.05600908938663656,0,0.0,0.0,0.05600908938663656
10028,1,1.1,power_bispectrum_range09_11,0.9,true,grouped_ratio,1024,64,579,0,0.0,0.0,0.05600908938663656,0,0.0,0.0,0.05600908938663656
10028,1,1.1,power_bispectrum_range09_11,0.9,true,view_variance,1024,64,536,0,0.0,0.0,0.05600908938663656,0,0.0,0.0,0.05600908938663656
10028,1,1.1,power_bispectrum_range09_11,0.9,removed,individual_ratio,1024,64,561,0,0.0,0.0,0.05600908938663656,0,0.0,0.0,0.05600908938663656
10028,1,1.1,power_bispectrum_range09_11,0.9,removed,grouped_ratio,1024,64,558,0,0.0,0.0,0.05600908938663656,0,0.0,0.0,0.05600908938663656
10028,1,1.1,power_bispectrum_range09_11,0.9,removed,view_variance,1024,64,517,0,0.0,0.0,0.05600908938663656,0,0.0,0.0,0.05600908938663656
10028,1,1.1,power_bispectrum_range09_11,1.0,true,individual_ratio,1024,64,582,0,0.0,0.0,0.05600908938663656,0,0.0,0.0,0.05600908938663656
10028,1,1.1,power_bispectrum_range09_11,1.0,true,grouped_ratio,1024,64,579,0,0.0,0.0,0.05600908938663656,0,0.0,0.0,0.05600908938663656
10028,1,1.1,power_bispectrum_range09_11,1.0,true,view_variance,1024,64,536,0,0.0,0.0,0.05600908938663656,0,0.0,0.0,0.05600908938663656
10028,1,1.1,power_bispectrum_range09_11,1.0,removed,individual_ratio,1024,64,561,0,0.0,0.0,0.05600908938663656,0,0.0,0.0,0.05600908938663656
10028,1,1.1,power_bispectrum_range09_11,1.0,removed,grouped_ratio,1024,64,558,0,0.0,0.0,0.05600908938663656,0,0.0,0.0,0.05600908938663656
10028,1,1.1,power_bispectrum_range09_11,1.0,removed,view_variance,1024,64,517,0,0.0,0.0,0.05600908938663656,0,0.0,0.0,0.05600908938663656
10028,1,1.1,power_bispectrum_range09_11,1.1,true,individual_ratio,1024,64,582,0,0.0,0.0,0.05600908938663656,0,0.0,0.0,0.05600908938663656
10028,1,1.1,power_bispectrum_range09_11,1.1,true,grouped_ratio,1024,64,579,0,0.0,0.0,0.05600908938663656,0,0.0,0.0,0.05600908938663656
10028,1,1.1,power_bispectrum_range09_11,1.1,true,view_variance,1024,64,536,0,0.0,0.0,0.05600908938663656,0,0.0,0.0,0.05600908938663656
10028,1,1.1,power_bispectrum_range09_11,1.1,removed,individual_ratio,1024,64,561,0,0.0,0.0,0.05600908938663656,0,0.0,0.0,0.05600908938663656
10028,1,1.1,power_bispectrum_range09_11,1.1,removed,grouped_ratio,1024,64,558,0,0.0,0.0,0.05600908938663656,0,0.0,0.0,0.05600908938663656
10028,1,1.1,power_bispectrum_range09_11,1.1,removed,view_variance,1024,64,517,2,0.03125,0.0038071813818723694,0.10837052222451712,0,0.0,0.0,0.05600908938663656
10028,2,1.1,power_range09_11,0.9,true,individual_ratio,1024,64,583,0,0.0,0.0,0.05600908938663656,0,0.0,0.0,0.05600908938663656
10028,2,1.1,power_range09_11,0.9,true,grouped_ratio,1024,64,581,0,0.0,0.0,0.05600908938663656,0,0.0,0.0,0.05600908938663656
10028,2,1.1,power_range09_11,0.9,true,view_variance,1024,64,539,0,0.0,0.0,0.05600908938663656,0,0.0,0.0,0.05600908938663656
10028,2,1.1,power_range09_11,0.9,removed,individual_ratio,1024,64,569,0,0.0,0.0,0.05600908938663656,0,0.0,0.0,0.05600908938663656
10028,2,1.1,power_range09_11,0.9,removed,grouped_ratio,1024,64,567,0,0.0,0.0,0.05600908938663656,0,0.0,0.0,0.05600908938663656
10028,2,1.1,power_range09_11,0.9,removed,view_variance,1024,64,525,0,0.0,0.0,0.05600908938663656,0,0.0,0.0,0.05600908938663656
10028,2,1.1,power_range09_11,1.0,true,individual_ratio,1024,64,583,0,0.0,0.0,0.05600908938663656,0,0.0,0.0,0.05600908938663656
10028,2,1.1,power_range09_11,1.0,true,grouped_ratio,1024,64,581,0,0.0,0.0,0.05600908938663656,0,0.0,0.0,0.05600908938663656
10028,2,1.1,power_range09_11,1.0,true,view_variance,1024,64,539,0,0.0,0.0,0.05600908938663656,0,0.0,0.0,0.05600908938663656
10028,2,1.1,power_range09_11,1.0,removed,individual_ratio,1024,64,569,0,0.0,0.0,0.05600908938663656,0,0.0,0.0,0.05600908938663656
10028,2,1.1,power_range09_11,1.0,removed,grouped_ratio,1024,64,567,0,0.0,0.0,0.05600908938663656,0,0.0,0.0,0.05600908938663656
10028,2,1.1,power_range09_11,1.0,removed,view_variance,1024,64,525,1,0.015625,0.00039551251405066395,0.08401032643435369,0,0.0,0.0,0.05600908938663656
10028,2,1.1,power_range09_11,1.1,true,individual_ratio,1024,64,583,0,0.0,0.0,0.05600908938663656,0,0.0,0.0,0.05600908938663656
10028,2,1.1,power_range09_11,1.1,true,grouped_ratio,1024,64,581,0,0.0,0.0,0.05600908938663656,0,0.0,0.0,0.05600908938663656
10028,2,1.1,power_range09_11,1.1,true,view_variance,1024,64,539,0,0.0,0.0,0.05600908938663656,0,0.0,0.0,0.05600908938663656
10028,2,1.1,power_range09_11,1.1,removed,individual_ratio,1024,64,569,0,0.0,0.0,0.05600908938663656,0,0.0,0.0,0.05600908938663656
10028,2,1.1,power_range09_11,1.1,removed,grouped_ratio,1024,64,567,0,0.0,0.0,0.05600908938663656,0,0.0,0.0,0.05600908938663656
10028,2,1.1,power_range09_11,1.1,removed,view_variance,1024,64,525,2,0.03125,0.0038071813818723694,0.10837052222451712,0,0.0,0.0,0.05600908938663656
10028,2,1.1,power_bispectrum_range09_11,0.9,true,individual_ratio,1024,64,582,0,0.0,0.0,0.05600908938663656,0,0.0,0.0,0.05600908938663656
10028,2,1.1,power_bispectrum_range09_11,0.9,true,grouped_ratio,1024,64,579,0,0.0,0.0,0.05600908938663656,0,0.0,0.0,0.05600908938663656
10028,2,1.1,power_bispectrum_range09_11,0.9,true,view_variance,1024,64,536,0,0.0,0.0,0.05600908938663656,0,0.0,0.0,0.05600908938663656
10028,2,1.1,power_bispectrum_range09_11,0.9,removed,individual_ratio,1024,64,561,0,0.0,0.0,0.05600908938663656,0,0.0,0.0,0.05600908938663656
10028,2,1.1,power_bispectrum_range09_11,0.9,removed,grouped_ratio,1024,64,558,0,0.0,0.0,0.05600908938663656,0,0.0,0.0,0.05600908938663656
10028,2,1.1,power_bispectrum_range09_11,0.9,removed,view_variance,1024,64,517,0,0.0,0.0,0.05600908938663656,0,0.0,0.0,0.05600908938663656
10028,2,1.1,power_bispectrum_range09_11,1.0,true,individual_ratio,1024,64,582,0,0.0,0.0,0.05600908938663656,0,0.0,0.0,0.05600908938663656
10028,2,1.1,power_bispectrum_range09_11,1.0,true,grouped_ratio,1024,64,579,0,0.0,0.0,0.05600908938663656,0,0.0,0.0,0.05600908938663656
10028,2,1.1,power_bispectrum_range09_11,1.0,true,view_variance,1024,64,536,0,0.0,0.0,0.05600908938663656,0,0.0,0.0,0.05600908938663656
10028,2,1.1,power_bispectrum_range09_11,1.0,removed,individual_ratio,1024,64,561,0,0.0,0.0,0.05600908938663656,0,0.0,0.0,0.05600908938663656
10028,2,1.1,power_bispectrum_range09_11,1.0,removed,grouped_ratio,1024,64,558,0,0.0,0.0,0.05600908938663656,0,0.0,0.0,0.05600908938663656
10028,2,1.1,power_bispectrum_range09_11,1.0,removed,view_variance,1024,64,517,1,0.015625,0.00039551251405066395,0.08401032643435369,0,0.0,0.0,0.05600908938663656
10028,2,1.1,power_bispectrum_range09_11,1.1,true,individual_ratio,1024,64,582,0,0.0,0.0,0.05600908938663656,0,0.0,0.0,0.05600908938663656
10028,2,1.1,power_bispectrum_range09_11,1.1,true,grouped_ratio,1024,64,579,0,0.0,0.0,0.05600908938663656,0,0.0,0.0,0.05600908938663656
10028,2,1.1,power_bispectrum_range09_11,1.1,true,view_variance,1024,64,536,0,0.0,0.0,0.05600908938663656,0,0.0,0.0,0.05600908938663656
10028,2,1.1,power_bispectrum_range09_11,1.1,removed,individual_ratio,1024,64,561,0,0.0,0.0,0.05600908938663656,0,0.0,0.0,0.05600908938663656
10028,2,1.1,power_bispectrum_range09_11,1.1,removed,grouped_ratio,1024,64,558,0,0.0,0.0,0.05600908938663656,0,0.0,0.0,0.05600908938663656
10028,2,1.1,power_bispectrum_range09_11,1.1,removed,view_variance,1024,64,517,1,0.015625,0.00039551251405066395,0.08401032643435369,0,0.0,0.0,0.05600908938663656
10028,0,2.0,power_range09_11,0.9,true,individual_ratio,1024,64,1018,0,0.0,0.0,0.05600908938663656,0,0.0,0.0,0.05600908938663656
10028,0,2.0,power_range09_11,0.9,true,grouped_ratio,1024,64,1015,0,0.0,0.0,0.05600908938663656,0,0.0,0.0,0.05600908938663656
10028,0,2.0,power_range09_11,0.9,true,view_variance,1024,64,554,0,0.0,0.0,0.05600908938663656,0,0.0,0.0,0.05600908938663656
10028,0,2.0,power_range09_11,0.9,removed,individual_ratio,1024,64,996,0,0.0,0.0,0.05600908938663656,0,0.0,0.0,0.05600908938663656
10028,0,2.0,power_range09_11,0.9,removed,grouped_ratio,1024,64,992,0,0.0,0.0,0.05600908938663656,0,0.0,0.0,0.05600908938663656
10028,0,2.0,power_range09_11,0.9,removed,view_variance,1024,64,541,0,0.0,0.0,0.05600908938663656,0,0.0,0.0,0.05600908938663656
10028,0,2.0,power_range09_11,1.0,true,individual_ratio,1024,64,1018,0,0.0,0.0,0.05600908938663656,0,0.0,0.0,0.05600908938663656
10028,0,2.0,power_range09_11,1.0,true,grouped_ratio,1024,64,1015,0,0.0,0.0,0.05600908938663656,0,0.0,0.0,0.05600908938663656
10028,0,2.0,power_range09_11,1.0,true,view_variance,1024,64,554,0,0.0,0.0,0.05600908938663656,0,0.0,0.0,0.05600908938663656
10028,0,2.0,power_range09_11,1.0,removed,individual_ratio,1024,64,996,0,0.0,0.0,0.05600908938663656,0,0.0,0.0,0.05600908938663656
10028,0,2.0,power_range09_11,1.0,removed,grouped_ratio,1024,64,992,0,0.0,0.0,0.05600908938663656,0,0.0,0.0,0.05600908938663656
10028,0,2.0,power_range09_11,1.0,removed,view_variance,1024,64,541,0,0.0,0.0,0.05600908938663656,0,0.0,0.0,0.05600908938663656
10028,0,2.0,power_range09_11,1.1,true,individual_ratio,1024,64,1018,0,0.0,0.0,0.05600908938663656,0,0.0,0.0,0.05600908938663656
10028,0,2.0,power_range09_11,1.1,true,grouped_ratio,1024,64,1015,0,0.0,0.0,0.05600908938663656,0,0.0,0.0,0.05600908938663656
10028,0,2.0,power_range09_11,1.1,true,view_variance,1024,64,554,0,0.0,0.0,0.05600908938663656,0,0.0,0.0,0.05600908938663656
10028,0,2.0,power_range09_11,1.1,removed,individual_ratio,1024,64,996,0,0.0,0.0,0.05600908938663656,0,0.0,0.0,0.05600908938663656
10028,0,2.0,power_range09_11,1.1,removed,grouped_ratio,1024,64,992,0,0.0,0.0,0.05600908938663656,0,0.0,0.0,0.05600908938663656
10028,0,2.0,power_range09_11,1.1,removed,view_variance,1024,64,541,0,0.0,0.0,0.05600908938663656,0,0.0,0.0,0.05600908938663656
10028,0,2.0,power_bispectrum_range09_11,0.9,true,individual_ratio,1024,64,1015,0,0.0,0.0,0.05600908938663656,0,0.0,0.0,0.05600908938663656
10028,0,2.0,power_bispectrum_range09_11,0.9,true,grouped_ratio,1024,64,1011,0,0.0,0.0,0.05600908938663656,0,0.0,0.0,0.05600908938663656
10028,0,2.0,power_bispectrum_range09_11,0.9,true,view_variance,1024,64,552,0,0.0,0.0,0.05600908938663656,0,0.0,0.0,0.05600908938663656
10028,0,2.0,power_bispectrum_range09_11,0.9,removed,individual_ratio,1024,64,982,0,0.0,0.0,0.05600908938663656,0,0.0,0.0,0.05600908938663656
10028,0,2.0,power_bispectrum_range09_11,0.9,removed,grouped_ratio,1024,64,977,0,0.0,0.0,0.05600908938663656,0,0.0,0.0,0.05600908938663656
10028,0,2.0,power_bispectrum_range09_11,0.9,removed,view_variance,1024,64,534,0,0.0,0.0,0.05600908938663656,0,0.0,0.0,0.05600908938663656
10028,0,2.0,power_bispectrum_range09_11,1.0,true,individual_ratio,1024,64,1015,0,0.0,0.0,0.05600908938663656,0,0.0,0.0,0.05600908938663656
10028,0,2.0,power_bispectrum_range09_11,1.0,true,grouped_ratio,1024,64,1011,0,0.0,0.0,0.05600908938663656,0,0.0,0.0,0.05600908938663656
10028,0,2.0,power_bispectrum_range09_11,1.0,true,view_variance,1024,64,552,0,0.0,0.0,0.05600908938663656,0,0.0,0.0,0.05600908938663656
10028,0,2.0,power_bispectrum_range09_11,1.0,removed,individual_ratio,1024,64,982,0,0.0,0.0,0.05600908938663656,0,0.0,0.0,0.05600908938663656
10028,0,2.0,power_bispectrum_range09_11,1.0,removed,grouped_ratio,1024,64,977,0,0.0,0.0,0.05600908938663656,0,0.0,0.0,0.05600908938663656
10028,0,2.0,power_bispectrum_range09_11,1.0,removed,view_variance,1024,64,534,0,0.0,0.0,0.05600908938663656,0,0.0,0.0,0.05600908938663656
10028,0,2.0,power_bispectrum_range09_11,1.1,true,individual_ratio,1024,64,1015,0,0.0,0.0,0.05600908938663656,0,0.0,0.0,0.05600908938663656
10028,0,2.0,power_bispectrum_range09_11,1.1,true,grouped_ratio,1024,64,1011,0,0.0,0.0,0.05600908938663656,0,0.0,0.0,0.05600908938663656
10028,0,2.0,power_bispectrum_range09_11,1.1,true,view_variance,1024,64,552,0,0.0,0.0,0.05600908938663656,0,0.0,0.0,0.05600908938663656
10028,0,2.0,power_bispectrum_range09_11,1.1,removed,individual_ratio,1024,64,982,0,0.0,0.0,0.05600908938663656,0,0.0,0.0,0.05600908938663656
10028,0,2.0,power_bispectrum_range09_11,1.1,removed,grouped_ratio,1024,64,977,0,0.0,0.0,0.05600908938663656,0,0.0,0.0,0.05600908938663656
10028,0,2.0,power_bispectrum_range09_11,1.1,removed,view_variance,1024,64,534,0,0.0,0.0,0.05600908938663656,0,0.0,0.0,0.05600908938663656
10028,1,2.0,power_range09_11,0.9,true,individual_ratio,1024,64,1018,0,0.0,0.0,0.05600908938663656,0,0.0,0.0,0.05600908938663656
10028,1,2.0,power_range09_11,0.9,true,grouped_ratio,1024,64,1015,0,0.0,0.0,0.05600908938663656,0,0.0,0.0,0.05600908938663656
10028,1,2.0,power_range09_11,0.9,true,view_variance,1024,64,554,0,0.0,0.0,0.05600908938663656,0,0.0,0.0,0.05600908938663656
10028,1,2.0,power_range09_11,0.9,removed,individual_ratio,1024,64,996,0,0.0,0.0,0.05600908938663656,0,0.0,0.0,0.05600908938663656
10028,1,2.0,power_range09_11,0.9,removed,grouped_ratio,1024,64,992,0,0.0,0.0,0.05600908938663656,0,0.0,0.0,0.05600908938663656
10028,1,2.0,power_range09_11,0.9,removed,view_variance,1024,64,541,0,0.0,0.0,0.05600908938663656,0,0.0,0.0,0.05600908938663656
10028,1,2.0,power_range09_11,1.0,true,individual_ratio,1024,64,1018,0,0.0,0.0,0.05600908938663656,0,0.0,0.0,0.05600908938663656
10028,1,2.0,power_range09_11,1.0,true,grouped_ratio,1024,64,1015,0,0.0,0.0,0.05600908938663656,0,0.0,0.0,0.05600908938663656
10028,1,2.0,power_range09_11,1.0,true,view_variance,1024,64,554,0,0.0,0.0,0.05600908938663656,0,0.0,0.0,0.05600908938663656
10028,1,2.0,power_range09_11,1.0,removed,individual_ratio,1024,64,996,0,0.0,0.0,0.05600908938663656,0,0.0,0.0,0.05600908938663656
10028,1,2.0,power_range09_11,1.0,removed,grouped_ratio,1024,64,992,0,0.0,0.0,0.05600908938663656,0,0.0,0.0,0.05600908938663656
10028,1,2.0,power_range09_11,1.0,removed,view_variance,1024,64,541,0,0.0,0.0,0.05600908938663656,0,0.0,0.0,0.05600908938663656
10028,1,2.0,power_range09_11,1.1,true,individual_ratio,1024,64,1018,0,0.0,0.0,0.05600908938663656,0,0.0,0.0,0.05600908938663656
10028,1,2.0,power_range09_11,1.1,true,grouped_ratio,1024,64,1015,0,0.0,0.0,0.05600908938663656,0,0.0,0.0,0.05600908938663656
10028,1,2.0,power_range09_11,1.1,true,view_variance,1024,64,554,0,0.0,0.0,0.05600908938663656,0,0.0,0.0,0.05600908938663656
10028,1,2.0,power_range09_11,1.1,removed,individual_ratio,1024,64,996,0,0.0,0.0,0.05600908938663656,0,0.0,0.0,0.05600908938663656
10028,1,2.0,power_range09_11,1.1,removed,grouped_ratio,1024,64,992,0,0.0,0.0,0.05600908938663656,0,0.0,0.0,0.05600908938663656
10028,1,2.0,power_range09_11,1.1,removed,view_variance,1024,64,541,0,0.0,0.0,0.05600908938663656,0,0.0,0.0,0.05600908938663656
10028,1,2.0,power_bispectrum_range09_11,0.9,true,individual_ratio,1024,64,1015,0,0.0,0.0,0.05600908938663656,0,0.0,0.0,0.05600908938663656
10028,1,2.0,power_bispectrum_range09_11,0.9,true,grouped_ratio,1024,64,1011,0,0.0,0.0,0.05600908938663656,0,0.0,0.0,0.05600908938663656
10028,1,2.0,power_bispectrum_range09_11,0.9,true,view_variance,1024,64,552,0,0.0,0.0,0.05600908938663656,0,0.0,0.0,0.05600908938663656
10028,1,2.0,power_bispectrum_range09_11,0.9,removed,individual_ratio,1024,64,982,0,0.0,0.0,0.05600908938663656,0,0.0,0.0,0.05600908938663656
10028,1,2.0,power_bispectrum_range09_11,0.9,removed,grouped_ratio,1024,64,977,0,0.0,0.0,0.05600908938663656,0,0.0,0.0,0.05600908938663656
10028,1,2.0,power_bispectrum_range09_11,0.9,removed,view_variance,1024,64,534,0,0.0,0.0,0.05600908938663656,0,0.0,0.0,0.05600908938663656
10028,1,2.0,power_bispectrum_range09_11,1.0,true,individual_ratio,1024,64,1015,0,0.0,0.0,0.05600908938663656,0,0.0,0.0,0.05600908938663656
10028,1,2.0,power_bispectrum_range09_11,1.0,true,grouped_ratio,1024,64,1011,0,0.0,0.0,0.05600908938663656,0,0.0,0.0,0.05600908938663656
10028,1,2.0,power_bispectrum_range09_11,1.0,true,view_variance,1024,64,552,0,0.0,0.0,0.05600908938663656,0,0.0,0.0,0.05600908938663656
10028,1,2.0,power_bispectrum_range09_11,1.0,removed,individual_ratio,1024,64,982,0,0.0,0.0,0.05600908938663656,0,0.0,0.0,0.05600908938663656
10028,1,2.0,power_bispectrum_range09_11,1.0,removed,grouped_ratio,1024,64,977,0,0.0,0.0,0.05600908938663656,0,0.0,0.0,0.05600908938663656
10028,1,2.0,power_bispectrum_range09_11,1.0,removed,view_variance,1024,64,534,0,0.0,0.0,0.05600908938663656,0,0.0,0.0,0.05600908938663656
10028,1,2.0,power_bispectrum_range09_11,1.1,true,individual_ratio,1024,64,1015,0,0.0,0.0,0.05600908938663656,0,0.0,0.0,0.05600908938663656
10028,1,2.0,power_bispectrum_range09_11,1.1,true,grouped_ratio,1024,64,1011,0,0.0,0.0,0.05600908938663656,0,0.0,0.0,0.05600908938663656
10028,1,2.0,power_bispectrum_range09_11,1.1,true,view_variance,1024,64,552,0,0.0,0.0,0.05600908938663656,0,0.0,0.0,0.05600908938663656
10028,1,2.0,power_bispectrum_range09_11,1.1,removed,individual_ratio,1024,64,982,0,0.0,0.0,0.05600908938663656,0,0.0,0.0,0.05600908938663656
10028,1,2.0,power_bispectrum_range09_11,1.1,removed,grouped_ratio,1024,64,977,0,0.0,0.0,0.05600908938663656,0,0.0,0.0,0.05600908938663656
10028,1,2.0,power_bispectrum_range09_11,1.1,removed,view_variance,1024,64,534,0,0.0,0.0,0.05600908938663656,0,0.0,0.0,0.05600908938663656
10028,2,2.0,power_range09_11,0.9,true,individual_ratio,1024,64,1018,0,0.0,0.0,0.05600908938663656,0,0.0,0.0,0.05600908938663656
10028,2,2.0,power_range09_11,0.9,true,grouped_ratio,1024,64,1015,0,0.0,0.0,0.05600908938663656,0,0.0,0.0,0.05600908938663656
10028,2,2.0,power_range09_11,0.9,true,view_variance,1024,64,554,0,0.0,0.0,0.05600908938663656,0,0.0,0.0,0.05600908938663656
10028,2,2.0,power_range09_11,0.9,removed,individual_ratio,1024,64,996,0,0.0,0.0,0.05600908938663656,0,0.0,0.0,0.05600908938663656
10028,2,2.0,power_range09_11,0.9,removed,grouped_ratio,1024,64,992,0,0.0,0.0,0.05600908938663656,0,0.0,0.0,0.05600908938663656
10028,2,2.0,power_range09_11,0.9,removed,view_variance,1024,64,541,0,0.0,0.0,0.05600908938663656,0,0.0,0.0,0.05600908938663656
10028,2,2.0,power_range09_11,1.0,true,individual_ratio,1024,64,1018,0,0.0,0.0,0.05600908938663656,0,0.0,0.0,0.05600908938663656
10028,2,2.0,power_range09_11,1.0,true,grouped_ratio,1024,64,1015,0,0.0,0.0,0.05600908938663656,0,0.0,0.0,0.05600908938663656
10028,2,2.0,power_range09_11,1.0,true,view_variance,1024,64,554,0,0.0,0.0,0.05600908938663656,0,0.0,0.0,0.05600908938663656
10028,2,2.0,power_range09_11,1.0,removed,individual_ratio,1024,64,996,0,0.0,0.0,0.05600908938663656,0,0.0,0.0,0.05600908938663656
10028,2,2.0,power_range09_11,1.0,removed,grouped_ratio,1024,64,992,0,0.0,0.0,0.05600908938663656,0,0.0,0.0,0.05600908938663656
10028,2,2.0,power_range09_11,1.0,removed,view_variance,1024,64,541,0,0.0,0.0,0.05600908938663656,0,0.0,0.0,0.05600908938663656
10028,2,2.0,power_range09_11,1.1,true,individual_ratio,1024,64,1018,0,0.0,0.0,0.05600908938663656,0,0.0,0.0,0.05600908938663656
10028,2,2.0,power_range09_11,1.1,true,grouped_ratio,1024,64,1015,0,0.0,0.0,0.05600908938663656,0,0.0,0.0,0.05600908938663656
10028,2,2.0,power_range09_11,1.1,true,view_variance,1024,64,554,0,0.0,0.0,0.05600908938663656,0,0.0,0.0,0.05600908938663656
10028,2,2.0,power_range09_11,1.1,removed,individual_ratio,1024,64,996,0,0.0,0.0,0.05600908938663656,0,0.0,0.0,0.05600908938663656
10028,2,2.0,power_range09_11,1.1,removed,grouped_ratio,1024,64,992,0,0.0,0.0,0.05600908938663656,0,0.0,0.0,0.05600908938663656
10028,2,2.0,power_range09_11,1.1,removed,view_variance,1024,64,541,0,0.0,0.0,0.05600908938663656,0,0.0,0.0,0.05600908938663656
10028,2,2.0,power_bispectrum_range09_11,0.9,true,individual_ratio,1024,64,1015,0,0.0,0.0,0.05600908938663656,0,0.0,0.0,0.05600908938663656
10028,2,2.0,power_bispectrum_range09_11,0.9,true,grouped_ratio,1024,64,1011,0,0.0,0.0,0.05600908938663656,0,0.0,0.0,0.05600908938663656
10028,2,2.0,power_bispectrum_range09_11,0.9,true,view_variance,1024,64,552,0,0.0,0.0,0.05600908938663656,0,0.0,0.0,0.05600908938663656
10028,2,2.0,power_bispectrum_range09_11,0.9,removed,individual_ratio,1024,64,982,0,0.0,0.0,0.05600908938663656,0,0.0,0.0,0.05600908938663656
10028,2,2.0,power_bispectrum_range09_11,0.9,removed,grouped_ratio,1024,64,977,0,0.0,0.0,0.05600908938663656,0,0.0,0.0,0.05600908938663656
10028,2,2.0,power_bispectrum_range09_11,0.9,removed,view_variance,1024,64,534,0,0.0,0.0,0.05600908938663656,0,0.0,0.0,0.05600908938663656
10028,2,2.0,power_bispectrum_range09_11,1.0,true,individual_ratio,1024,64,1015,0,0.0,0.0,0.05600908938663656,0,0.0,0.0,0.05600908938663656
10028,2,2.0,power_bispectrum_range09_11,1.0,true,grouped_ratio,1024,64,1011,0,0.0,0.0,0.05600908938663656,0,0.0,0.0,0.05600908938663656
10028,2,2.0,power_bispectrum_range09_11,1.0,true,view_variance,1024,64,552,0,0.0,0.0,0.05600908938663656,0,0.0,0.0,0.05600908938663656
10028,2,2.0,power_bispectrum_range09_11,1.0,removed,individual_ratio,1024,64,982,0,0.0,0.0,0.05600908938663656,0,0.0,0.0,0.05600908938663656
10028,2,2.0,power_bispectrum_range09_11,1.0,removed,grouped_ratio,1024,64,977,0,0.0,0.0,0.05600908938663656,0,0.0,0.0,0.05600908938663656
10028,2,2.0,power_bispectrum_range09_11,1.0,removed,view_variance,1024,64,534,0,0.0,0.0,0.05600908938663656,0,0.0,0.0,0.05600908938663656
10028,2,2.0,power_bispectrum_range09_11,1.1,true,individual_ratio,1024,64,1015,0,0.0,0.0,0.05600908938663656,0,0.0,0.0,0.05600908938663656
10028,2,2.0,power_bispectrum_range09_11,1.1,true,grouped_ratio,1024,64,1011,0,0.0,0.0,0.05600908938663656,0,0.0,0.0,0.05600908938663656
10028,2,2.0,power_bispectrum_range09_11,1.1,true,view_variance,1024,64,552,0,0.0,0.0,0.05600908938663656,0,0.0,0.0,0.05600908938663656
10028,2,2.0,power_bispectrum_range09_11,1.1,removed,individual_ratio,1024,64,982,0,0.0,0.0,0.05600908938663656,0,0.0,0.0,0.05600908938663656
10028,2,2.0,power_bispectrum_range09_11,1.1,removed,grouped_ratio,1024,64,977,0,0.0,0.0,0.05600908938663656,0,0.0,0.0,0.05600908938663656
10028,2,2.0,power_bispectrum_range09_11,1.1,removed,view_variance,1024,64,534,0,0.0,0.0,0.05600908938663656,0,0.0,0.0,0.05600908938663656
10028,0,5.0,power_range09_11,0.9,true,individual_ratio,1024,64,1025,0,0.0,0.0,0.05600908938663656,0,0.0,0.0,0.05600908938663656
10028,0,5.0,power_range09_11,0.9,true,grouped_ratio,1024,64,1025,0,0.0,0.0,0.05600908938663656,0,0.0,0.0,0.05600908938663656
10028,0,5.0,power_range09_11,0.9,true,view_variance,1024,64,577,0,0.0,0.0,0.05600908938663656,0,0.0,0.0,0.05600908938663656
10028,0,5.0,power_range09_11,0.9,removed,individual_ratio,1024,64,1025,0,0.0,0.0,0.05600908938663656,0,0.0,0.0,0.05600908938663656
10028,0,5.0,power_range09_11,0.9,removed,grouped_ratio,1024,64,1025,0,0.0,0.0,0.05600908938663656,0,0.0,0.0,0.05600908938663656
10028,0,5.0,power_range09_11,0.9,removed,view_variance,1024,64,564,0,0.0,0.0,0.05600908938663656,0,0.0,0.0,0.05600908938663656
10028,0,5.0,power_range09_11,1.0,true,individual_ratio,1024,64,1025,0,0.0,0.0,0.05600908938663656,0,0.0,0.0,0.05600908938663656
10028,0,5.0,power_range09_11,1.0,true,grouped_ratio,1024,64,1025,0,0.0,0.0,0.05600908938663656,0,0.0,0.0,0.05600908938663656
10028,0,5.0,power_range09_11,1.0,true,view_variance,1024,64,577,0,0.0,0.0,0.05600908938663656,0,0.0,0.0,0.05600908938663656
10028,0,5.0,power_range09_11,1.0,removed,individual_ratio,1024,64,1025,0,0.0,0.0,0.05600908938663656,0,0.0,0.0,0.05600908938663656
10028,0,5.0,power_range09_11,1.0,removed,grouped_ratio,1024,64,1025,0,0.0,0.0,0.05600908938663656,0,0.0,0.0,0.05600908938663656
10028,0,5.0,power_range09_11,1.0,removed,view_variance,1024,64,564,0,0.0,0.0,0.05600908938663656,0,0.0,0.0,0.05600908938663656
10028,0,5.0,power_range09_11,1.1,true,individual_ratio,1024,64,1025,0,0.0,0.0,0.05600908938663656,0,0.0,0.0,0.05600908938663656
10028,0,5.0,power_range09_11,1.1,true,grouped_ratio,1024,64,1025,0,0.0,0.0,0.05600908938663656,0,0.0,0.0,0.05600908938663656
10028,0,5.0,power_range09_11,1.1,true,view_variance,1024,64,577,0,0.0,0.0,0.05600908938663656,0,0.0,0.0,0.05600908938663656
10028,0,5.0,power_range09_11,1.1,removed,individual_ratio,1024,64,1025,0,0.0,0.0,0.05600908938663656,0,0.0,0.0,0.05600908938663656
10028,0,5.0,power_range09_11,1.1,removed,grouped_ratio,1024,64,1025,0,0.0,0.0,0.05600908938663656,0,0.0,0.0,0.05600908938663656
10028,0,5.0,power_range09_11,1.1,removed,view_variance,1024,64,564,0,0.0,0.0,0.05600908938663656,0,0.0,0.0,0.05600908938663656
10028,0,5.0,power_bispectrum_range09_11,0.9,true,individual_ratio,1024,64,1025,0,0.0,0.0,0.05600908938663656,0,0.0,0.0,0.05600908938663656
10028,0,5.0,power_bispectrum_range09_11,0.9,true,grouped_ratio,1024,64,1025,0,0.0,0.0,0.05600908938663656,0,0.0,0.0,0.05600908938663656
10028,0,5.0,power_bispectrum_range09_11,0.9,true,view_variance,1024,64,575,0,0.0,0.0,0.05600908938663656,0,0.0,0.0,0.05600908938663656
10028,0,5.0,power_bispectrum_range09_11,0.9,removed,individual_ratio,1024,64,1025,0,0.0,0.0,0.05600908938663656,0,0.0,0.0,0.05600908938663656
10028,0,5.0,power_bispectrum_range09_11,0.9,removed,grouped_ratio,1024,64,1025,0,0.0,0.0,0.05600908938663656,0,0.0,0.0,0.05600908938663656
10028,0,5.0,power_bispectrum_range09_11,0.9,removed,view_variance,1024,64,558,0,0.0,0.0,0.05600908938663656,0,0.0,0.0,0.05600908938663656
10028,0,5.0,power_bispectrum_range09_11,1.0,true,individual_ratio,1024,64,1025,0,0.0,0.0,0.05600908938663656,0,0.0,0.0,0.05600908938663656
10028,0,5.0,power_bispectrum_range09_11,1.0,true,grouped_ratio,1024,64,1025,0,0.0,0.0,0.05600908938663656,0,0.0,0.0,0.05600908938663656
10028,0,5.0,power_bispectrum_range09_11,1.0,true,view_variance,1024,64,575,0,0.0,0.0,0.05600908938663656,0,0.0,0.0,0.05600908938663656
10028,0,5.0,power_bispectrum_range09_11,1.0,removed,individual_ratio,1024,64,1025,0,0.0,0.0,0.05600908938663656,0,0.0,0.0,0.05600908938663656
10028,0,5.0,power_bispectrum_range09_11,1.0,removed,grouped_ratio,1024,64,1025,0,0.0,0.0,0.05600908938663656,0,0.0,0.0,0.05600908938663656
10028,0,5.0,power_bispectrum_range09_11,1.0,removed,view_variance,1024,64,558,0,0.0,0.0,0.05600908938663656,0,0.0,0.0,0.05600908938663656
10028,0,5.0,power_bispectrum_range09_11,1.1,true,individual_ratio,1024,64,1025,0,0.0,0.0,0.05600908938663656,0,0.0,0.0,0.05600908938663656
10028,0,5.0,power_bispectrum_range09_11,1.1,true,grouped_ratio,1024,64,1025,0,0.0,0.0,0.05600908938663656,0,0.0,0.0,0.05600908938663656
10028,0,5.0,power_bispectrum_range09_11,1.1,true,view_variance,1024,64,575,0,0.0,0.0,0.05600908938663656,0,0.0,0.0,0.05600908938663656
10028,0,5.0,power_bispectrum_range09_11,1.1,removed,individual_ratio,1024,64,1025,0,0.0,0.0,0.05600908938663656,0,0.0,0.0,0.05600908938663656
10028,0,5.0,power_bispectrum_range09_11,1.1,removed,grouped_ratio,1024,64,1025,0,0.0,0.0,0.05600908938663656,0,0.0,0.0,0.05600908938663656
10028,0,5.0,power_bispectrum_range09_11,1.1,removed,view_variance,1024,64,558,0,0.0,0.0,0.05600908938663656,0,0.0,0.0,0.05600908938663656
10028,1,5.0,power_range09_11,0.9,true,individual_ratio,1024,64,1025,0,0.0,0.0,0.05600908938663656,0,0.0,0.0,0.05600908938663656
10028,1,5.0,power_range09_11,0.9,true,grouped_ratio,1024,64,1025,0,0.0,0.0,0.05600908938663656,0,0.0,0.0,0.05600908938663656
10028,1,5.0,power_range09_11,0.9,true,view_variance,1024,64,577,0,0.0,0.0,0.05600908938663656,0,0.0,0.0,0.05600908938663656
10028,1,5.0,power_range09_11,0.9,removed,individual_ratio,1024,64,1025,0,0.0,0.0,0.05600908938663656,0,0.0,0.0,0.05600908938663656
10028,1,5.0,power_range09_11,0.9,removed,grouped_ratio,1024,64,1025,0,0.0,0.0,0.05600908938663656,0,0.0,0.0,0.05600908938663656
10028,1,5.0,power_range09_11,0.9,removed,view_variance,1024,64,564,0,0.0,0.0,0.05600908938663656,0,0.0,0.0,0.05600908938663656
10028,1,5.0,power_range09_11,1.0,true,individual_ratio,1024,64,1025,0,0.0,0.0,0.05600908938663656,0,0.0,0.0,0.05600908938663656
10028,1,5.0,power_range09_11,1.0,true,grouped_ratio,1024,64,1025,0,0.0,0.0,0.05600908938663656,0,0.0,0.0,0.05600908938663656
10028,1,5.0,power_range09_11,1.0,true,view_variance,1024,64,577,0,0.0,0.0,0.05600908938663656,0,0.0,0.0,0.05600908938663656
10028,1,5.0,power_range09_11,1.0,removed,individual_ratio,1024,64,1025,0,0.0,0.0,0.05600908938663656,0,0.0,0.0,0.05600908938663656
10028,1,5.0,power_range09_11,1.0,removed,grouped_ratio,1024,64,1025,0,0.0,0.0,0.05600908938663656,0,0.0,0.0,0.05600908938663656
10028,1,5.0,power_range09_11,1.0,removed,view_variance,1024,64,564,0,0.0,0.0,0.05600908938663656,0,0.0,0.0,0.05600908938663656
10028,1,5.0,power_range09_11,1.1,true,individual_ratio,1024,64,1025,0,0.0,0.0,0.05600908938663656,0,0.0,0.0,0.05600908938663656
10028,1,5.0,power_range09_11,1.1,true,grouped_ratio,1024,64,1025,0,0.0,0.0,0.05600908938663656,0,0.0,0.0,0.05600908938663656
10028,1,5.0,power_range09_11,1.1,true,view_variance,1024,64,577,0,0.0,0.0,0.05600908938663656,0,0.0,0.0,0.05600908938663656
10028,1,5.0,power_range09_11,1.1,removed,individual_ratio,1024,64,1025,0,0.0,0.0,0.05600908938663656,0,0.0,0.0,0.05600908938663656
10028,1,5.0,power_range09_11,1.1,removed,grouped_ratio,1024,64,1025,0,0.0,0.0,0.05600908938663656,0,0.0,0.0,0.05600908938663656
10028,1,5.0,power_range09_11,1.1,removed,view_variance,1024,64,564,0,0.0,0.0,0.05600908938663656,0,0.0,0.0,0.05600908938663656
10028,1,5.0,power_bispectrum_range09_11,0.9,true,individual_ratio,1024,64,1025,0,0.0,0.0,0.05600908938663656,0,0.0,0.0,0.05600908938663656
10028,1,5.0,power_bispectrum_range09_11,0.9,true,grouped_ratio,1024,64,1025,0,0.0,0.0,0.05600908938663656,0,0.0,0.0,0.05600908938663656
10028,1,5.0,power_bispectrum_range09_11,0.9,true,view_variance,1024,64,575,0,0.0,0.0,0.05600908938663656,0,0.0,0.0,0.05600908938663656
10028,1,5.0,power_bispectrum_range09_11,0.9,removed,individual_ratio,1024,64,1025,0,0.0,0.0,0.05600908938663656,0,0.0,0.0,0.05600908938663656
10028,1,5.0,power_bispectrum_range09_11,0.9,removed,grouped_ratio,1024,64,1025,0,0.0,0.0,0.05600908938663656,0,0.0,0.0,0.05600908938663656
10028,1,5.0,power_bispectrum_range09_11,0.9,removed,view_variance,1024,64,558,0,0.0,0.0,0.05600908938663656,0,0.0,0.0,0.05600908938663656
10028,1,5.0,power_bispectrum_range09_11,1.0,true,individual_ratio,1024,64,1025,0,0.0,0.0,0.05600908938663656,0,0.0,0.0,0.05600908938663656
10028,1,5.0,power_bispectrum_range09_11,1.0,true,grouped_ratio,1024,64,1025,0,0.0,0.0,0.05600908938663656,0,0.0,0.0,0.05600908938663656
10028,1,5.0,power_bispectrum_range09_11,1.0,true,view_variance,1024,64,575,0,0.0,0.0,0.05600908938663656,0,0.0,0.0,0.05600908938663656
10028,1,5.0,power_bispectrum_range09_11,1.0,removed,individual_ratio,1024,64,1025,0,0.0,0.0,0.05600908938663656,0,0.0,0.0,0.05600908938663656
10028,1,5.0,power_bispectrum_range09_11,1.0,removed,grouped_ratio,1024,64,1025,0,0.0,0.0,0.05600908938663656,0,0.0,0.0,0.05600908938663656
10028,1,5.0,power_bispectrum_range09_11,1.0,removed,view_variance,1024,64,558,0,0.0,0.0,0.05600908938663656,0,0.0,0.0,0.05600908938663656
10028,1,5.0,power_bispectrum_range09_11,1.1,true,individual_ratio,1024,64,1025,0,0.0,0.0,0.05600908938663656,0,0.0,0.0,0.05600908938663656
10028,1,5.0,power_bispectrum_range09_11,1.1,true,grouped_ratio,1024,64,1025,0,0.0,0.0,0.05600908938663656,0,0.0,0.0,0.05600908938663656
10028,1,5.0,power_bispectrum_range09_11,1.1,true,view_variance,1024,64,575,0,0.0,0.0,0.05600908938663656,0,0.0,0.0,0.05600908938663656
10028,1,5.0,power_bispectrum_range09_11,1.1,removed,individual_ratio,1024,64,1025,0,0.0,0.0,0.05600908938663656,0,0.0,0.0,0.05600908938663656
10028,1,5.0,power_bispectrum_range09_11,1.1,removed,grouped_ratio,1024,64,1025,0,0.0,0.0,0.05600908938663656,0,0.0,0.0,0.05600908938663656
10028,1,5.0,power_bispectrum_range09_11,1.1,removed,view_variance,1024,64,558,0,0.0,0.0,0.05600908938663656,0,0.0,0.0,0.05600908938663656
10028,2,5.0,power_range09_11,0.9,true,individual_ratio,1024,64,1025,0,0.0,0.0,0.05600908938663656,0,0.0,0.0,0.05600908938663656
10028,2,5.0,power_range09_11,0.9,true,grouped_ratio,1024,64,1025,0,0.0,0.0,0.05600908938663656,0,0.0,0.0,0.05600908938663656
10028,2,5.0,power_range09_11,0.9,true,view_variance,1024,64,577,0,0.0,0.0,0.05600908938663656,0,0.0,0.0,0.05600908938663656
10028,2,5.0,power_range09_11,0.9,removed,individual_ratio,1024,64,1025,0,0.0,0.0,0.05600908938663656,0,0.0,0.0,0.05600908938663656
10028,2,5.0,power_range09_11,0.9,removed,grouped_ratio,1024,64,1025,0,0.0,0.0,0.05600908938663656,0,0.0,0.0,0.05600908938663656
10028,2,5.0,power_range09_11,0.9,removed,view_variance,1024,64,564,0,0.0,0.0,0.05600908938663656,0,0.0,0.0,0.05600908938663656
10028,2,5.0,power_range09_11,1.0,true,individual_ratio,1024,64,1025,0,0.0,0.0,0.05600908938663656,0,0.0,0.0,0.05600908938663656
10028,2,5.0,power_range09_11,1.0,true,grouped_ratio,1024,64,1025,0,0.0,0.0,0.05600908938663656,0,0.0,0.0,0.05600908938663656
10028,2,5.0,power_range09_11,1.0,true,view_variance,1024,64,577,0,0.0,0.0,0.05600908938663656,0,0.0,0.0,0.05600908938663656
10028,2,5.0,power_range09_11,1.0,removed,individual_ratio,1024,64,1025,0,0.0,0.0,0.05600908938663656,0,0.0,0.0,0.05600908938663656
10028,2,5.0,power_range09_11,1.0,removed,grouped_ratio,1024,64,1025,0,0.0,0.0,0.05600908938663656,0,0.0,0.0,0.05600908938663656
10028,2,5.0,power_range09_11,1.0,removed,view_variance,1024,64,564,0,0.0,0.0,0.05600908938663656,0,0.0,0.0,0.05600908938663656
10028,2,5.0,power_range09_11,1.1,true,individual_ratio,1024,64,1025,0,0.0,0.0,0.05600908938663656,0,0.0,0.0,0.05600908938663656
10028,2,5.0,power_range09_11,1.1,true,grouped_ratio,1024,64,1025,0,0.0,0.0,0.05600908938663656,0,0.0,0.0,0.05600908938663656
10028,2,5.0,power_range09_11,1.1,true,view_variance,1024,64,577,0,0.0,0.0,0.05600908938663656,0,0.0,0.0,0.05600908938663656
10028,2,5.0,power_range09_11,1.1,removed,individual_ratio,1024,64,1025,0,0.0,0.0,0.05600908938663656,0,0.0,0.0,0.05600908938663656
10028,2,5.0,power_range09_11,1.1,removed,grouped_ratio,1024,64,1025,0,0.0,0.0,0.05600908938663656,0,0.0,0.0,0.05600908938663656
10028,2,5.0,power_range09_11,1.1,removed,view_variance,1024,64,564,0,0.0,0.0,0.05600908938663656,0,0.0,0.0,0.05600908938663656
10028,2,5.0,power_bispectrum_range09_11,0.9,true,individual_ratio,1024,64,1025,0,0.0,0.0,0.05600908938663656,0,0.0,0.0,0.05600908938663656
10028,2,5.0,power_bispectrum_range09_11,0.9,true,grouped_ratio,1024,64,1025,0,0.0,0.0,0.05600908938663656,0,0.0,0.0,0.05600908938663656
10028,2,5.0,power_bispectrum_range09_11,0.9,true,view_variance,1024,64,575,0,0.0,0.0,0.05600908938663656,0,0.0,0.0,0.05600908938663656
10028,2,5.0,power_bispectrum_range09_11,0.9,removed,individual_ratio,1024,64,1025,0,0.0,0.0,0.05600908938663656,0,0.0,0.0,0.05600908938663656
10028,2,5.0,power_bispectrum_range09_11,0.9,removed,grouped_ratio,1024,64,1025,0,0.0,0.0,0.05600908938663656,0,0.0,0.0,0.05600908938663656
10028,2,5.0,power_bispectrum_range09_11,0.9,removed,view_variance,1024,64,558,0,0.0,0.0,0.05600908938663656,0,0.0,0.0,0.05600908938663656
10028,2,5.0,power_bispectrum_range09_11,1.0,true,individual_ratio,1024,64,1025,0,0.0,0.0,0.05600908938663656,0,0.0,0.0,0.05600908938663656
10028,2,5.0,power_bispectrum_range09_11,1.0,true,grouped_ratio,1024,64,1025,0,0.0,0.0,0.05600908938663656,0,0.0,0.0,0.05600908938663656
10028,2,5.0,power_bispectrum_range09_11,1.0,true,view_variance,1024,64,575,0,0.0,0.0,0.05600908938663656,0,0.0,0.0,0.05600908938663656
10028,2,5.0,power_bispectrum_range09_11,1.0,removed,individual_ratio,1024,64,1025,0,0.0,0.0,0.05600908938663656,0,0.0,0.0,0.05600908938663656
10028,2,5.0,power_bispectrum_range09_11,1.0,removed,grouped_ratio,1024,64,1025,0,0.0,0.0,0.05600908938663656,0,0.0,0.0,0.05600908938663656
10028,2,5.0,power_bispectrum_range09_11,1.0,removed,view_variance,1024,64,558,0,0.0,0.0,0.05600908938663656,0,0.0,0.0,0.05600908938663656
10028,2,5.0,power_bispectrum_range09_11,1.1,true,individual_ratio,1024,64,1025,0,0.0,0.0,0.05600908938663656,0,0.0,0.0,0.05600908938663656
10028,2,5.0,power_bispectrum_range09_11,1.1,true,grouped_ratio,1024,64,1025,0,0.0,0.0,0.05600908938663656,0,0.0,0.0,0.05600908938663656
10028,2,5.0,power_bispectrum_range09_11,1.1,true,view_variance,1024,64,575,0,0.0,0.0,0.05600908938663656,0,0.0,0.0,0.05600908938663656
10028,2,5.0,power_bispectrum_range09_11,1.1,removed,individual_ratio,1024,64,1025,0,0.0,0.0,0.05600908938663656,0,0.0,0.0,0.05600908938663656
10028,2,5.0,power_bispectrum_range09_11,1.1,removed,grouped_ratio,1024,64,1025,0,0.0,0.0,0.05600908938663656,0,0.0,0.0,0.05600908938663656
10028,2,5.0,power_bispectrum_range09_11,1.1,removed,view_variance,1024,64,558,0,0.0,0.0,0.05600908938663656,0,0.0,0.0,0.05600908938663656
10049,0,1.1,power_range09_11,0.9,true,individual_ratio,1024,64,537,0,0.0,0.0,0.05600908938663656,0,0.0,0.0,0.05600908938663656
10049,0,1.1,power_range09_11,0.9,true,grouped_ratio,1024,64,536,0,0.0,0.0,0.05600908938663656,0,0.0,0.0,0.05600908938663656
10049,0,1.1,power_range09_11,0.9,true,view_variance,1024,64,496,0,0.0,0.0,0.05600908938663656,0,0.0,0.0,0.05600908938663656
10049,0,1.1,power_range09_11,0.9,removed,individual_ratio,1024,64,506,0,0.0,0.0,0.05600908938663656,0,0.0,0.0,0.05600908938663656
10049,0,1.1,power_range09_11,0.9,removed,grouped_ratio,1024,64,505,0,0.0,0.0,0.05600908938663656,0,0.0,0.0,0.05600908938663656
10049,0,1.1,power_range09_11,0.9,removed,view_variance,1024,64,469,0,0.0,0.0,0.05600908938663656,0,0.0,0.0,0.05600908938663656
10049,0,1.1,power_range09_11,1.0,true,individual_ratio,1024,64,537,0,0.0,0.0,0.05600908938663656,0,0.0,0.0,0.05600908938663656
10049,0,1.1,power_range09_11,1.0,true,grouped_ratio,1024,64,536,0,0.0,0.0,0.05600908938663656,0,0.0,0.0,0.05600908938663656
10049,0,1.1,power_range09_11,1.0,true,view_variance,1024,64,496,0,0.0,0.0,0.05600908938663656,0,0.0,0.0,0.05600908938663656
10049,0,1.1,power_range09_11,1.0,removed,individual_ratio,1024,64,506,0,0.0,0.0,0.05600908938663656,0,0.0,0.0,0.05600908938663656
10049,0,1.1,power_range09_11,1.0,removed,grouped_ratio,1024,64,505,0,0.0,0.0,0.05600908938663656,0,0.0,0.0,0.05600908938663656
10049,0,1.1,power_range09_11,1.0,removed,view_variance,1024,64,469,4,0.0625,0.017290027381055274,0.15236347342269677,0,0.0,0.0,0.05600908938663656
10049,0,1.1,power_range09_11,1.1,true,individual_ratio,1024,64,537,0,0.0,0.0,0.05600908938663656,0,0.0,0.0,0.05600908938663656
10049,0,1.1,power_range09_11,1.1,true,grouped_ratio,1024,64,536,0,0.0,0.0,0.05600908938663656,0,0.0,0.0,0.05600908938663656
10049,0,1.1,power_range09_11,1.1,true,view_variance,1024,64,496,0,0.0,0.0,0.05600908938663656,0,0.0,0.0,0.05600908938663656
10049,0,1.1,power_range09_11,1.1,removed,individual_ratio,1024,64,506,0,0.0,0.0,0.05600908938663656,0,0.0,0.0,0.05600908938663656
10049,0,1.1,power_range09_11,1.1,removed,grouped_ratio,1024,64,505,0,0.0,0.0,0.05600908938663656,0,0.0,0.0,0.05600908938663656
10049,0,1.1,power_range09_11,1.1,removed,view_variance,1024,64,469,14,0.21875,0.12506827371524631,0.3396963118152601,0,0.0,0.0,0.05600908938663656
10049,0,1.1,power_bispectrum_range09_11,0.9,true,individual_ratio,1024,64,561,0,0.0,0.0,0.05600908938663656,0,0.0,0.0,0.05600908938663656
10049,0,1.1,power_bispectrum_range09_11,0.9,true,grouped_ratio,1024,64,559,0,0.0,0.0,0.05600908938663656,0,0.0,0.0,0.05600908938663656
10049,0,1.1,power_bispectrum_range09_11,0.9,true,view_variance,1024,64,518,0,0.0,0.0,0.05600908938663656,0,0.0,0.0,0.05600908938663656
10049,0,1.1,power_bispectrum_range09_11,0.9,removed,individual_ratio,1024,64,525,0,0.0,0.0,0.05600908938663656,0,0.0,0.0,0.05600908938663656
10049,0,1.1,power_bispectrum_range09_11,0.9,removed,grouped_ratio,1024,64,524,0,0.0,0.0,0.05600908938663656,0,0.0,0.0,0.05600908938663656
10049,0,1.1,power_bispectrum_range09_11,0.9,removed,view_variance,1024,64,486,2,0.03125,0.0038071813818723694,0.10837052222451712,1,0.015625,0.00039551251405066395,0.08401032643435369
10049,0,1.1,power_bispectrum_range09_11,1.0,true,individual_ratio,1024,64,561,0,0.0,0.0,0.05600908938663656,0,0.0,0.0,0.05600908938663656
10049,0,1.1,power_bispectrum_range09_11,1.0,true,grouped_ratio,1024,64,559,0,0.0,0.0,0.05600908938663656,0,0.0,0.0,0.05600908938663656
10049,0,1.1,power_bispectrum_range09_11,1.0,true,view_variance,1024,64,518,1,0.015625,0.00039551251405066395,0.08401032643435369,0,0.0,0.0,0.05600908938663656
10049,0,1.1,power_bispectrum_range09_11,1.0,removed,individual_ratio,1024,64,525,0,0.0,0.0,0.05600908938663656,0,0.0,0.0,0.05600908938663656
10049,0,1.1,power_bispectrum_range09_11,1.0,removed,grouped_ratio,1024,64,524,0,0.0,0.0,0.05600908938663656,0,0.0,0.0,0.05600908938663656
10049,0,1.1,power_bispectrum_range09_11,1.0,removed,view_variance,1024,64,486,6,0.09375,0.0351873328708183,0.1929691044483439,0,0.0,0.0,0.05600908938663656
10049,0,1.1,power_bispectrum_range09_11,1.1,true,individual_ratio,1024,64,561,0,0.0,0.0,0.05600908938663656,0,0.0,0.0,0.05600908938663656
10049,0,1.1,power_bispectrum_range09_11,1.1,true,grouped_ratio,1024,64,559,0,0.0,0.0,0.05600908938663656,0,0.0,0.0,0.05600908938663656
10049,0,1.1,power_bispectrum_range09_11,1.1,true,view_variance,1024,64,518,2,0.03125,0.0038071813818723694,0.10837052222451712,0,0.0,0.0,0.05600908938663656
10049,0,1.1,power_bispectrum_range09_11,1.1,removed,individual_ratio,1024,64,525,0,0.0,0.0,0.05600908938663656,0,0.0,0.0,0.05600908938663656
10049,0,1.1,power_bispectrum_range09_11,1.1,removed,grouped_ratio,1024,64,524,1,0.015625,0.00039551251405066395,0.08401032643435369,0,0.0,0.0,0.05600908938663656
10049,0,1.1,power_bispectrum_range09_11,1.1,removed,view_variance,1024,64,486,24,0.375,0.25704892244806665,0.5049235399473353,1,0.015625,0.00039551251405066395,0.08401032643435369
10049,1,1.1,power_range09_11,0.9,true,individual_ratio,1024,64,537,0,0.0,0.0,0.05600908938663656,0,0.0,0.0,0.05600908938663656
10049,1,1.1,power_range09_11,0.9,true,grouped_ratio,1024,64,536,0,0.0,0.0,0.05600908938663656,0,0.0,0.0,0.05600908938663656
10049,1,1.1,power_range09_11,0.9,true,view_variance,1024,64,496,0,0.0,0.0,0.05600908938663656,0,0.0,0.0,0.05600908938663656
10049,1,1.1,power_range09_11,0.9,removed,individual_ratio,1024,64,506,0,0.0,0.0,0.05600908938663656,0,0.0,0.0,0.05600908938663656
10049,1,1.1,power_range09_11,0.9,removed,grouped_ratio,1024,64,505,0,0.0,0.0,0.05600908938663656,0,0.0,0.0,0.05600908938663656
10049,1,1.1,power_range09_11,0.9,removed,view_variance,1024,64,469,4,0.0625,0.017290027381055274,0.15236347342269677,0,0.0,0.0,0.05600908938663656
10049,1,1.1,power_range09_11,1.0,true,individual_ratio,1024,64,537,0,0.0,0.0,0.05600908938663656,0,0.0,0.0,0.05600908938663656
10049,1,1.1,power_range09_11,1.0,true,grouped_ratio,1024,64,536,0,0.0,0.0,0.05600908938663656,0,0.0,0.0,0.05600908938663656
10049,1,1.1,power_range09_11,1.0,true,view_variance,1024,64,496,0,0.0,0.0,0.05600908938663656,0,0.0,0.0,0.05600908938663656
10049,1,1.1,power_range09_11,1.0,removed,individual_ratio,1024,64,506,0,0.0,0.0,0.05600908938663656,0,0.0,0.0,0.05600908938663656
10049,1,1.1,power_range09_11,1.0,removed,grouped_ratio,1024,64,505,0,0.0,0.0,0.05600908938663656,0,0.0,0.0,0.05600908938663656
10049,1,1.1,power_range09_11,1.0,removed,view_variance,1024,64,469,11,0.171875,0.08904899632910289,0.2867536578734714,0,0.0,0.0,0.05600908938663656
10049,1,1.1,power_range09_11,1.1,true,individual_ratio,1024,64,537,0,0.0,0.0,0.05600908938663656,0,0.0,0.0,0.05600908938663656
10049,1,1.1,power_range09_11,1.1,true,grouped_ratio,1024,64,536,0,0.0,0.0,0.05600908938663656,0,0.0,0.0,0.05600908938663656
10049,1,1.1,power_range09_11,1.1,true,view_variance,1024,64,496,1,0.015625,0.00039551251405066395,0.08401032643435369,0,0.0,0.0,0.05600908938663656
10049,1,1.1,power_range09_11,1.1,removed,individual_ratio,1024,64,506,0,0.0,0.0,0.05600908938663656,0,0.0,0.0,0.05600908938663656
10049,1,1.1,power_range09_11,1.1,removed,grouped_ratio,1024,64,505,0,0.0,0.0,0.05600908938663656,0,0.0,0.0,0.05600908938663656
10049,1,1.1,power_range09_11,1.1,removed,view_variance,1024,64,469,18,0.28125,0.17596632311607097,0.4076002963220325,1,0.015625,0.00039551251405066395,0.08401032643435369
10049,1,1.1,power_bispectrum_range09_11,0.9,true,individual_ratio,1024,64,561,0,0.0,0.0,0.05600908938663656,0,0.0,0.0,0.05600908938663656
10049,1,1.1,power_bispectrum_range09_11,0.9,true,grouped_ratio,1024,64,559,0,0.0,0.0,0.05600908938663656,0,0.0,0.0,0.05600908938663656
10049,1,1.1,power_bispectrum_range09_11,0.9,true,view_variance,1024,64,518,0,0.0,0.0,0.05600908938663656,0,0.0,0.0,0.05600908938663656
10049,1,1.1,power_bispectrum_range09_11,0.9,removed,individual_ratio,1024,64,525,0,0.0,0.0,0.05600908938663656,0,0.0,0.0,0.05600908938663656
10049,1,1.1,power_bispectrum_range09_11,0.9,removed,grouped_ratio,1024,64,524,0,0.0,0.0,0.05600908938663656,0,0.0,0.0,0.05600908938663656
10049,1,1.1,power_bispectrum_range09_11,0.9,removed,view_variance,1024,64,486,1,0.015625,0.00039551251405066395,0.08401032643435369,0,0.0,0.0,0.05600908938663656
10049,1,1.1,power_bispectrum_range09_11,1.0,true,individual_ratio,1024,64,561,0,0.0,0.0,0.05600908938663656,0,0.0,0.0,0.05600908938663656
10049,1,1.1,power_bispectrum_range09_11,1.0,true,grouped_ratio,1024,64,559,0,0.0,0.0,0.05600908938663656,0,0.0,0.0,0.05600908938663656
10049,1,1.1,power_bispectrum_range09_11,1.0,true,view_variance,1024,64,518,0,0.0,0.0,0.05600908938663656,0,0.0,0.0,0.05600908938663656
10049,1,1.1,power_bispectrum_range09_11,1.0,removed,individual_ratio,1024,64,525,0,0.0,0.0,0.05600908938663656,0,0.0,0.0,0.05600908938663656
10049,1,1.1,power_bispectrum_range09_11,1.0,removed,grouped_ratio,1024,64,524,0,0.0,0.0,0.05600908938663656,0,0.0,0.0,0.05600908938663656
10049,1,1.1,power_bispectrum_range09_11,1.0,removed,view_variance,1024,64,486,4,0.0625,0.017290027381055274,0.15236347342269677,0,0.0,0.0,0.05600908938663656
10049,1,1.1,power_bispectrum_range09_11,1.1,true,individual_ratio,1024,64,561,0,0.0,0.0,0.05600908938663656,0,0.0,0.0,0.05600908938663656
10049,1,1.1,power_bispectrum_range09_11,1.1,true,grouped_ratio,1024,64,559,0,0.0,0.0,0.05600908938663656,0,0.0,0.0,0.05600908938663656
10049,1,1.1,power_bispectrum_range09_11,1.1,true,view_variance,1024,64,518,0,0.0,0.0,0.05600908938663656,0,0.0,0.0,0.05600908938663656
10049,1,1.1,power_bispectrum_range09_11,1.1,removed,individual_ratio,1024,64,525,0,0.0,0.0,0.05600908938663656,0,0.0,0.0,0.05600908938663656
10049,1,1.1,power_bispectrum_range09_11,1.1,removed,grouped_ratio,1024,64,524,0,0.0,0.0,0.05600908938663656,0,0.0,0.0,0.05600908938663656
10049,1,1.1,power_bispectrum_range09_11,1.1,removed,view_variance,1024,64,486,20,0.3125,0.20242147258012988,0.44059436681746184,0,0.0,0.0,0.05600908938663656
10049,2,1.1,power_range09_11,0.9,true,individual_ratio,1024,64,537,0,0.0,0.0,0.05600908938663656,0,0.0,0.0,0.05600908938663656
10049,2,1.1,power_range09_11,0.9,true,grouped_ratio,1024,64,536,0,0.0,0.0,0.05600908938663656,0,0.0,0.0,0.05600908938663656
10049,2,1.1,power_range09_11,0.9,true,view_variance,1024,64,496,0,0.0,0.0,0.05600908938663656,0,0.0,0.0,0.05600908938663656
10049,2,1.1,power_range09_11,0.9,removed,individual_ratio,1024,64,506,0,0.0,0.0,0.05600908938663656,0,0.0,0.0,0.05600908938663656
10049,2,1.1,power_range09_11,0.9,removed,grouped_ratio,1024,64,505,0,0.0,0.0,0.05600908938663656,0,0.0,0.0,0.05600908938663656
10049,2,1.1,power_range09_11,0.9,removed,view_variance,1024,64,469,2,0.03125,0.0038071813818723694,0.10837052222451712,0,0.0,0.0,0.05600908938663656
10049,2,1.1,power_range09_11,1.0,true,individual_ratio,1024,64,537,0,0.0,0.0,0.05600908938663656,0,0.0,0.0,0.05600908938663656
10049,2,1.1,power_range09_11,1.0,true,grouped_ratio,1024,64,536,0,0.0,0.0,0.05600908938663656,0,0.0,0.0,0.05600908938663656
10049,2,1.1,power_range09_11,1.0,true,view_variance,1024,64,496,0,0.0,0.0,0.05600908938663656,0,0.0,0.0,0.05600908938663656
10049,2,1.1,power_range09_11,1.0,removed,individual_ratio,1024,64,506,0,0.0,0.0,0.05600908938663656,0,0.0,0.0,0.05600908938663656
10049,2,1.1,power_range09_11,1.0,removed,grouped_ratio,1024,64,505,0,0.0,0.0,0.05600908938663656,0,0.0,0.0,0.05600908938663656
10049,2,1.1,power_range09_11,1.0,removed,view_variance,1024,64,469,6,0.09375,0.0351873328708183,0.1929691044483439,2,0.03125,0.0038071813818723694,0.10837052222451712
10049,2,1.1,power_range09_11,1.1,true,individual_ratio,1024,64,537,0,0.0,0.0,0.05600908938663656,0,0.0,0.0,0.05600908938663656
10049,2,1.1,power_range09_11,1.1,true,grouped_ratio,1024,64,536,0,0.0,0.0,0.05600908938663656,0,0.0,0.0,0.05600908938663656
10049,2,1.1,power_range09_11,1.1,true,view_variance,1024,64,496,1,0.015625,0.00039551251405066395,0.08401032643435369,0,0.0,0.0,0.05600908938663656
10049,2,1.1,power_range09_11,1.1,removed,individual_ratio,1024,64,506,0,0.0,0.0,0.05600908938663656,0,0.0,0.0,0.05600908938663656
10049,2,1.1,power_range09_11,1.1,removed,grouped_ratio,1024,64,505,0,0.0,0.0,0.05600908938663656,0,0.0,0.0,0.05600908938663656
10049,2,1.1,power_range09_11,1.1,removed,view_variance,1024,64,469,15,0.234375,0.13751547844059608,0.356934110396266,2,0.03125,0.0038071813818723694,0.10837052222451712
10049,2,1.1,power_bispectrum_range09_11,0.9,true,individual_ratio,1024,64,561,0,0.0,0.0,0.05600908938663656,0,0.0,0.0,0.05600908938663656
10049,2,1.1,power_bispectrum_range09_11,0.9,true,grouped_ratio,1024,64,559,0,0.0,0.0,0.05600908938663656,0,0.0,0.0,0.05600908938663656
10049,2,1.1,power_bispectrum_range09_11,0.9,true,view_variance,1024,64,518,0,0.0,0.0,0.05600908938663656,0,0.0,0.0,0.05600908938663656
10049,2,1.1,power_bispectrum_range09_11,0.9,removed,individual_ratio,1024,64,525,0,0.0,0.0,0.05600908938663656,0,0.0,0.0,0.05600908938663656
10049,2,1.1,power_bispectrum_range09_11,0.9,removed,grouped_ratio,1024,64,524,0,0.0,0.0,0.05600908938663656,0,0.0,0.0,0.05600908938663656
10049,2,1.1,power_bispectrum_range09_11,0.9,removed,view_variance,1024,64,486,1,0.015625,0.00039551251405066395,0.08401032643435369,0,0.0,0.0,0.05600908938663656
10049,2,1.1,power_bispectrum_range09_11,1.0,true,individual_ratio,1024,64,561,0,0.0,0.0,0.05600908938663656,0,0.0,0.0,0.05600908938663656
10049,2,1.1,power_bispectrum_range09_11,1.0,true,grouped_ratio,1024,64,559,0,0.0,0.0,0.05600908938663656,0,0.0,0.0,0.05600908938663656
10049,2,1.1,power_bispectrum_range09_11,1.0,true,view_variance,1024,64,518,0,0.0,0.0,0.05600908938663656,0,0.0,0.0,0.05600908938663656
10049,2,1.1,power_bispectrum_range09_11,1.0,removed,individual_ratio,1024,64,525,0,0.0,0.0,0.05600908938663656,0,0.0,0.0,0.05600908938663656
10049,2,1.1,power_bispectrum_range09_11,1.0,removed,grouped_ratio,1024,64,524,0,0.0,0.0,0.05600908938663656,0,0.0,0.0,0.05600908938663656
10049,2,1.1,power_bispectrum_range09_11,1.0,removed,view_variance,1024,64,486,7,0.109375,0.04512102018711486,0.2124572259554024,0,0.0,0.0,0.05600908938663656
10049,2,1.1,power_bispectrum_range09_11,1.1,true,individual_ratio,1024,64,561,0,0.0,0.0,0.05600908938663656,0,0.0,0.0,0.05600908938663656
10049,2,1.1,power_bispectrum_range09_11,1.1,true,grouped_ratio,1024,64,559,0,0.0,0.0,0.05600908938663656,0,0.0,0.0,0.05600908938663656
10049,2,1.1,power_bispectrum_range09_11,1.1,true,view_variance,1024,64,518,0,0.0,0.0,0.05600908938663656,0,0.0,0.0,0.05600908938663656
10049,2,1.1,power_bispectrum_range09_11,1.1,removed,individual_ratio,1024,64,525,0,0.0,0.0,0.05600908938663656,0,0.0,0.0,0.05600908938663656
10049,2,1.1,power_bispectrum_range09_11,1.1,removed,grouped_ratio,1024,64,524,0,0.0,0.0,0.05600908938663656,0,0.0,0.0,0.05600908938663656
10049,2,1.1,power_bispectrum_range09_11,1.1,removed,view_variance,1024,64,486,16,0.25,0.15015557408527275,0.3739904568818191,0,0.0,0.0,0.05600908938663656
10049,0,2.0,power_range09_11,0.9,true,individual_ratio,1024,64,943,0,0.0,0.0,0.05600908938663656,0,0.0,0.0,0.05600908938663656
10049,0,2.0,power_range09_11,0.9,true,grouped_ratio,1024,64,941,0,0.0,0.0,0.05600908938663656,0,0.0,0.0,0.05600908938663656
10049,0,2.0,power_range09_11,0.9,true,view_variance,1024,64,511,0,0.0,0.0,0.05600908938663656,0,0.0,0.0,0.05600908938663656
10049,0,2.0,power_range09_11,0.9,removed,individual_ratio,1024,64,890,0,0.0,0.0,0.05600908938663656,0,0.0,0.0,0.05600908938663656
10049,0,2.0,power_range09_11,0.9,removed,grouped_ratio,1024,64,889,0,0.0,0.0,0.05600908938663656,0,0.0,0.0,0.05600908938663656
10049,0,2.0,power_range09_11,0.9,removed,view_variance,1024,64,483,0,0.0,0.0,0.05600908938663656,0,0.0,0.0,0.05600908938663656
10049,0,2.0,power_range09_11,1.0,true,individual_ratio,1024,64,943,0,0.0,0.0,0.05600908938663656,0,0.0,0.0,0.05600908938663656
10049,0,2.0,power_range09_11,1.0,true,grouped_ratio,1024,64,941,0,0.0,0.0,0.05600908938663656,0,0.0,0.0,0.05600908938663656
10049,0,2.0,power_range09_11,1.0,true,view_variance,1024,64,511,0,0.0,0.0,0.05600908938663656,0,0.0,0.0,0.05600908938663656
10049,0,2.0,power_range09_11,1.0,removed,individual_ratio,1024,64,890,0,0.0,0.0,0.05600908938663656,0,0.0,0.0,0.05600908938663656
10049,0,2.0,power_range09_11,1.0,removed,grouped_ratio,1024,64,889,0,0.0,0.0,0.05600908938663656,0,0.0,0.0,0.05600908938663656
10049,0,2.0,power_range09_11,1.0,removed,view_variance,1024,64,483,1,0.015625,0.00039551251405066395,0.08401032643435369,0,0.0,0.0,0.05600908938663656
10049,0,2.0,power_range09_11,1.1,true,individual_ratio,1024,64,943,0,0.0,0.0,0.05600908938663656,0,0.0,0.0,0.05600908938663656
10049,0,2.0,power_range09_11,1.1,true,grouped_ratio,1024,64,941,0,0.0,0.0,0.05600908938663656,0,0.0,0.0,0.05600908938663656
10049,0,2.0,power_range09_11,1.1,true,view_variance,1024,64,511,0,0.0,0.0,0.05600908938663656,0,0.0,0.0,0.05600908938663656
10049,0,2.0,power_range09_11,1.1,removed,individual_ratio,1024,64,890,0,0.0,0.0,0.05600908938663656,0,0.0,0.0,0.05600908938663656
10049,0,2.0,power_range09_11,1.1,removed,grouped_ratio,1024,64,889,0,0.0,0.0,0.05600908938663656,0,0.0,0.0,0.05600908938663656
10049,0,2.0,power_range09_11,1.1,removed,view_variance,1024,64,483,3,0.046875,0.009773074954456548,0.13093573724140584,0,0.0,0.0,0.05600908938663656
10049,0,2.0,power_bispectrum_range09_11,0.9,true,individual_ratio,1024,64,982,0,0.0,0.0,0.05600908938663656,0,0.0,0.0,0.05600908938663656
10049,0,2.0,power_bispectrum_range09_11,0.9,true,grouped_ratio,1024,64,979,0,0.0,0.0,0.05600908938663656,0,0.0,0.0,0.05600908938663656
10049,0,2.0,power_bispectrum_range09_11,0.9,true,view_variance,1024,64,534,0,0.0,0.0,0.05600908938663656,0,0.0,0.0,0.05600908938663656
10049,0,2.0,power_bispectrum_range09_11,0.9,removed,individual_ratio,1024,64,923,0,0.0,0.0,0.05600908938663656,0,0.0,0.0,0.05600908938663656
10049,0,2.0,power_bispectrum_range09_11,0.9,removed,grouped_ratio,1024,64,920,0,0.0,0.0,0.05600908938663656,0,0.0,0.0,0.05600908938663656
10049,0,2.0,power_bispectrum_range09_11,0.9,removed,view_variance,1024,64,501,0,0.0,0.0,0.05600908938663656,0,0.0,0.0,0.05600908938663656
10049,0,2.0,power_bispectrum_range09_11,1.0,true,individual_ratio,1024,64,982,0,0.0,0.0,0.05600908938663656,0,0.0,0.0,0.05600908938663656
10049,0,2.0,power_bispectrum_range09_11,1.0,true,grouped_ratio,1024,64,979,0,0.0,0.0,0.05600908938663656,0,0.0,0.0,0.05600908938663656
10049,0,2.0,power_bispectrum_range09_11,1.0,true,view_variance,1024,64,534,0,0.0,0.0,0.05600908938663656,0,0.0,0.0,0.05600908938663656
10049,0,2.0,power_bispectrum_range09_11,1.0,removed,individual_ratio,1024,64,923,0,0.0,0.0,0.05600908938663656,0,0.0,0.0,0.05600908938663656
10049,0,2.0,power_bispectrum_range09_11,1.0,removed,grouped_ratio,1024,64,920,0,0.0,0.0,0.05600908938663656,0,0.0,0.0,0.05600908938663656
10049,0,2.0,power_bispectrum_range09_11,1.0,removed,view_variance,1024,64,501,1,0.015625,0.00039551251405066395,0.08401032643435369,0,0.0,0.0,0.05600908938663656
10049,0,2.0,power_bispectrum_range09_11,1.1,true,individual_ratio,1024,64,982,0,0.0,0.0,0.05600908938663656,0,0.0,0.0,0.05600908938663656
10049,0,2.0,power_bispectrum_range09_11,1.1,true,grouped_ratio,1024,64,979,0,0.0,0.0,0.05600908938663656,0,0.0,0.0,0.05600908938663656
10049,0,2.0,power_bispectrum_range09_11,1.1,true,view_variance,1024,64,534,0,0.0,0.0,0.05600908938663656,0,0.0,0.0,0.05600908938663656
10049,0,2.0,power_bispectrum_range09_11,1.1,removed,individual_ratio,1024,64,923,0,0.0,0.0,0.05600908938663656,0,0.0,0.0,0.05600908938663656
10049,0,2.0,power_bispectrum_range09_11,1.1,removed,grouped_ratio,1024,64,920,0,0.0,0.0,0.05600908938663656,0,0.0,0.0,0.05600908938663656
10049,0,2.0,power_bispectrum_range09_11,1.1,removed,view_variance,1024,64,501,9,0.140625,0.06637407166842632,0.2502368356240119,0,0.0,0.0,0.05600908938663656
10049,1,2.0,power_range09_11,0.9,true,individual_ratio,1024,64,943,0,0.0,0.0,0.05600908938663656,0,0.0,0.0,0.05600908938663656
10049,1,2.0,power_range09_11,0.9,true,grouped_ratio,1024,64,941,0,0.0,0.0,0.05600908938663656,0,0.0,0.0,0.05600908938663656
10049,1,2.0,power_range09_11,0.9,true,view_variance,1024,64,511,0,0.0,0.0,0.05600908938663656,0,0.0,0.0,0.05600908938663656
10049,1,2.0,power_range09_11,0.9,removed,individual_ratio,1024,64,890,0,0.0,0.0,0.05600908938663656,0,0.0,0.0,0.05600908938663656
10049,1,2.0,power_range09_11,0.9,removed,grouped_ratio,1024,64,889,0,0.0,0.0,0.05600908938663656,0,0.0,0.0,0.05600908938663656
10049,1,2.0,power_range09_11,0.9,removed,view_variance,1024,64,483,0,0.0,0.0,0.05600908938663656,0,0.0,0.0,0.05600908938663656
10049,1,2.0,power_range09_11,1.0,true,individual_ratio,1024,64,943,0,0.0,0.0,0.05600908938663656,0,0.0,0.0,0.05600908938663656
10049,1,2.0,power_range09_11,1.0,true,grouped_ratio,1024,64,941,0,0.0,0.0,0.05600908938663656,0,0.0,0.0,0.05600908938663656
10049,1,2.0,power_range09_11,1.0,true,view_variance,1024,64,511,0,0.0,0.0,0.05600908938663656,0,0.0,0.0,0.05600908938663656
10049,1,2.0,power_range09_11,1.0,removed,individual_ratio,1024,64,890,0,0.0,0.0,0.05600908938663656,0,0.0,0.0,0.05600908938663656
10049,1,2.0,power_range09_11,1.0,removed,grouped_ratio,1024,64,889,0,0.0,0.0,0.05600908938663656,0,0.0,0.0,0.05600908938663656
10049,1,2.0,power_range09_11,1.0,removed,view_variance,1024,64,483,0,0.0,0.0,0.05600908938663656,0,0.0,0.0,0.05600908938663656
10049,1,2.0,power_range09_11,1.1,true,individual_ratio,1024,64,943,0,0.0,0.0,0.05600908938663656,0,0.0,0.0,0.05600908938663656
10049,1,2.0,power_range09_11,1.1,true,grouped_ratio,1024,64,941,0,0.0,0.0,0.05600908938663656,0,0.0,0.0,0.05600908938663656
10049,1,2.0,power_range09_11,1.1,true,view_variance,1024,64,511,0,0.0,0.0,0.05600908938663656,0,0.0,0.0,0.05600908938663656
10049,1,2.0,power_range09_11,1.1,removed,individual_ratio,1024,64,890,0,0.0,0.0,0.05600908938663656,0,0.0,0.0,0.05600908938663656
10049,1,2.0,power_range09_11,1.1,removed,grouped_ratio,1024,64,889,0,0.0,0.0,0.05600908938663656,0,0.0,0.0,0.05600908938663656
10049,1,2.0,power_range09_11,1.1,removed,view_variance,1024,64,483,2,0.03125,0.0038071813818723694,0.10837052222451712,0,0.0,0.0,0.05600908938663656
10049,1,2.0,power_bispectrum_range09_11,0.9,true,individual_ratio,1024,64,982,0,0.0,0.0,0.05600908938663656,0,0.0,0.0,0.05600908938663656
10049,1,2.0,power_bispectrum_range09_11,0.9,true,grouped_ratio,1024,64,979,0,0.0,0.0,0.05600908938663656,0,0.0,0.0,0.05600908938663656
10049,1,2.0,power_bispectrum_range09_11,0.9,true,view_variance,1024,64,534,0,0.0,0.0,0.05600908938663656,0,0.0,0.0,0.05600908938663656
10049,1,2.0,power_bispectrum_range09_11,0.9,removed,individual_ratio,1024,64,923,0,0.0,0.0,0.05600908938663656,0,0.0,0.0,0.05600908938663656
10049,1,2.0,power_bispectrum_range09_11,0.9,removed,grouped_ratio,1024,64,920,0,0.0,0.0,0.05600908938663656,0,0.0,0.0,0.05600908938663656
10049,1,2.0,power_bispectrum_range09_11,0.9,removed,view_variance,1024,64,501,0,0.0,0.0,0.05600908938663656,0,0.0,0.0,0.05600908938663656
10049,1,2.0,power_bispectrum_range09_11,1.0,true,individual_ratio,1024,64,982,0,0.0,0.0,0.05600908938663656,0,0.0,0.0,0.05600908938663656
10049,1,2.0,power_bispectrum_range09_11,1.0,true,grouped_ratio,1024,64,979,0,0.0,0.0,0.05600908938663656,0,0.0,0.0,0.05600908938663656
10049,1,2.0,power_bispectrum_range09_11,1.0,true,view_variance,1024,64,534,0,0.0,0.0,0.05600908938663656,0,0.0,0.0,0.05600908938663656
10049,1,2.0,power_bispectrum_range09_11,1.0,removed,individual_ratio,1024,64,923,0,0.0,0.0,0.05600908938663656,0,0.0,0.0,0.05600908938663656
10049,1,2.0,power_bispectrum_range09_11,1.0,removed,grouped_ratio,1024,64,920,0,0.0,0.0,0.05600908938663656,0,0.0,0.0,0.05600908938663656
10049,1,2.0,power_bispectrum_range09_11,1.0,removed,view_variance,1024,64,501,0,0.0,0.0,0.05600908938663656,0,0.0,0.0,0.05600908938663656
10049,1,2.0,power_bispectrum_range09_11,1.1,true,individual_ratio,1024,64,982,0,0.0,0.0,0.05600908938663656,0,0.0,0.0,0.05600908938663656
10049,1,2.0,power_bispectrum_range09_11,1.1,true,grouped_ratio,1024,64,979,0,0.0,0.0,0.05600908938663656,0,0.0,0.0,0.05600908938663656
10049,1,2.0,power_bispectrum_range09_11,1.1,true,view_variance,1024,64,534,0,0.0,0.0,0.05600908938663656,0,0.0,0.0,0.05600908938663656
10049,1,2.0,power_bispectrum_range09_11,1.1,removed,individual_ratio,1024,64,923,0,0.0,0.0,0.05600908938663656,0,0.0,0.0,0.05600908938663656
10049,1,2.0,power_bispectrum_range09_11,1.1,removed,grouped_ratio,1024,64,920,0,0.0,0.0,0.05600908938663656,0,0.0,0.0,0.05600908938663656
10049,1,2.0,power_bispectrum_range09_11,1.1,removed,view_variance,1024,64,501,2,0.03125,0.0038071813818723694,0.10837052222451712,0,0.0,0.0,0.05600908938663656
10049,2,2.0,power_range09_11,0.9,true,individual_ratio,1024,64,943,0,0.0,0.0,0.05600908938663656,0,0.0,0.0,0.05600908938663656
10049,2,2.0,power_range09_11,0.9,true,grouped_ratio,1024,64,941,0,0.0,0.0,0.05600908938663656,0,0.0,0.0,0.05600908938663656
10049,2,2.0,power_range09_11,0.9,true,view_variance,1024,64,511,0,0.0,0.0,0.05600908938663656,0,0.0,0.0,0.05600908938663656
10049,2,2.0,power_range09_11,0.9,removed,individual_ratio,1024,64,890,0,0.0,0.0,0.05600908938663656,0,0.0,0.0,0.05600908938663656
10049,2,2.0,power_range09_11,0.9,removed,grouped_ratio,1024,64,889,0,0.0,0.0,0.05600908938663656,0,0.0,0.0,0.05600908938663656
10049,2,2.0,power_range09_11,0.9,removed,view_variance,1024,64,483,0,0.0,0.0,0.05600908938663656,0,0.0,0.0,0.05600908938663656
10049,2,2.0,power_range09_11,1.0,true,individual_ratio,1024,64,943,0,0.0,0.0,0.05600908938663656,0,0.0,0.0,0.05600908938663656
10049,2,2.0,power_range09_11,1.0,true,grouped_ratio,1024,64,941,0,0.0,0.0,0.05600908938663656,0,0.0,0.0,0.05600908938663656
10049,2,2.0,power_range09_11,1.0,true,view_variance,1024,64,511,0,0.0,0.0,0.05600908938663656,0,0.0,0.0,0.05600908938663656
10049,2,2.0,power_range09_11,1.0,removed,individual_ratio,1024,64,890,0,0.0,0.0,0.05600908938663656,0,0.0,0.0,0.05600908938663656
10049,2,2.0,power_range09_11,1.0,removed,grouped_ratio,1024,64,889,0,0.0,0.0,0.05600908938663656,0,0.0,0.0,0.05600908938663656
10049,2,2.0,power_range09_11,1.0,removed,view_variance,1024,64,483,1,0.015625,0.00039551251405066395,0.08401032643435369,0,0.0,0.0,0.05600908938663656
10049,2,2.0,power_range09_11,1.1,true,individual_ratio,1024,64,943,0,0.0,0.0,0.05600908938663656,0,0.0,0.0,0.05600908938663656
10049,2,2.0,power_range09_11,1.1,true,grouped_ratio,1024,64,941,0,0.0,0.0,0.05600908938663656,0,0.0,0.0,0.05600908938663656
10049,2,2.0,power_range09_11,1.1,true,view_variance,1024,64,511,0,0.0,0.0,0.05600908938663656,0,0.0,0.0,0.05600908938663656
10049,2,2.0,power_range09_11,1.1,removed,individual_ratio,1024,64,890,0,0.0,0.0,0.05600908938663656,0,0.0,0.0,0.05600908938663656
10049,2,2.0,power_range09_11,1.1,removed,grouped_ratio,1024,64,889,0,0.0,0.0,0.05600908938663656,0,0.0,0.0,0.05600908938663656
10049,2,2.0,power_range09_11,1.1,removed,view_variance,1024,64,483,4,0.0625,0.017290027381055274,0.15236347342269677,0,0.0,0.0,0.05600908938663656
10049,2,2.0,power_bispectrum_range09_11,0.9,true,individual_ratio,1024,64,982,0,0.0,0.0,0.05600908938663656,0,0.0,0.0,0.05600908938663656
10049,2,2.0,power_bispectrum_range09_11,0.9,true,grouped_ratio,1024,64,979,0,0.0,0.0,0.05600908938663656,0,0.0,0.0,0.05600908938663656
10049,2,2.0,power_bispectrum_range09_11,0.9,true,view_variance,1024,64,534,0,0.0,0.0,0.05600908938663656,0,0.0,0.0,0.05600908938663656
10049,2,2.0,power_bispectrum_range09_11,0.9,removed,individual_ratio,1024,64,923,0,0.0,0.0,0.05600908938663656,0,0.0,0.0,0.05600908938663656
10049,2,2.0,power_bispectrum_range09_11,0.9,removed,grouped_ratio,1024,64,920,0,0.0,0.0,0.05600908938663656,0,0.0,0.0,0.05600908938663656
10049,2,2.0,power_bispectrum_range09_11,0.9,removed,view_variance,1024,64,501,0,0.0,0.0,0.05600908938663656,0,0.0,0.0,0.05600908938663656
10049,2,2.0,power_bispectrum_range09_11,1.0,true,individual_ratio,1024,64,982,0,0.0,0.0,0.05600908938663656,0,0.0,0.0,0.05600908938663656
10049,2,2.0,power_bispectrum_range09_11,1.0,true,grouped_ratio,1024,64,979,0,0.0,0.0,0.05600908938663656,0,0.0,0.0,0.05600908938663656
10049,2,2.0,power_bispectrum_range09_11,1.0,true,view_variance,1024,64,534,0,0.0,0.0,0.05600908938663656,0,0.0,0.0,0.05600908938663656
10049,2,2.0,power_bispectrum_range09_11,1.0,removed,individual_ratio,1024,64,923,0,0.0,0.0,0.05600908938663656,0,0.0,0.0,0.05600908938663656
10049,2,2.0,power_bispectrum_range09_11,1.0,removed,grouped_ratio,1024,64,920,0,0.0,0.0,0.05600908938663656,0,0.0,0.0,0.05600908938663656
10049,2,2.0,power_bispectrum_range09_11,1.0,removed,view_variance,1024,64,501,1,0.015625,0.00039551251405066395,0.08401032643435369,0,0.0,0.0,0.05600908938663656
10049,2,2.0,power_bispectrum_range09_11,1.1,true,individual_ratio,1024,64,982,0,0.0,0.0,0.05600908938663656,0,0.0,0.0,0.05600908938663656
10049,2,2.0,power_bispectrum_range09_11,1.1,true,grouped_ratio,1024,64,979,0,0.0,0.0,0.05600908938663656,0,0.0,0.0,0.05600908938663656
10049,2,2.0,power_bispectrum_range09_11,1.1,true,view_variance,1024,64,534,0,0.0,0.0,0.05600908938663656,0,0.0,0.0,0.05600908938663656
10049,2,2.0,power_bispectrum_range09_11,1.1,removed,individual_ratio,1024,64,923,0,0.0,0.0,0.05600908938663656,0,0.0,0.0,0.05600908938663656
10049,2,2.0,power_bispectrum_range09_11,1.1,removed,grouped_ratio,1024,64,920,0,0.0,0.0,0.05600908938663656,0,0.0,0.0,0.05600908938663656
10049,2,2.0,power_bispectrum_range09_11,1.1,removed,view_variance,1024,64,501,5,0.078125,0.02585384016796813,0.17297832900420762,0,0.0,0.0,0.05600908938663656
10049,0,5.0,power_range09_11,0.9,true,individual_ratio,1024,64,1025,0,0.0,0.0,0.05600908938663656,0,0.0,0.0,0.05600908938663656
10049,0,5.0,power_range09_11,0.9,true,grouped_ratio,1024,64,1025,0,0.0,0.0,0.05600908938663656,0,0.0,0.0,0.05600908938663656
10049,0,5.0,power_range09_11,0.9,true,view_variance,1024,64,532,0,0.0,0.0,0.05600908938663656,0,0.0,0.0,0.05600908938663656
10049,0,5.0,power_range09_11,0.9,removed,individual_ratio,1024,64,1025,0,0.0,0.0,0.05600908938663656,0,0.0,0.0,0.05600908938663656
10049,0,5.0,power_range09_11,0.9,removed,grouped_ratio,1024,64,1025,0,0.0,0.0,0.05600908938663656,0,0.0,0.0,0.05600908938663656
10049,0,5.0,power_range09_11,0.9,removed,view_variance,1024,64,504,0,0.0,0.0,0.05600908938663656,0,0.0,0.0,0.05600908938663656
10049,0,5.0,power_range09_11,1.0,true,individual_ratio,1024,64,1025,0,0.0,0.0,0.05600908938663656,0,0.0,0.0,0.05600908938663656
10049,0,5.0,power_range09_11,1.0,true,grouped_ratio,1024,64,1025,0,0.0,0.0,0.05600908938663656,0,0.0,0.0,0.05600908938663656
10049,0,5.0,power_range09_11,1.0,true,view_variance,1024,64,532,0,0.0,0.0,0.05600908938663656,0,0.0,0.0,0.05600908938663656
10049,0,5.0,power_range09_11,1.0,removed,individual_ratio,1024,64,1025,0,0.0,0.0,0.05600908938663656,0,0.0,0.0,0.05600908938663656
10049,0,5.0,power_range09_11,1.0,removed,grouped_ratio,1024,64,1025,0,0.0,0.0,0.05600908938663656,0,0.0,0.0,0.05600908938663656
10049,0,5.0,power_range09_11,1.0,removed,view_variance,1024,64,504,0,0.0,0.0,0.05600908938663656,0,0.0,0.0,0.05600908938663656
10049,0,5.0,power_range09_11,1.1,true,individual_ratio,1024,64,1025,0,0.0,0.0,0.05600908938663656,0,0.0,0.0,0.05600908938663656
10049,0,5.0,power_range09_11,1.1,true,grouped_ratio,1024,64,1025,0,0.0,0.0,0.05600908938663656,0,0.0,0.0,0.05600908938663656
10049,0,5.0,power_range09_11,1.1,true,view_variance,1024,64,532,0,0.0,0.0,0.05600908938663656,0,0.0,0.0,0.05600908938663656
10049,0,5.0,power_range09_11,1.1,removed,individual_ratio,1024,64,1025,0,0.0,0.0,0.05600908938663656,0,0.0,0.0,0.05600908938663656
10049,0,5.0,power_range09_11,1.1,removed,grouped_ratio,1024,64,1025,0,0.0,0.0,0.05600908938663656,0,0.0,0.0,0.05600908938663656
10049,0,5.0,power_range09_11,1.1,removed,view_variance,1024,64,504,0,0.0,0.0,0.05600908938663656,0,0.0,0.0,0.05600908938663656
10049,0,5.0,power_bispectrum_range09_11,0.9,true,individual_ratio,1024,64,1025,0,0.0,0.0,0.05600908938663656,0,0.0,0.0,0.05600908938663656
10049,0,5.0,power_bispectrum_range09_11,0.9,true,grouped_ratio,1024,64,1025,0,0.0,0.0,0.05600908938663656,0,0.0,0.0,0.05600908938663656
10049,0,5.0,power_bispectrum_range09_11,0.9,true,view_variance,1024,64,557,0,0.0,0.0,0.05600908938663656,0,0.0,0.0,0.05600908938663656
10049,0,5.0,power_bispectrum_range09_11,0.9,removed,individual_ratio,1024,64,1025,0,0.0,0.0,0.05600908938663656,0,0.0,0.0,0.05600908938663656
10049,0,5.0,power_bispectrum_range09_11,0.9,removed,grouped_ratio,1024,64,1025,0,0.0,0.0,0.05600908938663656,0,0.0,0.0,0.05600908938663656
10049,0,5.0,power_bispectrum_range09_11,0.9,removed,view_variance,1024,64,523,0,0.0,0.0,0.05600908938663656,0,0.0,0.0,0.05600908938663656
10049,0,5.0,power_bispectrum_range09_11,1.0,true,individual_ratio,1024,64,1025,0,0.0,0.0,0.05600908938663656,0,0.0,0.0,0.05600908938663656
10049,0,5.0,power_bispectrum_range09_11,1.0,true,grouped_ratio,1024,64,1025,0,0.0,0.0,0.05600908938663656,0,0.0,0.0,0.05600908938663656
10049,0,5.0,power_bispectrum_range09_11,1.0,true,view_variance,1024,64,557,0,0.0,0.0,0.05600908938663656,0,0.0,0.0,0.05600908938663656
10049,0,5.0,power_bispectrum_range09_11,1.0,removed,individual_ratio,1024,64,1025,0,0.0,0.0,0.05600908938663656,0,0.0,0.0,0.05600908938663656
10049,0,5.0,power_bispectrum_range09_11,1.0,removed,grouped_ratio,1024,64,1025,0,0.0,0.0,0.05600908938663656,0,0.0,0.0,0.05600908938663656
10049,0,5.0,power_bispectrum_range09_11,1.0,removed,view_variance,1024,64,523,0,0.0,0.0,0.05600908938663656,0,0.0,0.0,0.05600908938663656
10049,0,5.0,power_bispectrum_range09_11,1.1,true,individual_ratio,1024,64,1025,0,0.0,0.0,0.05600908938663656,0,0.0,0.0,0.05600908938663656
10049,0,5.0,power_bispectrum_range09_11,1.1,true,grouped_ratio,1024,64,1025,0,0.0,0.0,0.05600908938663656,0,0.0,0.0,0.05600908938663656
10049,0,5.0,power_bispectrum_range09_11,1.1,true,view_variance,1024,64,557,0,0.0,0.0,0.05600908938663656,0,0.0,0.0,0.05600908938663656
10049,0,5.0,power_bispectrum_range09_11,1.1,removed,individual_ratio,1024,64,1025,0,0.0,0.0,0.05600908938663656,0,0.0,0.0,0.05600908938663656
10049,0,5.0,power_bispectrum_range09_11,1.1,removed,grouped_ratio,1024,64,1025,0,0.0,0.0,0.05600908938663656,0,0.0,0.0,0.05600908938663656
10049,0,5.0,power_bispectrum_range09_11,1.1,removed,view_variance,1024,64,523,0,0.0,0.0,0.05600908938663656,0,0.0,0.0,0.05600908938663656
10049,1,5.0,power_range09_11,0.9,true,individual_ratio,1024,64,1025,0,0.0,0.0,0.05600908938663656,0,0.0,0.0,0.05600908938663656
10049,1,5.0,power_range09_11,0.9,true,grouped_ratio,1024,64,1025,0,0.0,0.0,0.05600908938663656,0,0.0,0.0,0.05600908938663656
10049,1,5.0,power_range09_11,0.9,true,view_variance,1024,64,532,0,0.0,0.0,0.05600908938663656,0,0.0,0.0,0.05600908938663656
10049,1,5.0,power_range09_11,0.9,removed,individual_ratio,1024,64,1025,0,0.0,0.0,0.05600908938663656,0,0.0,0.0,0.05600908938663656
10049,1,5.0,power_range09_11,0.9,removed,grouped_ratio,1024,64,1025,0,0.0,0.0,0.05600908938663656,0,0.0,0.0,0.05600908938663656
10049,1,5.0,power_range09_11,0.9,removed,view_variance,1024,64,504,0,0.0,0.0,0.05600908938663656,0,0.0,0.0,0.05600908938663656
10049,1,5.0,power_range09_11,1.0,true,individual_ratio,1024,64,1025,0,0.0,0.0,0.05600908938663656,0,0.0,0.0,0.05600908938663656
10049,1,5.0,power_range09_11,1.0,true,grouped_ratio,1024,64,1025,0,0.0,0.0,0.05600908938663656,0,0.0,0.0,0.05600908938663656
10049,1,5.0,power_range09_11,1.0,true,view_variance,1024,64,532,0,0.0,0.0,0.05600908938663656,0,0.0,0.0,0.05600908938663656
10049,1,5.0,power_range09_11,1.0,removed,individual_ratio,1024,64,1025,0,0.0,0.0,0.05600908938663656,0,0.0,0.0,0.05600908938663656
10049,1,5.0,power_range09_11,1.0,removed,grouped_ratio,1024,64,1025,0,0.0,0.0,0.05600908938663656,0,0.0,0.0,0.05600908938663656
10049,1,5.0,power_range09_11,1.0,removed,view_variance,1024,64,504,0,0.0,0.0,0.05600908938663656,0,0.0,0.0,0.05600908938663656
10049,1,5.0,power_range09_11,1.1,true,individual_ratio,1024,64,1025,0,0.0,0.0,0.05600908938663656,0,0.0,0.0,0.05600908938663656
10049,1,5.0,power_range09_11,1.1,true,grouped_ratio,1024,64,1025,0,0.0,0.0,0.05600908938663656,0,0.0,0.0,0.05600908938663656
10049,1,5.0,power_range09_11,1.1,true,view_variance,1024,64,532,0,0.0,0.0,0.05600908938663656,0,0.0,0.0,0.05600908938663656
10049,1,5.0,power_range09_11,1.1,removed,individual_ratio,1024,64,1025,0,0.0,0.0,0.05600908938663656,0,0.0,0.0,0.05600908938663656
10049,1,5.0,power_range09_11,1.1,removed,grouped_ratio,1024,64,1025,0,0.0,0.0,0.05600908938663656,0,0.0,0.0,0.05600908938663656
10049,1,5.0,power_range09_11,1.1,removed,view_variance,1024,64,504,0,0.0,0.0,0.05600908938663656,0,0.0,0.0,0.05600908938663656
10049,1,5.0,power_bispectrum_range09_11,0.9,true,individual_ratio,1024,64,1025,0,0.0,0.0,0.05600908938663656,0,0.0,0.0,0.05600908938663656
10049,1,5.0,power_bispectrum_range09_11,0.9,true,grouped_ratio,1024,64,1025,0,0.0,0.0,0.05600908938663656,0,0.0,0.0,0.05600908938663656
10049,1,5.0,power_bispectrum_range09_11,0.9,true,view_variance,1024,64,557,0,0.0,0.0,0.05600908938663656,0,0.0,0.0,0.05600908938663656
10049,1,5.0,power_bispectrum_range09_11,0.9,removed,individual_ratio,1024,64,1025,0,0.0,0.0,0.05600908938663656,0,0.0,0.0,0.05600908938663656
10049,1,5.0,power_bispectrum_range09_11,0.9,removed,grouped_ratio,1024,64,1025,0,0.0,0.0,0.05600908938663656,0,0.0,0.0,0.05600908938663656
10049,1,5.0,power_bispectrum_range09_11,0.9,removed,view_variance,1024,64,523,0,0.0,0.0,0.05600908938663656,0,0.0,0.0,0.05600908938663656
10049,1,5.0,power_bispectrum_range09_11,1.0,true,individual_ratio,1024,64,1025,0,0.0,0.0,0.05600908938663656,0,0.0,0.0,0.05600908938663656
10049,1,5.0,power_bispectrum_range09_11,1.0,true,grouped_ratio,1024,64,1025,0,0.0,0.0,0.05600908938663656,0,0.0,0.0,0.05600908938663656
10049,1,5.0,power_bispectrum_range09_11,1.0,true,view_variance,1024,64,557,0,0.0,0.0,0.05600908938663656,0,0.0,0.0,0.05600908938663656
10049,1,5.0,power_bispectrum_range09_11,1.0,removed,individual_ratio,1024,64,1025,0,0.0,0.0,0.05600908938663656,0,0.0,0.0,0.05600908938663656
10049,1,5.0,power_bispectrum_range09_11,1.0,removed,grouped_ratio,1024,64,1025,0,0.0,0.0,0.05600908938663656,0,0.0,0.0,0.05600908938663656
10049,1,5.0,power_bispectrum_range09_11,1.0,removed,view_variance,1024,64,523,0,0.0,0.0,0.05600908938663656,0,0.0,0.0,0.05600908938663656
10049,1,5.0,power_bispectrum_range09_11,1.1,true,individual_ratio,1024,64,1025,0,0.0,0.0,0.05600908938663656,0,0.0,0.0,0.05600908938663656
10049,1,5.0,power_bispectrum_range09_11,1.1,true,grouped_ratio,1024,64,1025,0,0.0,0.0,0.05600908938663656,0,0.0,0.0,0.05600908938663656
10049,1,5.0,power_bispectrum_range09_11,1.1,true,view_variance,1024,64,557,0,0.0,0.0,0.05600908938663656,0,0.0,0.0,0.05600908938663656
10049,1,5.0,power_bispectrum_range09_11,1.1,removed,individual_ratio,1024,64,1025,0,0.0,0.0,0.05600908938663656,0,0.0,0.0,0.05600908938663656
10049,1,5.0,power_bispectrum_range09_11,1.1,removed,grouped_ratio,1024,64,1025,0,0.0,0.0,0.05600908938663656,0,0.0,0.0,0.05600908938663656
10049,1,5.0,power_bispectrum_range09_11,1.1,removed,view_variance,1024,64,523,0,0.0,0.0,0.05600908938663656,0,0.0,0.0,0.05600908938663656
10049,2,5.0,power_range09_11,0.9,true,individual_ratio,1024,64,1025,0,0.0,0.0,0.05600908938663656,0,0.0,0.0,0.05600908938663656
10049,2,5.0,power_range09_11,0.9,true,grouped_ratio,1024,64,1025,0,0.0,0.0,0.05600908938663656,0,0.0,0.0,0.05600908938663656
10049,2,5.0,power_range09_11,0.9,true,view_variance,1024,64,532,0,0.0,0.0,0.05600908938663656,0,0.0,0.0,0.05600908938663656
10049,2,5.0,power_range09_11,0.9,removed,individual_ratio,1024,64,1025,0,0.0,0.0,0.05600908938663656,0,0.0,0.0,0.05600908938663656
10049,2,5.0,power_range09_11,0.9,removed,grouped_ratio,1024,64,1025,0,0.0,0.0,0.05600908938663656,0,0.0,0.0,0.05600908938663656
10049,2,5.0,power_range09_11,0.9,removed,view_variance,1024,64,504,0,0.0,0.0,0.05600908938663656,0,0.0,0.0,0.05600908938663656
10049,2,5.0,power_range09_11,1.0,true,individual_ratio,1024,64,1025,0,0.0,0.0,0.05600908938663656,0,0.0,0.0,0.05600908938663656
10049,2,5.0,power_range09_11,1.0,true,grouped_ratio,1024,64,1025,0,0.0,0.0,0.05600908938663656,0,0.0,0.0,0.05600908938663656
10049,2,5.0,power_range09_11,1.0,true,view_variance,1024,64,532,0,0.0,0.0,0.05600908938663656,0,0.0,0.0,0.05600908938663656
10049,2,5.0,power_range09_11,1.0,removed,individual_ratio,1024,64,1025,0,0.0,0.0,0.05600908938663656,0,0.0,0.0,0.05600908938663656
10049,2,5.0,power_range09_11,1.0,removed,grouped_ratio,1024,64,1025,0,0.0,0.0,0.05600908938663656,0,0.0,0.0,0.05600908938663656
10049,2,5.0,power_range09_11,1.0,removed,view_variance,1024,64,504,0,0.0,0.0,0.05600908938663656,0,0.0,0.0,0.05600908938663656
10049,2,5.0,power_range09_11,1.1,true,individual_ratio,1024,64,1025,0,0.0,0.0,0.05600908938663656,0,0.0,0.0,0.05600908938663656
10049,2,5.0,power_range09_11,1.1,true,grouped_ratio,1024,64,1025,0,0.0,0.0,0.05600908938663656,0,0.0,0.0,0.05600908938663656
10049,2,5.0,power_range09_11,1.1,true,view_variance,1024,64,532,0,0.0,0.0,0.05600908938663656,0,0.0,0.0,0.05600908938663656
10049,2,5.0,power_range09_11,1.1,removed,individual_ratio,1024,64,1025,0,0.0,0.0,0.05600908938663656,0,0.0,0.0,0.05600908938663656
10049,2,5.0,power_range09_11,1.1,removed,grouped_ratio,1024,64,1025,0,0.0,0.0,0.05600908938663656,0,0.0,0.0,0.05600908938663656
10049,2,5.0,power_range09_11,1.1,removed,view_variance,1024,64,504,0,0.0,0.0,0.05600908938663656,0,0.0,0.0,0.05600908938663656
10049,2,5.0,power_bispectrum_range09_11,0.9,true,individual_ratio,1024,64,1025,0,0.0,0.0,0.05600908938663656,0,0.0,0.0,0.05600908938663656
10049,2,5.0,power_bispectrum_range09_11,0.9,true,grouped_ratio,1024,64,1025,0,0.0,0.0,0.05600908938663656,0,0.0,0.0,0.05600908938663656
10049,2,5.0,power_bispectrum_range09_11,0.9,true,view_variance,1024,64,557,0,0.0,0.0,0.05600908938663656,0,0.0,0.0,0.05600908938663656
10049,2,5.0,power_bispectrum_range09_11,0.9,removed,individual_ratio,1024,64,1025,0,0.0,0.0,0.05600908938663656,0,0.0,0.0,0.05600908938663656
10049,2,5.0,power_bispectrum_range09_11,0.9,removed,grouped_ratio,1024,64,1025,0,0.0,0.0,0.05600908938663656,0,0.0,0.0,0.05600908938663656
10049,2,5.0,power_bispectrum_range09_11,0.9,removed,view_variance,1024,64,523,0,0.0,0.0,0.05600908938663656,0,0.0,0.0,0.05600908938663656
10049,2,5.0,power_bispectrum_range09_11,1.0,true,individual_ratio,1024,64,1025,0,0.0,0.0,0.05600908938663656,0,0.0,0.0,0.05600908938663656
10049,2,5.0,power_bispectrum_range09_11,1.0,true,grouped_ratio,1024,64,1025,0,0.0,0.0,0.05600908938663656,0,0.0,0.0,0.05600908938663656
10049,2,5.0,power_bispectrum_range09_11,1.0,true,view_variance,1024,64,557,0,0.0,0.0,0.05600908938663656,0,0.0,0.0,0.05600908938663656
10049,2,5.0,power_bispectrum_range09_11,1.0,removed,individual_ratio,1024,64,1025,0,0.0,0.0,0.05600908938663656,0,0.0,0.0,0.05600908938663656
10049,2,5.0,power_bispectrum_range09_11,1.0,removed,grouped_ratio,1024,64,1025,0,0.0,0.0,0.05600908938663656,0,0.0,0.0,0.05600908938663656
10049,2,5.0,power_bispectrum_range09_11,1.0,removed,view_variance,1024,64,523,0,0.0,0.0,0.05600908938663656,0,0.0,0.0,0.05600908938663656
10049,2,5.0,power_bispectrum_range09_11,1.1,true,individual_ratio,1024,64,1025,0,0.0,0.0,0.05600908938663656,0,0.0,0.0,0.05600908938663656
10049,2,5.0,power_bispectrum_range09_11,1.1,true,grouped_ratio,1024,64,1025,0,0.0,0.0,0.05600908938663656,0,0.0,0.0,0.05600908938663656
10049,2,5.0,power_bispectrum_range09_11,1.1,true,view_variance,1024,64,557,0,0.0,0.0,0.05600908938663656,0,0.0,0.0,0.05600908938663656
10049,2,5.0,power_bispectrum_range09_11,1.1,removed,individual_ratio,1024,64,1025,0,0.0,0.0,0.05600908938663656,0,0.0,0.0,0.05600908938663656
10049,2,5.0,power_bispectrum_range09_11,1.1,removed,grouped_ratio,1024,64,1025,0,0.0,0.0,0.05600908938663656,0,0.0,0.0,0.05600908938663656
10049,2,5.0,power_bispectrum_range09_11,1.1,removed,view_variance,1024,64,523,2,0.03125,0.0038071813818723694,0.10837052222451712,0,0.0,0.0,0.05600908938663656
