dataset,axis,kappa,observed_acceptance,expected_acceptance,second_moment,expected_second_moment
10028,0,1.1,0.9094304265202703,0.9090909090909091,0.36718100649129665,0.36639118457300274
10028,1,1.1,0.9121753589527027,0.9090909090909091,0.364505738699961,0.36639118457300274
10028,2,1.1,0.9108028927364865,0.9090909090909091,0.3678599127084152,0.36639118457300274
10028,0,2.0,0.49897731228965997,0.5,0.5834429652693652,0.5833333333333334
10028,1,2.0,0.49969562129491396,0.5,0.5855075843830922,0.5833333333333334
10028,2,2.0,0.500540430748696,0.5,0.582782279000931,0.5833333333333334
10028,0,5.0,0.19949508124496385,0.2,0.8134697282853506,0.8133333333333335
10028,1,5.0,0.2009575347831764,0.2,0.8132166954543576,0.8133333333333335
10028,2,5.0,0.20140337238680633,0.2,0.8132864339343086,0.8133333333333335
10049,0,1.1,0.9109744510135135,0.9090909090909091,0.36687920647780037,0.36639118457300274
10049,1,1.1,0.9104069890202703,0.9090909090909091,0.3672555717874483,0.36639118457300274
10049,2,1.1,0.9084406672297297,0.9090909090909091,0.3663469519243304,0.36639118457300274
10049,0,2.0,0.4994484120071997,0.5,0.5828046319936045,0.5833333333333334
10049,1,2.0,0.4994522356765071,0.5,0.5822449863246981,0.5833333333333334
10049,2,2.0,0.4998331447143147,0.5,0.5825894640151524,0.5833333333333334
10049,0,5.0,0.2010677808727948,0.2,0.8137630238389539,0.8133333333333335
10049,1,5.0,0.2001090101530201,0.2,0.8135148141558213,0.8133333333333335
10049,2,5.0,0.20046331777328782,0.2,0.8136720756469131,0.8133333333333335
