dataset,target,sigma_A,target_width_fraction,rotation_radius_degrees,translation_radius_A,half_width_before_fallback,relative_half_width,uses_no_data,interval_center,interval_half_width,approximate_reference_target,approximate_reference_inside_interval,excludes_zero
10028,central Gaussian density average,33.76800084114075,0.07,0.0,0.0,2.691200190277004,0.1663299539178547,False,0.9390980928919651,2.691200190277004,0.634704450407674,True,False
10028,central Gaussian density average,33.76800084114075,0.07,1.0,0.5,5.524922864870359,0.3414685272517763,False,0.9390980928919651,5.524922864870359,0.634704450407674,True,False
10028,central Gaussian density average,33.76800084114075,0.07,2.0,0.5,12.939525744219578,0.7997289568166271,False,0.9390980928919651,12.939525744219578,0.634704450407674,True,False
10028,central Gaussian density average,10.0,0.02072968439242531,0.0,0.0,93.31279055147212,0.9294105859698416,False,-1.4847105983733992,93.31279055147212,0.9398870219193517,True,False
10028,central Gaussian density average,10.0,0.02072968439242531,1.0,0.5,102.7072908901776,1.0,True,-1.5842852357382953,100.399965268418,0.9398870219193517,True,False
10028,central Gaussian density average,10.0,0.02072968439242531,2.0,0.5,128.68243293072587,1.0,True,-1.5842852357382953,100.399965268418,0.9398870219193517,True,False
10049,central Gaussian density average,16.531200256347656,0.07,0.0,0.0,11.724691083184037,0.7246459533604421,False,3.057177518154938,11.724691083184037,1.0159358798594997,True,False
10049,central Gaussian density average,16.531200256347656,0.07,1.0,0.5,14.230358454815564,0.8795090289364164,False,3.057177518154938,14.230358454815564,1.0159358798594997,True,False
10049,central Gaussian density average,16.531200256347656,0.07,2.0,0.5,19.912128649584954,1.0,True,2.812724948883612,16.179888991047914,1.0159358798594997,True,False
10049,central Gaussian density average,10.0,0.04234417278510759,0.0,0.0,30.190665630558037,0.8778909465737763,False,4.026525751095792,30.190665630558037,0.8374057994412774,True,False
10049,central Gaussian density average,10.0,0.04234417278510759,1.0,0.5,34.485134685594744,1.0,True,3.944130962073732,34.38999541843535,0.8374057994412774,True,False
10049,central Gaussian density average,10.0,0.04234417278510759,2.0,0.5,45.46721567146516,1.0,True,3.944130962073732,34.38999541843535,0.8374057994412774,True,False
10076,central Gaussian density average,29.343998718261723,0.07,0.0,0.0,4.98530774519541,0.30811754938205727,False,4.369664137573606,4.98530774519541,2.0798944152346097,True,False
10076,central Gaussian density average,29.343998718261723,0.07,1.0,0.5,7.491736813902313,0.4630277017380884,False,4.369664137573606,7.491736813902313,2.0798944152346097,True,False
10076,central Gaussian density average,29.343998718261723,0.07,2.0,0.5,14.083468155924015,0.8704304562111757,False,4.369664137573606,14.083468155924015,2.0798944152346097,True,False
10076,central Gaussian density average,10.0,0.023854962874039636,0.0,0.0,76.44899366831568,0.9399771422114328,False,3.3644631638705906,76.44899366831568,2.739355979180596,True,False
10076,central Gaussian density average,10.0,0.023854962874039636,1.0,0.5,82.74474042703456,1.0,True,4.143117305994494,81.33069437035279,2.739355979180596,True,False
10076,central Gaussian density average,10.0,0.023854962874039636,2.0,0.5,100.9602086535566,1.0,True,4.143117305994494,81.33069437035279,2.739355979180596,True,False
