shell,frequency_inverse_A,fsc,count
1.000000000000000000e+00,2.385496287403963880e-03,9.653091580735800870e-01,1.800000000000000000e+01
2.000000000000000000e+00,4.770992574807927759e-03,9.777065515601189860e-01,6.200000000000000000e+01
3.000000000000000000e+00,7.156488862211891205e-03,8.912010792510394186e-01,9.800000000000000000e+01
4.000000000000000000e+00,9.541985149615855519e-03,7.002142990171044135e-01,2.100000000000000000e+02
5.000000000000000000e+00,1.192748143701981810e-02,8.313782586785510853e-01,3.500000000000000000e+02
6.000000000000000000e+00,1.431297772442378241e-02,8.283647332005965591e-01,4.500000000000000000e+02
7.000000000000000000e+00,1.669847401182774499e-02,8.060878762748292514e-01,6.020000000000000000e+02
8.000000000000000000e+00,1.908397029923171104e-02,8.878561756247470571e-01,7.620000000000000000e+02
9.000000000000000000e+00,2.146946658663567362e-02,8.948449548424911582e-01,1.142000000000000000e+03
1.000000000000000000e+01,2.385496287403963619e-02,9.103142648627953193e-01,1.250000000000000000e+03
1.100000000000000000e+01,2.624045916144360224e-02,9.198520118312853988e-01,1.458000000000000000e+03
1.200000000000000000e+01,2.862595544884756482e-02,9.250104229303924841e-01,1.814000000000000000e+03
1.300000000000000000e+01,3.101145173625152740e-02,9.297886386703146933e-01,2.178000000000000000e+03
1.400000000000000000e+01,3.339694802365548998e-02,9.381957192513814547e-01,2.498000000000000000e+03
1.500000000000000000e+01,3.578244431105945256e-02,9.283108698960356175e-01,2.622000000000000000e+03
1.600000000000000000e+01,3.816794059846342207e-02,9.144224078814604528e-01,3.338000000000000000e+03
1.700000000000000000e+01,4.055343688586738465e-02,9.088989777445660723e-01,3.722000000000000000e+03
1.800000000000000000e+01,4.293893317327134723e-02,8.920114670874839113e-01,4.170000000000000000e+03
1.900000000000000000e+01,4.532442946067530981e-02,8.545658373964413190e-01,4.358000000000000000e+03
2.000000000000000000e+01,4.770992574807927239e-02,7.984007501195167222e-01,5.034000000000000000e+03
2.100000000000000000e+01,5.009542203548323497e-02,7.746133470661681342e-01,5.714000000000000000e+03
2.200000000000000000e+01,5.248091832288720449e-02,7.498450974416378534e-01,5.982000000000000000e+03
2.300000000000000000e+01,5.486641461029116706e-02,7.142704078509479748e-01,6.602000000000000000e+03
2.400000000000000000e+01,5.725191089769512964e-02,7.168849770490191009e-01,7.130000000000000000e+03
2.500000000000000000e+01,5.963740718509909222e-02,7.322618944164678290e-01,8.034000000000000000e+03
2.600000000000000000e+01,6.202290347250305480e-02,7.304182260290694728e-01,8.606000000000000000e+03
2.700000000000000000e+01,6.440839975990701738e-02,6.906665145743280387e-01,9.066000000000000000e+03
2.800000000000000000e+01,6.679389604731097996e-02,6.506293750016011179e-01,9.962000000000000000e+03
2.900000000000000000e+01,6.917939233471494254e-02,6.337726049709253573e-01,1.055000000000000000e+04
3.000000000000000000e+01,7.156488862211890511e-02,4.100662621351663373e-01,1.122600000000000000e+04
