condition,particles,hard,soft,author_em,normalized_author_em,independent_em,deconvolution,saved_author_em,normalized_gap,normalized_objective_loss
synthetic-0,100000,0.80074,0.8007400035858154,0.8007283806800842,0.8007380813369174,0.80074,0.80074,0.8007400035858154,2.3961181907505846e-06,1.1535968720832735e-11
synthetic-1,100000,0.80074,0.8007400035858154,0.8007283806800842,0.8007380813369174,0.8007400001907921,0.8007401131301006,0.8007400035858154,2.3963564546036764e-06,1.1538223744778087e-11
synthetic-2,100000,0.79995,0.7995277047157288,0.8007258772850037,0.8007382268319245,0.8007423750848727,0.8007608984669904,0.8007422089576721,5.155353608898849e-06,5.366257854919846e-11
synthetic-3,100000,0.77326,0.7597178816795349,0.7994215488433838,0.7994185946015796,0.7994173436328428,0.8004123701359102,0.7994173169136047,5.263079938533366e-06,4.117954525344279e-12
synthetic-4,100000,0.69369,0.6495713591575623,0.7978461384773254,0.7978465070313471,0.7978464218601166,0.8019376311020058,0.7978463172912598,1.869254282471644e-07,1.003336443333551e-14
synthetic-5,100000,0.61152,0.5593377947807312,0.796265184879303,0.7962656832212015,0.7962675932889712,0.7975473905874498,0.7962670922279358,3.705815101451293e-07,1.737180498175353e-12
synthetic-6,100000,0.56206,0.5189873576164246,0.7944818139076233,0.7944820861978529,0.7944965044422826,0.8044717248774077,0.7944943904876709,8.178272319359081e-07,2.8687615730269185e-11
synthetic-7,100000,0.53553,0.505497395992279,0.7916563153266907,0.791658391533448,0.7917014824863138,0.8276036028660594,0.7916868925094604,6.912643286671738e-07,7.148667415908787e-11
synthetic-8,100000,0.52489,0.5015228986740112,0.7859453558921814,0.7859470306400267,0.7861111420832703,0.9340144837232908,0.7860491871833801,7.523475300530436e-07,2.8840784208308995e-10
synthetic-9,100000,0.52421,0.5004084706306458,0.7666052579879761,0.7666091190857031,0.7744555124780759,1.0,0.7742902636528015,1.091682669884797e-05,1.8351225567013116e-07
experimental-default,36220,0.7962175593594699,0.795360267162323,0.7982145547866821,0.7982272462319095,0.7982280549024131,0.7969891769595003,0.7982276678085327,1.0017087699321081e-06,2.00733864647164e-12
experimental-noisy-images-labelled-ground-truth,36220,0.752457205963556,0.7360205054283142,0.7918001413345337,0.7917973804386403,0.7919242280292862,0.7877149851091626,0.7917968034744263,0.00012454567355169033,3.794489344161575e-08
experimental-noisy-images,36220,0.752457205963556,0.7360205054283142,0.7918001413345337,0.7917973804386403,0.7919242280292862,0.7877149851091626,0.7917968034744263,0.00012454567355169033,3.794489344161575e-08
rotation-10,36220,0.6330756488128106,0.6313027739524841,0.6497051119804382,0.64970886837007,0.6497485620938118,0.6334408548865373,0.6497089266777039,5.3179047040385896e-05,3.013077639944466e-09
rotation-2,36220,0.787078961899503,0.7854648232460022,0.7926363348960876,0.7926234018411485,0.79262689729485,0.7878287799427638,0.792620837688446,4.282107411102132e-06,3.608880477725697e-11
rotation-4,36220,0.7513528437327444,0.7494205236434937,0.7651963829994202,0.7652008869402162,0.7652078607208033,0.7520175693964637,0.765202522277832,8.476928203160483e-06,1.258876784313132e-10
rotation-6,36220,0.7120651573716179,0.7095887064933777,0.7289977669715881,0.7289958768295859,0.7290083052900734,0.712636277363839,0.7289918065071106,1.5421028254580804e-05,3.536134424112563e-10
rotation-8,36220,0.6684980673660961,0.6664974093437195,0.6864704489707947,0.6864718196872449,0.686503964931219,0.6689573893351053,0.6864732503890991,4.139787543833151e-05,2.1222464184716845e-09
shift-0,36220,0.7829376035339591,0.7811150550842285,0.7898798584938049,0.7898809413469822,0.7898937684316062,0.7836863232944266,0.7898826003074646,1.5661031254943225e-05,4.780345371188193e-10
shift-1,36220,0.7797349530646052,0.7774671912193298,0.7874549627304077,0.7874684687883791,0.7874879386776357,0.7804766215076223,0.787470817565918,2.3703652190176783e-05,1.0857626719021654e-09
shift-2,36220,0.7758144671452236,0.773292064666748,0.7848065495491028,0.7848050058743242,0.7848312295036097,0.776547070896993,0.7848050594329834,3.1809062008392175e-05,1.938179781878013e-09
shift-3,36220,0.7702650469353948,0.7681736350059509,0.780891478061676,0.7808772705324394,0.7809114282282634,0.7709852009217841,0.7808756828308105,4.1414665822303576e-05,3.2280570404062406e-09
shift-4,36220,0.7635284373274434,0.7610454559326172,0.7752213478088379,0.775218044037214,0.7752129539819872,0.7642321409865178,0.7752098441123962,2.126765061971625e-05,6.9821025633014e-11
