source_group,particles,sum_background_excess_kurtosis,sum_normalized_pair_product_x_lag1,sum_normalized_pair_product_y_lag1,sum_normalized_pair_product_x_lag2,sum_normalized_pair_product_y_lag2,sum_normalized_pair_product_x_lag3,sum_normalized_pair_product_y_lag3,sum_normalized_pair_product_x_lag4,sum_normalized_pair_product_y_lag4,control_sum_background_excess_kurtosis,control_sum_normalized_pair_product_x_lag1,control_sum_normalized_pair_product_y_lag1,control_sum_normalized_pair_product_x_lag2,control_sum_normalized_pair_product_y_lag2,control_sum_normalized_pair_product_x_lag3,control_sum_normalized_pair_product_y_lag3,control_sum_normalized_pair_product_x_lag4,control_sum_normalized_pair_product_y_lag4
1,40,-0.002878678252853817,4.956474306493185,6.045426520357534,1.5203334516904667,1.9914182170097536,1.158849757419638,1.0454118130876553,-1.0630666194482707,-0.440085652975679,0.04661793682663884,0.21030059660277883,-0.23751324691686254,-0.17099375369231118,-0.021120527137834307,-0.19097546339548996,0.1818176245362457,-0.34746965678337904,-0.4764629374401113
100,56,1.8873068647450308,16.133126421856513,15.22588589675039,10.154337387661949,9.182284209415968,6.55562560133727,5.995603214622395,1.838060285445207,0.9626615324210469,1.0326012729596687,-0.1677356096224284,-0.10305745356512915,0.2829411132776956,-0.08356799959966207,0.07703385465105449,-0.05126361969674598,0.33124033902853095,-0.01745109197739018
11,64,1.3119049697493477,17.014085630635996,15.781159194595364,10.562572199198353,9.750313358314722,7.828611724070069,6.495231876343674,2.5162574847278685,1.0989416775153087,0.4063735144650944,0.055689212656593566,-0.10678891548654834,0.059729963552471385,-0.026747458486019244,0.22064362769265555,-0.1704915385237719,-0.3716394635085528,-0.17803297587539682
110,64,0.9347649531877016,11.002122979934732,11.575528384565889,5.014374735773795,5.055774433695192,2.8093013492105356,2.8626571876096896,-1.635325807952495,-1.1372665136813893,-0.004889591987637054,-0.07447638306592422,-0.008512800741569354,-0.03609455111097462,-0.22173600188003867,-0.3590092689944405,-0.06418244647738697,-0.40316318596055284,-0.5423116480145697
112,7,0.08291895418295825,1.5847075123389018,1.6002036435960663,0.8480339768317418,0.7141503656838477,0.44017258768634626,0.46600616246288756,-0.01955425693991323,-0.18007713863532354,-0.10695146343133599,-0.09751616786810446,-0.1620845838080012,0.00392343965486309,0.0390515992271262,0.06972908613471994,0.011749690605324853,0.013396474929184443,0.17197673618883003
133,64,-0.40245677248298106,10.912737452246457,11.340061992025998,4.616783126626319,5.118946254184862,3.0785095797852158,3.1288147840199376,-1.0507505080162436,-1.3329312465448993,-0.39429841767763785,-0.21291919438803708,-0.2256331360023956,0.03449428824157092,-0.07506606637949967,0.03674085850122884,-0.04002539642592819,0.3910031000715558,-0.14824475337743223
134,86,0.2836971645849973,15.767305935791782,16.979021891576664,8.588540020307276,9.047423156006218,6.058338584733886,5.8417698818726675,0.4331970216592379,0.007968461491676102,0.7641663841403084,-0.081654969448072,-0.039340968287171554,0.19180162984417773,-0.39970981945763023,0.20646918022121655,-0.19482685867139132,0.3345062891046548,-0.4870514529108855
135,42,1.8962933389665007,7.778823259164845,7.997433503538138,3.901966962433942,3.8769004739069213,2.5508050113012746,2.437155658305148,-0.30317924730025325,-0.14570781560685545,0.004649692132439487,0.18722578119992797,-0.059431888703130195,-0.0028843452844493807,-0.16860282662711168,0.1565739375495081,-0.1779380963977751,-0.04055131736090625,-0.14103234160826655
144,73,-0.3962020780020916,13.948082624868915,14.08636017753759,6.573795674505395,6.66334608428703,3.662194049884373,3.868518782056026,-1.318565228896435,-1.3203788223160746,-1.436520677205733,-0.4157263712828267,-0.30489005293238325,0.06689755025187086,-0.13115793001361012,0.1740855594248395,0.11719045525477015,-0.1469006308361101,-0.09762484540605328
146,26,0.8488435428964527,5.4721672246176265,5.657269066548333,2.700357398161731,2.8241011613768046,1.9253381738264934,1.8568218470966282,-0.1949964613006515,0.2994038632226324,-0.6998796061150618,-0.031208898364814074,-0.123046906159072,0.06210443834552531,-0.17599961772192924,0.15756380165567235,0.22769158018905958,-0.16970035651631307,-0.11931006277653092
147,38,0.5256066459402722,7.306066942897975,7.422465900967892,3.752338629971996,3.763175209994182,2.8144453737325112,2.610069966972581,0.15447606335596106,0.4427994444700114,-0.8519252675543134,0.05335494093959322,-0.052309967223923934,0.009567167303831933,-0.02976190765532056,0.3068526371050572,0.3111835305632529,-0.25542795953929825,0.20756286375242805
151,46,1.9376068927730712,13.019882475976491,13.240641155099375,8.217125857759603,8.683139661247935,6.127882838604812,6.078667745512067,2.1352029243325394,2.0848294194093655,-0.31170302062133626,-0.05086455238464758,-0.3861206798592174,-0.42287776168370605,-0.15703184476018214,0.14938113334733305,0.15633008810324403,0.13740092834395473,0.2014952004310347
152,77,0.744576320768993,13.674967748555842,14.314904564754826,6.557769897330415,6.5461942531622945,4.433989678033828,3.465148804381222,-0.9528976374575941,-0.7008159598712537,-0.29819728910558263,-0.12255333455014444,0.14724770282433644,-0.06924904366339092,0.23089010355151401,0.07954577059156559,0.08932224552287292,-0.0784432150811879,-0.24157066379491196
156,64,0.397189274014464,12.265410001091917,12.608873214038619,5.5188360989819625,6.121736391944415,3.5817723853944865,4.224065679516533,-0.8379711399169045,-0.20908905995738372,1.2915601617048904,-0.1448864023336089,0.12640866819144395,-0.18745387453772291,-0.1345021193583097,0.2594968099810062,0.2616717249363986,0.04532509727420081,-0.2555083207060716
161,18,-0.13146804606254836,3.371141941878923,3.586656210812316,1.453307155309363,1.6526877979893027,0.9795707223359571,0.9614056951376446,-0.25727043044252695,-0.09942097029795652,-0.10614666211329782,-0.10189367719343984,0.13958953982741956,0.004044858378420221,-0.038947207465287736,-0.037697796522431166,0.1974253756517256,-0.06319639790859163,0.07974748461690147
162,108,0.5655325496138564,19.21561670397824,20.7003231448643,8.513131609367125,9.415229898222213,5.645551214516957,5.509282547577802,-1.3978516102139453,-1.236328116959396,-2.0498000711660147,0.03613673032852433,-0.09061358693262239,-0.05683792057769744,-0.33526175164711336,0.10544982239777739,0.39937124273971336,0.20327674086460643,0.1211990413421737
163,2,-0.15820057615533312,0.34974459300049315,0.3558010084746769,0.09792917779484847,0.15914852802109591,0.08360394831067688,0.14660832645577024,-0.012048018349865047,0.08339237248728075,0.16464385297338469,-0.050523169863635566,-0.04229272861077758,0.033391160372753234,-0.0253317434054727,-0.018050284244731277,-0.004211859973307317,-0.009323590976367004,-0.05457517644902267
18,64,0.37215053036431467,13.48643442068304,14.051426484072463,6.921364625112705,7.2647281243780775,4.922748642646274,5.293665146601216,-0.021293874225540056,0.5506427885980696,0.1959009659017057,-0.04865206449303365,-0.11674592457588052,-0.18051661289105242,-0.07261182333292514,-0.3609015336614508,0.08085284175005306,-0.43251172948985206,-0.3820927393891991
185,64,0.2453816857777813,12.426659933852855,13.036907538653933,6.255360613386034,6.640338581752656,4.034138312704036,4.472369429525942,-0.5731530837908728,0.2760334232515509,-0.33692629102341476,-0.08344978532373179,0.12892922319410072,-0.024155813379589986,0.04641441447327111,-0.2875043749203187,0.03594142193684322,-0.069235856298725,0.08638997607032835
203,64,0.05828854445192366,11.66411385255019,12.205232919727267,5.4310252783725455,5.589661547993123,3.310309984677379,3.43638942159606,-0.8687397885997167,-0.5970638184554194,-1.2012125315764672,0.051320828618686753,-0.23898066161459675,0.05386539275884115,-0.08796738477528565,-0.2949770740204647,-0.1622552336589046,0.24627399946618828,0.05936539931315639
207,64,-0.28670693182488893,13.098512209731144,12.952906088241926,6.559991520584933,6.802427433428222,4.045960767104203,4.6369635533602676,-0.14139749113219469,-0.08828958657655187,-1.1456017982580793,0.017872485310578477,-0.08972695978929121,-0.043280586156924566,-0.14533427470853758,-0.12911685031670417,-0.12570379039166327,-0.3856985283500821,0.06268225855918438
215,64,-0.08114359502806412,11.997946637133857,11.950489756970581,5.797492004735795,5.934999686744966,3.9529966714805265,3.9030206925326896,-0.4772138107473663,-0.33603621050718413,-0.40928423470384967,-0.452093521275535,-0.1270796696544026,-0.3326424159609295,0.2584356097464004,-0.10236520130829233,0.287413071399571,-0.26247826837651095,0.02775135727266782
216,64,1.285032210254852,12.832393724160417,12.997820039899798,6.435578016172653,7.104617292274588,4.2371577584721924,4.988903074179237,-0.897058573495228,0.9432467338021466,0.23468435521277886,0.3518020513227599,-0.010960049931359465,-0.08904322020855372,-0.19705736298788426,-0.13844078172001942,0.1977603314660111,0.16196432330894073,-0.34018674884496997
232,83,1.1964484919816436,13.926672391889488,14.715468712553637,6.3053688164826935,6.551401318480813,3.7360198106768854,3.8010844881416785,-1.8413818742502537,-1.2639982266521361,-0.5293679927942736,-0.5038228986573879,-0.3434394211472875,-0.25980855186187346,-0.2271896694703096,0.15109243030083896,-0.038347860056752316,-0.16067262461749768,-0.2098465751916504
233,100,0.08783295744026498,16.651851642611526,17.185388129526647,7.752097321557567,7.906924338212646,5.442022239778054,4.874753104411056,-0.7559120013945846,-1.520756344656581,-0.9291337588899005,0.08183934760627055,0.04331365063167697,0.5783517190127039,-0.8254418945281142,0.08880063187517798,0.09195612191547997,0.05439067336152958,0.05561893343548546
234,9,0.03519903893639764,1.7345736491094863,1.8136565245028098,0.907699757925662,0.9915148278797759,0.535047823593815,0.5815345624149623,-0.19508892796523294,-0.10336104138488249,0.2880528315509743,0.03769903550584948,0.11728102379921561,0.10473926634530097,0.014880454002497216,0.17368195115613297,0.006968592080136046,-0.11131169066348878,-0.010717060233400985
236,64,2.7149186161328536,12.805359565272486,13.184563421912234,6.624916306636542,6.91069388786702,4.358255560194908,4.335972021515181,-0.05468834301676666,0.464747027927515,-0.6009568745981144,-0.02192140129365501,-0.126371215858031,-0.274843942375393,-0.17772311337663516,-0.23820701524921215,-0.18806255357339216,-0.31033873694599345,-0.17574927435721935
251,64,1.565549330986511,10.895181191270343,11.105091847446104,4.787434396365247,4.287949045649743,3.2448151758982715,2.7491409086121616,-1.1582920262408927,-0.9915420712858642,0.4186399437335897,-0.030011538288468226,0.19783618953811,0.03435154095614352,0.13748041918753007,-0.31142394886866953,0.09716284923911805,0.5062418215021371,-0.07128231210326996
252,64,1.238910549163697,11.460329799085958,11.110642029351418,4.836542212998597,5.235455380838169,3.067144651832526,3.078893893001432,-1.2149342933491658,-0.750771174706304,-0.1899448154661103,-0.2627403302215715,-0.10595229786419592,0.23343483930825826,-0.12075343140788856,0.30730558718195183,0.4909336281266906,0.22570969447625439,-0.5281747472571938
257,64,1.9863512174300215,12.898886206634323,12.838817202549798,6.7366327452148695,6.956245800883122,4.6610625913663375,4.803975594668806,-0.23426848616446333,0.5116116679951542,-0.2963941780414494,-0.02543592884836976,0.4629680333439025,-0.04088583293460241,0.12544636247533578,-0.1990693664459494,0.026229834107802212,-0.034490324353981985,0.03011530044586001
26,64,-1.3991059631684597,13.973669226007642,14.382334522341392,7.262370589854495,7.693554841822322,4.284814949525592,4.924485023577647,-0.21507502457941535,0.23004283530677017,-0.5953243148021161,0.08317326703947055,0.2120778835679654,-0.1647663565602843,0.2445651556728622,0.2685959748636983,-0.17296047432535588,0.249192152858832,-0.21400436572858028
27,62,3.1714576774062695,14.434850104262551,14.911485540695866,7.874030489676643,7.732944304752959,4.2171838191224955,4.677354295086325,-1.1708515813821625,-0.5769109349928889,-1.9423716727364329,-0.256444316500426,-0.10526799757727144,0.24060544799425443,0.43190428681337756,-0.05347903438650041,0.2819997894121651,0.3503494740719722,-0.36594697107716445
274,64,-1.650106026130275,11.57850440517226,11.921938386224308,5.323168727062164,5.5409352833852505,3.3496847932817855,3.911023385048953,-0.878575351163507,-0.8565924649101525,1.6138508318240126,-0.13930044080251364,0.12747914394445226,-0.28632100022765544,-0.15234003994090206,0.004307579437400575,-0.2540734707269123,0.1372599994297805,-0.026704206840625966
278,64,2.24270150376189,14.050887751523023,14.265100392523433,7.919549339266399,7.939854856829726,5.246387736738543,5.337055219113068,0.8567809309432133,0.8520501841011752,-0.4690046228935567,-0.10178694672655178,0.2108062075168489,-0.0026871446282967504,-0.13881683153812935,-0.015867956478406286,0.23994924740450102,-0.1912881202854737,-0.5813891531682336
281,115,1.7630364552021924,17.872583822560422,18.465256368653986,7.253517879022964,8.58048337921454,4.526023377124318,5.738548017859328,-2.3958643629692995,-1.8411606457412206,0.42840044667022426,0.1165319041837003,0.0033011822594593786,-0.030741253313767078,0.06174716989966962,0.4012832843098454,-0.16196428064282492,-0.14747499858449498,0.0073838213629921975
282,128,1.506763342193861,22.021811149151066,22.55339589686847,10.438313714894832,11.349419663305856,6.722161141144273,7.424316315080914,-1.1944457177599415,-0.9185424098312877,-0.9446842412531669,-0.31103534075212697,0.5516302784333664,0.06261808042373361,-0.38323562574530506,0.20196699431302287,-0.21380888965208056,0.6519778224032815,0.04030388103536259
286,6,-0.32405515757722414,0.8474118365014753,0.945817820617536,0.4494367713668326,0.5084232644449576,0.3297857776228292,0.2812930363641347,-0.03384863331141351,-0.022638721868886727,-0.40439266728966894,-0.014790664143374536,0.026003107205163856,0.011611707708265515,0.028010622221518972,0.029296144865957476,-0.00900798166460454,-0.13439109633905255,0.043375196530957685
288,119,1.3446844541544083,26.7809000391924,26.8563112249234,15.211559457703261,15.748290346990384,9.90825727139785,10.28464372681153,0.9449169697671272,1.655139555437686,0.6423476990412946,-0.4588130020291328,-0.29173089584837636,-0.07112049311741138,-0.13053315252711337,-0.3561143260669272,0.3369435930662776,-0.16937854551439518,-0.08832130183640145
3,64,0.04556112879564811,12.255146710052987,12.784802121451554,5.668367357069213,5.989406263515802,3.4675839319392505,3.920787598644158,-0.7961816633344155,-0.00998921998510737,1.1958326346005967,-0.06350963112498581,0.031615121043236855,-0.13222581103092992,-0.7148148755325041,-0.29522841810714484,-0.1139938362054136,0.26874114673801625,0.0537435504810921
303,64,2.6039752335665898,11.014174610808428,11.830200435208429,4.869281899332375,5.5710798512227635,3.2173670715315303,3.470632526331437,-0.7058207604117613,-0.9512513114206929,0.511488213588926,-0.008641750843855876,0.10786304016927696,0.17880209985088474,-0.15023446387496983,-0.449246000858875,0.1704648033158568,-0.44503189167183965,0.24478351162930864
306,64,-0.22468577794723377,12.771158210773354,12.856557004580456,6.561928801069993,6.45557360689256,4.481954854429792,4.165923283283764,-0.2806987856813944,-0.21804042434557439,0.640142594555293,-0.08359179732459522,0.35587406043000125,-0.007117888855865517,-0.11118118129664042,-0.013408131187482908,-0.033438325660109486,0.09473822187999853,-0.16754883376891128
310,64,1.0130520441185644,10.899329538636316,11.083044595268055,4.08766952841647,4.24971499316474,2.92285738170492,2.3665678784214914,-0.907208689385671,-1.299113668843912,-0.2281086363868856,-0.02277500322057279,-0.3233798769467637,-0.05042973643184217,-0.07023783643347514,-0.13821669635385161,-0.23426381618083642,0.0479951872698923,0.01414133187562562
319,21,1.9742044864656916,5.247295701415548,5.1838389472815,2.9606653423894627,2.8904318293910816,1.6539390776802962,1.783871611640708,0.07073009995043392,0.22694098118240216,0.24631926742662458,0.16264651203296265,-0.09399140562290338,-0.015217736943988352,-0.06325357631822676,-0.2321358111533806,-0.015547619224567445,0.09526092117863441,-0.016555243684679023
320,43,0.4778984964818327,11.044266058606546,11.222980212978358,6.574354695773004,6.354585283301681,4.190170711666973,4.422209729499082,0.25697306495235495,1.272495855916401,-0.2631394377443126,-0.0816538183608959,-0.2053556918799297,-0.0693386590833873,0.2263105498821929,-0.12213721643086026,-0.03519849840469618,0.050101869682618594,0.09035472185270088
321,64,-0.010463186746331843,14.556133022745755,14.29651085472964,8.741872251251054,8.502139725064518,6.690855884571137,5.460007084377368,1.5034855778113096,0.9146905116848882,-1.380409543419153,0.22912612933702664,0.03748401194241582,0.1397260147967452,0.10833371825219495,0.024825220355291035,-0.03649190198416195,-0.07654801047209439,-0.034460393218185226
346,64,-1.8133882750738208,11.187319181140685,11.943862977720832,5.721471219595067,6.344856582649994,3.894480278551334,4.770416196807029,-0.33022237807964244,0.19745110969462507,1.1426566170866819,-0.3381236278969804,0.03316531749038466,-0.28589727901503265,-0.10586206446447673,0.03670596573773283,-0.09970634139967309,-0.18325895082195315,-0.07388187874508362
37,64,-0.809865484360631,14.346577239115389,14.453857724985522,7.5015698088307605,7.4765400680270435,5.0134340116888305,4.894906443565509,0.20690548295271016,0.10306968211002891,0.6024441007854242,-0.13839646224408736,0.3258111718596301,0.2584557523744586,0.14315532165467384,-0.08323545206731349,0.1181274976331478,0.4161416055084793,0.014058020014353419
39,88,0.6945102194509585,20.285090797983933,20.43370758621077,10.98493928439799,11.310381122401083,6.9731420212571,7.387752221844591,0.8249347927040095,0.32780154919832727,0.21293960789095,0.1685872450238359,0.20636603239502493,0.003385697434578929,0.24370924695987717,-0.19189702255678462,0.0590374870142793,-0.30072941322957897,-0.23245399274572737
4,64,0.634172454579693,12.704979703503492,13.380441651476213,6.497986071481251,7.287817613528615,4.569611464143537,4.859193787742483,0.0030774613750184227,-0.03193961329664012,-0.11714729105544297,-0.06868894672886694,0.06853651542242539,-0.08538166392716404,-0.10754251000369983,-0.45726861462333257,-0.12229851337656197,0.2946618921655353,0.04303873774485031
41,28,0.4597974686928712,7.328488240543086,7.516121342055398,4.137863390436746,4.386216111299546,2.5597690264170105,2.7777238657579892,0.03157008744199288,0.37867428571028505,-0.17891094907610894,0.04997149272829246,-0.039425034000197326,0.07487978244633443,0.1324370869540848,0.05061088107393206,-0.0936752749812802,0.23951902746931383,0.1395553350161775
42,7,0.20747545223108244,1.2371189765110653,1.315579151254996,0.4918888277420692,0.47512667990751767,0.4723372922285022,0.30797992629223875,-0.03315990361797996,-0.19738291887088039,-0.029029713352892283,-0.041207966524220055,-0.0033034600213216183,-0.059797073012089315,-0.05187310001772776,0.13385166312347974,-0.0363287841975824,-0.002041192912224276,-0.1392643823782605
44,26,0.369807478859538,5.351225587777719,5.01799928614956,2.4971212043403144,2.1993860747838174,1.64841134107115,1.3722649037573382,-0.19466256871911153,-0.4892291030364967,0.19244766324680196,-0.0777852268686574,0.08968921821858133,-0.13072001666986727,0.060297334710415054,-0.05400935303284766,0.1590556291870097,0.07298113495572406,0.12975419754654144
5,64,-0.708070566539535,12.651783405447333,13.009844693275959,6.624956404093343,6.401730468351342,3.801445161675602,4.145016433329919,-0.4455113267042203,-0.20540862921195913,0.6295940271523173,0.1706969790491159,0.42112945442763317,-0.226072406115651,-0.3601840387931521,-0.21496825810131054,-0.09491167450346807,-0.4794711455181857,-0.18473927377056953
51,43,2.0074415912170145,9.671896723883231,10.415756191768725,4.993506372565048,5.48891905850432,3.0349660353806405,3.4242365112242092,-0.0692699131658851,-0.07309438463952181,-0.1394930089934303,-0.3764469223549821,-0.3306152180142523,0.04618670963521905,-0.09442956029272866,0.28964813779104326,-0.05404694190054947,-0.26099159406764944,0.1135668136944789
52,54,0.39689665567081844,9.102517288027398,9.823785697033859,4.218987643790823,4.390886299209277,1.8139234375147626,2.83342870291918,-1.2250199754812594,-0.4389402299898409,-1.0138244134192815,0.2950866268974138,-0.1339572141923441,-0.05992116704423925,0.06338605492622099,0.23570820847119642,-0.30027858401604557,0.7782012633028635,0.0980968989788856
53,32,-1.0299339537869363,7.087537530905967,6.840869978140816,3.5084004136337836,3.109756491906276,2.0165088025733864,1.8533887442721662,-0.2421870477915944,-0.9221368192138973,0.19287157892289075,-0.10160889248477803,-0.31653549700066663,-0.00819640031986548,-0.06954977760058847,-0.245041443553368,-0.05807290578546078,0.24486343665115834,-0.12384069958499049
54,102,1.118461717557523,19.490499428496488,19.68720608133082,9.36876029967146,9.712644616795798,5.795553856369255,5.906433217002782,-1.2316755094049068,-1.4566549722827171,-1.6908764780957295,0.36971555958452673,-0.11462911488600276,-0.08220833454704862,-0.172458698599923,-0.41085429644304217,-0.5431273752627049,0.0487161257848159,0.05209787592377858
55,25,1.87264017638687,4.603060973038736,5.084004458485389,2.2287419280243723,2.4049701889422654,1.4889878073939034,1.5599619843964667,-0.0037137955645677873,-0.22968536643273746,0.20649629426706584,0.01022389629779064,0.19888567507644453,-0.2996102702882233,0.16718060492198225,0.02206494026418865,0.051059624007944296,-0.19770585498039941,0.047489551032246814
56,4,-0.2205753920661122,0.7670696250438299,0.7820996499058745,0.3738462115154477,0.46428392821915715,0.22244448827262192,0.24544822533155136,-0.08602782608397773,0.05442914102769217,0.026381286706110174,0.0019273391710539975,-0.14058963789298257,-0.028464028822128028,-0.03645521729247099,0.04091925498590151,0.011076909000681177,-0.02101828518321935,-0.05708867680543739
57,60,1.5802871491368884,11.86865197318042,11.679843136510799,5.775279829799537,6.121982039357216,4.015302772033735,4.044333158175613,-0.09012812449400834,-0.2894718901290747,-1.2567636470906325,-0.397394496741008,0.4663899593760206,-0.042252993633987636,-0.2054079605769141,0.07210039549539797,0.20646986370280712,0.05149859641248801,-0.01958146931825902
64,64,1.2808487886069573,12.446213179706035,12.587842025092518,6.23817644110459,6.011907228304819,3.859413668831884,3.5698841885824533,-0.7212119764736582,-0.9402019083956525,-1.1694910540642183,-0.1558610884474299,0.40379162096845117,0.2993693557746413,0.12326345325908294,-0.0747314076577757,0.10342804094822422,0.11482339676745786,-0.2835609625147442
68,101,-0.4076056214507151,21.91101556613265,23.252032023940128,11.533879644285042,12.95852324051485,7.751805349278171,8.457696433619775,-0.4066471968462909,0.46863350983009205,-2.1086750716458784,-0.2039437716788445,0.16069735315759198,-0.07044406084870977,-0.1925890086062098,-0.4245378914953133,-0.3148906845783719,-1.1126206372669953,-0.025389461821101536
72,48,1.4189021095069188,8.682785479512981,8.836536677005828,3.904575939530581,4.053485670565848,2.4503272901954847,2.1244999476004067,-0.9233933153022601,-0.7811715624873913,-0.5707975964576559,-0.028976567028192037,-0.31904673356958124,-0.22445683475557526,0.014984680369492104,-0.19760327949520248,-0.23180836304660765,-0.10324891781515826,-0.009478261452518417
73,27,0.2865890572809766,4.993890547015964,4.813439180608923,2.2199872549108908,1.9847115829866022,1.4134613088189025,1.7741445851516975,-0.22894382565612872,0.07973773998418113,0.2463460177021295,-0.015874196904818644,-0.02205924731938865,-0.06384046043190277,0.19878243882751978,-0.10974947683149999,0.03807754720737544,0.3128419862212832,-0.10854102138890097
74,64,0.6029110375574573,11.774900131428863,12.129362186884968,5.512202607098975,6.154973675904461,3.0308763516727315,4.0984815550454075,-1.4498747428042595,-0.39739470379735986,0.469380985063486,0.01378761077583766,-0.3134204148071868,0.09690807252307716,0.0710049326971215,-0.1343561483701658,0.12829364981882527,0.2974219822226807,-0.23621232362303862
77,64,-0.2803115119919366,12.332106170688505,12.927599084351465,5.672566526712273,6.602507756292077,4.040831100495036,4.354540028322624,-0.9780241656208107,-0.10088370700651392,0.018771450821978952,0.32333359087685243,-0.19457727341112901,0.09448700471665172,-0.16564799728061042,0.05432772257489985,0.04242449148097755,-0.04082758431132093,-0.3273718003506566
86,64,-0.3002772118669714,11.589479286870452,12.669831415240274,6.1735292620944096,6.437447403608315,4.33712748539032,4.373371922496383,-0.14810796029136578,0.043443627467559504,-0.5856734121631795,-0.14372610961519836,0.10221015738643846,0.06725457268637482,-0.17369812197103607,-0.3250597369638985,-0.24975680822171886,0.06701107173195153,-0.04377740739557661
92,37,0.513422371684122,7.687256903916555,7.55502511719924,3.67741742989144,3.8756169719628626,2.076731179666209,2.2694718115944816,-0.157541277044189,-0.22952238807005185,1.2863942918657223,-0.2245096865848801,-0.15829476661081623,0.05345018566619489,-0.08160991727007379,0.2187020796782845,-0.05727659680535492,0.1860810432900482,0.09413785345412443
93,89,1.1752109435715856,16.116292366472887,17.086643349060477,7.452328393382786,8.224346869932349,4.922738870599287,5.106218699630935,-1.2215385916891515,-1.0006450208960957,-0.1219085195776981,-0.27745405131828466,0.28932293494176536,-0.20918421168055243,-0.49642767551129535,-0.10782117366242365,-0.065635736209888,-0.3766512577748867,0.17348083569101674
94,2,0.2897298369752366,0.43846190902236626,0.4818120541177099,0.194805951534034,0.22623462565922542,0.0950959014002166,0.0895631455774325,-0.04652030320372249,0.008446482341913565,-0.07904178292129727,-0.004648475787295365,-0.022767000157524662,0.031826229963800814,0.04118543346707395,-0.0075106745652023365,0.012870067841210404,-0.010206074245861374,0.02981778636639842
99,98,2.5824968267101065,22.30722665324116,22.762709458868137,12.435093277732959,12.46784642824214,7.976299808730997,8.545053429565614,-0.27532928838852416,1.117436665176777,-0.5673774967539367,-0.23022103604343133,0.26389271885219917,0.40687990370557964,0.02697220271825977,0.2359971508285202,-0.27700085764036725,0.09769510546098081,-0.170929646116132
