output_index,metadata_source_index,source_group
0,1830,MRC_1901/018_movie.mrcs
1,3062,MRC_1901/031_movie.mrcs
2,3204,MRC_1901/032_movie.mrcs
3,6094,MRC_1901/059_movie.mrcs
4,7571,MRC_1901/072_movie.mrcs
5,9271,MRC_1901/087_movie.mrcs
6,9905,MRC_1901/094_movie.mrcs
7,10483,MRC_1901/100_movie.mrcs
8,10923,MRC_1901/104_movie.mrcs
9,10993,MRC_1901/105_movie.mrcs
10,11106,MRC_1901/106_movie.mrcs
11,11384,MRC_1901/108_movie.mrcs
12,11702,MRC_1901/112_movie.mrcs
13,12031,MRC_1901/115_movie.mrcs
14,13900,MRC_1901/133_movie.mrcs
15,14256,MRC_1901/136_movie.mrcs
16,14311,MRC_1901/137_movie.mrcs
17,14594,MRC_1901/140_movie.mrcs
18,14829,MRC_1901/143_movie.mrcs
19,15841,MRC_1901/152_movie.mrcs
20,16038,MRC_1901/154_movie.mrcs
21,16735,MRC_1901/162_movie.mrcs
22,16899,MRC_1901/164_movie.mrcs
23,18114,MRC_1901/176_movie.mrcs
24,18619,MRC_1901/181_movie.mrcs
25,18867,MRC_1901/184_movie.mrcs
26,19086,MRC_1901/186_movie.mrcs
27,19185,MRC_1901/187_movie.mrcs
28,19266,MRC_1901/188_movie.mrcs
29,19484,MRC_1901/190_movie.mrcs
30,19646,MRC_1901/192_movie.mrcs
31,20116,MRC_1901/197_movie.mrcs
32,21764,MRC_1901/213_movie.mrcs
33,24720,MRC_1901/243_movie.mrcs
34,26466,MRC_1901/258_movie.mrcs
35,27072,MRC_1901/264_movie.mrcs
36,29010,MRC_1901/281_movie.mrcs
37,30771,MRC_1901/296_movie.mrcs
38,32643,MRC_1901/313_movie.mrcs
39,33706,MRC_1901/322_movie.mrcs
40,36170,MRC_1901/343_movie.mrcs
41,36482,MRC_1901/346_movie.mrcs
42,38516,MRC_1901/364_movie.mrcs
43,38666,MRC_1901/365_movie.mrcs
44,40306,MRC_1901/379_movie.mrcs
45,41461,MRC_1901/389_movie.mrcs
46,41683,MRC_1901/392_movie.mrcs
47,43333,MRC_1901/407_movie.mrcs
48,46891,MRC_1901/440_movie.mrcs
49,48065,MRC_1901/451_movie.mrcs
50,49054,MRC_1901/460_movie.mrcs
51,49098,MRC_1901/461_movie.mrcs
52,49464,MRC_1901/464_movie.mrcs
53,51500,MRC_0601/002_movie.mrcs
54,51681,MRC_0601/004_movie.mrcs
55,51817,MRC_0601/006_movie.mrcs
56,51877,MRC_0601/007_movie.mrcs
57,52054,MRC_0601/009_movie.mrcs
58,53936,MRC_0601/029_movie.mrcs
59,54445,MRC_0601/035_movie.mrcs
60,54564,MRC_0601/036_movie.mrcs
61,56504,MRC_0601/058_movie.mrcs
62,58332,MRC_0601/079_movie.mrcs
63,61070,MRC_0601/111_movie.mrcs
64,61564,MRC_0601/117_movie.mrcs
65,63722,MRC_0601/141_movie.mrcs
66,64206,MRC_0601/146_movie.mrcs
67,65143,MRC_0601/157_movie.mrcs
68,65283,MRC_0601/158_movie.mrcs
69,65430,MRC_0601/160_movie.mrcs
70,66103,MRC_0601/168_movie.mrcs
71,68658,MRC_0601/196_movie.mrcs
72,69061,MRC_0601/200_movie.mrcs
73,69377,MRC_0601/203_movie.mrcs
74,69553,MRC_0601/205_movie.mrcs
75,70318,MRC_0601/213_movie.mrcs
76,73515,MRC_0601/247_movie.mrcs
77,73546,MRC_0601/248_movie.mrcs
78,73761,MRC_0601/250_movie.mrcs
79,74006,MRC_0601/253_movie.mrcs
80,74617,MRC_0601/259_movie.mrcs
81,74877,MRC_0601/262_movie.mrcs
82,75514,MRC_0601/269_movie.mrcs
83,76428,MRC_0601/279_movie.mrcs
84,76762,MRC_0601/283_movie.mrcs
85,76960,MRC_0601/285_movie.mrcs
86,77041,MRC_0601/286_movie.mrcs
87,77368,MRC_0601/289_movie.mrcs
88,78985,MRC_0601/306_movie.mrcs
89,79650,MRC_0601/314_movie.mrcs
90,80233,MRC_0601/320_movie.mrcs
91,80592,MRC_0601/324_movie.mrcs
92,81007,MRC_0601/328_movie.mrcs
93,81922,MRC_0601/339_movie.mrcs
94,82613,MRC_0601/347_movie.mrcs
95,82735,MRC_0601/348_movie.mrcs
96,83530,MRC_0601/357_movie.mrcs
97,84314,MRC_0601/365_movie.mrcs
98,84525,MRC_0601/367_movie.mrcs
99,85953,MRC_0601/384_movie.mrcs
100,86519,MRC_0601/390_movie.mrcs
101,86602,MRC_0601/391_movie.mrcs
102,87971,MRC_0601/405_movie.mrcs
103,88116,MRC_0601/406_movie.mrcs
104,89868,MRC_0601/423_movie.mrcs
105,90541,MRC_0601/430_movie.mrcs
106,90955,MRC_0601/434_movie.mrcs
107,92768,MRC_0601/453_movie.mrcs
108,92962,MRC_0601/455_movie.mrcs
109,94067,MRC_0601/468_movie.mrcs
110,96654,MRC_0601/497_movie.mrcs
111,97173,MRC_0601/503_movie.mrcs
112,98275,MRC_0601/516_movie.mrcs
113,98370,MRC_0601/517_movie.mrcs
114,98486,MRC_0601/519_movie.mrcs
115,98596,MRC_0601/520_movie.mrcs
116,98855,MRC_0601/523_movie.mrcs
117,99995,MRC_0601/535_movie.mrcs
118,100165,MRC_0601/537_movie.mrcs
119,100286,MRC_0601/539_movie.mrcs
120,101180,MRC_0601/549_movie.mrcs
121,101786,MRC_0601/557_movie.mrcs
122,101930,MRC_0601/559_movie.mrcs
123,102351,MRC_0601/564_movie.mrcs
124,103707,MRC_0601/581_movie.mrcs
125,103818,MRC_0601/582_movie.mrcs
126,104401,MRC_0601/590_movie.mrcs
127,104731,MRC_0601/595_movie.mrcs
