dataset,feature,pose_class,fresh_to_old_sd_ratio,noise_sd_upper,relative_half_width,excludes_zero,uses_no_data,approximate_reference_inside
10028,pilot_region_1,fixed_pose,0.8490256546896785,0.2831222884480894,0.030267426424907,True,False,True
10028,pilot_region_1,shift_only,0.8490256546896785,0.2831222884480894,0.07473552512522307,False,False,True
10028,pilot_region_1,pose_1deg,0.8490256546896785,0.2831222884480894,1.0,False,True,True
10028,pilot_region_1,pose_2deg,0.8490256546896785,0.2831222884480894,1.0,False,True,True
10028,pilot_region_2,fixed_pose,0.8565884299626482,0.2815505017347125,0.030171795274388107,True,False,True
10028,pilot_region_2,shift_only,0.8565884299626482,0.2815505017347125,0.0717083123638743,False,False,True
10028,pilot_region_2,pose_1deg,0.8565884299626482,0.2815505017347125,1.0,False,True,True
10028,pilot_region_2,pose_2deg,0.8565884299626482,0.2815505017347125,1.0,False,True,True
10028,pilot_region_3,fixed_pose,0.8673785755117821,0.27749875590577383,0.029807511780889952,False,False,True
10028,pilot_region_3,shift_only,0.8673785755117821,0.27749875590577383,0.07779137876350053,False,False,True
10028,pilot_region_3,pose_1deg,0.8673785755117821,0.27749875590577383,1.0,False,True,True
10028,pilot_region_3,pose_2deg,0.8673785755117821,0.27749875590577383,1.0,False,True,True
10028,matched_center,fixed_pose,0.8397614625776757,0.2798615565769372,0.03010145715275792,False,False,True
10028,matched_center,shift_only,0.8397614625776757,0.2798615565769372,0.07285717923222149,False,False,True
10028,matched_center,pose_1deg,0.8397614625776757,0.2798615565769372,1.0,False,True,True
10028,matched_center,pose_2deg,0.8397614625776757,0.2798615565769372,1.0,False,True,True
10049,pilot_region_1,fixed_pose,0.7397484652142781,1.024005311299962,0.24412598111526232,False,False,True
10049,pilot_region_1,shift_only,0.7397484652142781,1.024005311299962,0.2717563400370067,False,False,True
10049,pilot_region_1,pose_1deg,0.7397484652142781,1.024005311299962,0.6491925564153238,False,False,True
10049,pilot_region_1,pose_2deg,0.7397484652142781,1.024005311299962,1.0,False,True,True
10049,pilot_region_2,fixed_pose,0.7426898559443856,0.7663488440495193,0.18270834382036966,False,False,True
10049,pilot_region_2,shift_only,0.7426898559443856,0.7663488440495193,0.2146616065085763,False,False,True
10049,pilot_region_2,pose_1deg,0.7426898559443856,0.7663488440495193,0.5895197426209074,False,False,True
10049,pilot_region_2,pose_2deg,0.7426898559443856,0.7663488440495193,1.0,False,True,True
10049,pilot_region_3,fixed_pose,0.7294056460990065,0.7138789887212366,0.1702012289382281,False,False,True
10049,pilot_region_3,shift_only,0.7294056460990065,0.7138789887212366,0.20205055762061,False,False,True
10049,pilot_region_3,pose_1deg,0.7294056460990065,0.7138789887212366,0.56402356266257,False,False,True
10049,pilot_region_3,pose_2deg,0.7294056460990065,0.7138789887212366,1.0,False,True,True
10049,matched_center,fixed_pose,0.73777600752206,1.0000800116286102,0.23842245164822548,False,False,True
10049,matched_center,shift_only,0.73777600752206,1.0000800116286102,0.26742343194376333,False,False,True
10049,matched_center,pose_1deg,0.73777600752206,1.0000800116286102,0.6433239608162927,False,False,True
10049,matched_center,pose_2deg,0.73777600752206,1.0000800116286102,1.0,False,True,True
10076,pilot_region_1,fixed_pose,0.9488766241072102,1.0475212532860174,0.10568675216697745,True,False,True
10076,pilot_region_1,shift_only,0.9488766241072102,1.0475212532860174,0.12448249700204966,True,False,True
10076,pilot_region_1,pose_1deg,0.9488766241072102,1.0475212532860174,0.6191956692069553,False,False,True
10076,pilot_region_1,pose_2deg,0.9488766241072102,1.0475212532860174,1.0,False,True,True
10076,pilot_region_2,fixed_pose,0.9467575002153678,0.9785710439987225,0.09874356175635665,True,False,True
10076,pilot_region_2,shift_only,0.9467575002153678,0.9785710439987225,0.11752129917936915,True,False,True
10076,pilot_region_2,pose_1deg,0.9467575002153678,0.9785710439987225,0.6139518855831126,False,False,True
10076,pilot_region_2,pose_2deg,0.9467575002153678,0.9785710439987225,1.0,False,True,True
10076,pilot_region_3,fixed_pose,0.9550151714364711,1.0487414671179631,0.10580940296413079,True,False,True
10076,pilot_region_3,shift_only,0.9550151714364711,1.0487414671179631,0.12500181366848237,True,False,True
10076,pilot_region_3,pose_1deg,0.9550151714364711,1.0487414671179631,0.6235889480755378,False,False,True
10076,pilot_region_3,pose_2deg,0.9550151714364711,1.0487414671179631,1.0,False,True,True
10076,matched_center,fixed_pose,0.9430586171387331,1.0895718115195947,0.10992314066986437,True,False,True
10076,matched_center,shift_only,0.9430586171387331,1.0895718115195947,0.1286285368534367,True,False,True
10076,matched_center,pose_1deg,0.9430586171387331,1.0895718115195947,0.6301540660159094,False,False,True
10076,matched_center,pose_2deg,0.9430586171387331,1.0895718115195947,1.0,False,True,True
