id	year	category	title	primary_url	pdf_url
ullrich2019	2019	density_uncertainty	Differentiable probabilistic models of scientific imaging with the Fourier slice theorem	https://proceedings.mlr.press/v115/ullrich20a.html	https://arxiv.org/pdf/1906.07582
rangan2024	2024	density_uncertainty	Estimating the tails of the spectrum of the Hessian of the log-likelihood for ab-initio single-particle reconstruction in electron cryomicroscopy	https://arxiv.org/abs/2411.13263	https://arxiv.org/pdf/2411.13263v2
locscale2026	2026	density_uncertainty	Confidence-guided cryo-EM map optimisation with LocScale-2.0	https://www.nature.com/articles/s41467-026-75327-8	https://www.nature.com/articles/s41467-026-75327-8.pdf
cryodiff2026	2026	density_uncertainty	CryoDiff: An uncertainty-aware diffusion model for Cryo-EM map enhancement	https://www.biorxiv.org/content/10.64898/2026.06.04.730282v1	https://www.biorxiv.org/content/10.64898/2026.06.04.730282v1.full.pdf
emmivox2024	2024	atomic_ensembles	Accurate model and ensemble refinement using cryo-electron microscopy maps and Bayesian inference	https://pmc.ncbi.nlm.nih.gov/articles/PMC11271924/	
dynamicuq2023	2023	density_uncertainty	Uncertainty Quantification in Dynamic Image Reconstruction with Applications to Cryo-EM	https://www3.stat.sinica.edu.tw/statistica/oldpdf/A33n2129.pdf	https://www3.stat.sinica.edu.tw/statistica/oldpdf/A33n2129.pdf
cryoforum2024	2024	pose_uncertainty	Cryo-forum: A framework for orientation recovery with uncertainty measure with the application in cryo-EM image analysis	https://doi.org/10.1016/j.jsb.2023.108058	https://arxiv.org/pdf/2307.09847
bayespose2026	2026	pose_uncertainty	Bayesian perspective for orientation determination in cryo-EM with application to structural heterogeneity analysis	https://pmc.ncbi.nlm.nih.gov/articles/PMC13044732/	https://arxiv.org/pdf/2412.03723
archer2026	2026	pose_uncertainty	ARCHER: Amortized cross-specimen pose estimation for cryo-electron microscopy	https://arxiv.org/abs/2608.22029	https://arxiv.org/pdf/2608.22029
thunder2018	2018	pose_uncertainty	A particle-filter framework for robust cryo-EM 3D reconstruction	https://www.nature.com/articles/s41592-018-0223-8	
equivariant2024	2024	pose_uncertainty	Equivariant amortized inference of poses for cryo-EM	https://arxiv.org/abs/2406.01630	https://arxiv.org/pdf/2406.01630
bootstrap2006	2006	classical_uncertainty	Estimation of variance in single-particle reconstruction using the bootstrap technique	https://doi.org/10.1016/j.jsb.2006.01.003	
beckers2019	2019	map_validation	Thresholding of cryo-EM density maps by false discovery rate control	https://journals.iucr.org/m/issues/2019/01/00/pw5002/	https://journals.iucr.org/m/issues/2019/01/00/pw5002/pw5002.pdf
beckers2020	2020	map_validation	Confidence maps: statistical inference of cryo-EM maps	https://pmc.ncbi.nlm.nih.gov/articles/PMC7137106/	https://journals.iucr.org/d/issues/2020/04/00/rr5194/rr5194.pdf
penczek2020	2020	map_validation	Reliable cryo-EM resolution estimation with modified Fourier shell correlation	https://pmc.ncbi.nlm.nih.gov/articles/PMC7642792/	
bias2022	2022	map_validation	On bias, variance, overfitting, gold standard and consensus in single-particle analysis by cryo-electron microscopy	https://pmc.ncbi.nlm.nih.gov/articles/PMC8972802/	
ortiz2020	2020	map_validation	Validation tests for cryo-EM maps using an independent particle set	https://pmc.ncbi.nlm.nih.gov/articles/PMC7385033/	https://arxiv.org/pdf/1908.01054
tiltpairs2014	2014	map_validation	Robust evaluation of 3D electron cryomicroscopy data using tilt-pairs	https://pmc.ncbi.nlm.nih.gov/articles/PMC4136738/	
monodir2020	2020	map_validation	Measuring local-directional resolution and local anisotropy in cryo-EM maps	https://pmc.ncbi.nlm.nih.gov/articles/PMC6940361/	
fscq2021	2021	atomic_validation	FSC-Q: a CryoEM map-to-atomic model quality validation based on the local Fourier shell correlation	https://www.nature.com/articles/s41467-020-20295-w	
cryores2023	2023	map_validation	CryoRes: Local Resolution Estimation of Cryo-EM Density Maps by Deep Learning	https://doi.org/10.1016/j.jmb.2023.168059	https://zhanglab.net/files/2023_JMB.pdf
sfsc2024	2024	map_validation	Self Fourier shell correlation: properties and application to cryo-ET	https://pmc.ncbi.nlm.nih.gov/articles/PMC10791666/	
lander2024	2024	review	Single particle cryo-EM map and model validation: It's not crystal clear	https://doi.org/10.1016/j.sbi.2024.102918	
deposition2025	2025	map_validation	Preserving Information and Integrity in Cryo-EM: A Fourier-Space Deposition Approach	https://pmc.ncbi.nlm.nih.gov/articles/PMC12676377/	
cfar2026	2026	map_validation	cFAR and Relative Signal: Diagnosing Preferred Orientation in Single-Particle Cryo-EM	https://www.biorxiv.org/content/10.64898/2026.08.11.744264v1	
daq2026	2026	atomic_validation	DAQplugin: Interactive Deep Learning-Based Validation of Cryo-EM Protein Models in ChimeraX	https://pmc.ncbi.nlm.nih.gov/articles/PMC13308149/	
community2024	2024	map_validation	Community recommendations on cryoEM data archiving and validation	https://arxiv.org/abs/2311.17640	https://arxiv.org/pdf/2311.17640
blush2024	2024	learned_prior	Data-driven regularization lowers the size barrier of cryo-EM structure determination	https://www.nature.com/articles/s41592-024-02304-8	https://api.repository.cam.ac.uk/server/api/core/bitstreams/8070ef4e-51a3-452f-9ca3-5b71b79cadc9/content
diffusionprior2024	2024	learned_prior	Diffusion priors for Bayesian 3D reconstruction from incomplete measurements	https://arxiv.org/abs/2412.14897	https://arxiv.org/pdf/2412.14897
alphafoldprior2026	2026	learned_prior	AlphaFold as a prior: experimental structure determination conditioned on a pretrained neural network	https://doi.org/10.1038/s41592-026-03047-4	
boltzensemble2026	2026	atomic_ensembles	Modeling Atomic Conformational Ensembles of Proteins via Test-Time Supervision of Boltz-2 on Cryo-EM Density Maps	https://arxiv.org/abs/2605.09832	https://arxiv.org/pdf/2605.09832
recovar2025	2025	heterogeneity	Cryo-EM heterogeneity analysis using regularized covariance estimation and kernel regression	https://doi.org/10.1073/pnas.2419140122	
dynamight2024	2024	heterogeneity	DynaMight: estimating molecular motions with improved reconstruction from cryo-EM images	https://www.nature.com/articles/s41592-024-02377-5	https://www.nature.com/articles/s41592-024-02377-5.pdf
flex2023	2023	heterogeneity	3DFlex: determining structure and motion of flexible proteins from cryo-EM	https://www.nature.com/articles/s41592-023-01853-8	
cryofire2023	2023	heterogeneity	Amortized Inference for Heterogeneous Reconstruction in Cryo-EM	https://arxiv.org/abs/2210.07387	https://arxiv.org/pdf/2210.07387
cryosphere2024	2024	heterogeneity	cryoSPHERE: Single-particle heterogeneous reconstruction from cryo EM	https://arxiv.org/abs/2407.01574	https://arxiv.org/pdf/2407.01574
cryostar2024	2024	heterogeneity	CryoSTAR: leveraging structural priors and constraints for cryo-EM heterogeneous reconstruction	https://doi.org/10.1038/s41592-024-02486-1	
hydra2024	2024	heterogeneity	Mixture of neural fields for heterogeneous reconstruction in cryo-EM	https://arxiv.org/abs/2412.09420	https://arxiv.org/pdf/2412.09420
drgnai2025	2025	reconstruction	CryoDRGN-AI: neural ab initio reconstruction of challenging cryo-EM and cryo-ET datasets	https://www.nature.com/articles/s41592-025-02720-4	
cryospire2025	2025	heterogeneity	Reconstructing Heterogeneous Biomolecules via Hierarchical Gaussian Mixtures and Part Discovery	https://arxiv.org/abs/2506.09063	https://arxiv.org/pdf/2506.09063
cryosplat2026	2026	reconstruction	CryoSplat: Gaussian Splatting for Cryo-EM Homogeneous Reconstruction	https://arxiv.org/abs/2508.04929v5	https://arxiv.org/pdf/2508.04929v5
gem2025	2025	reconstruction	GEM: 3D Gaussian Splatting for Efficient and Accurate Cryo-EM Reconstruction	https://arxiv.org/abs/2509.25075v2	https://arxiv.org/pdf/2509.25075v2
tomodrgn2024	2024	tomography	Learning structural heterogeneity from cryo-electron sub-tomograms with tomoDRGN	https://doi.org/10.1038/s41592-024-02210-z	
drgnet2024	2024	tomography	CryoDRGN-ET: deep reconstructing generative networks for visualizing dynamic biomolecules inside cells	https://www.nature.com/articles/s41592-024-02340-4	https://ezlab.princeton.edu/assets/pdf/2024_cryodrgnet.pdf
cryobench2024	2024	benchmark	CryoBench: Diverse and challenging datasets for the heterogeneity problem in cryo-EM	https://cryobench.cs.princeton.edu/	https://arxiv.org/pdf/2408.05526
flatiron2025	2025	benchmark	The Inaugural Flatiron Institute Cryo-EM Conformational Heterogeneity Challenge	https://pmc.ncbi.nlm.nih.gov/articles/PMC12637659/	https://grigoriefflab.umassmed.edu/system/tdf?file=1&path=Astore_bioRxiv2025.pdf
mattingly2026	2026	identifiability	Measurement-limited learning of conformational heterogeneity in cryo-electron microscopy	https://arxiv.org/abs/2606.14449	https://arxiv.org/pdf/2606.14449
counting2025	2026	identifiability	Counting particles in cryo-electron microscopy may result in incorrect population estimates	https://www.nature.com/articles/s42003-026-09859-6	https://www.nature.com/articles/s42003-026-09859-6.pdf
stochastic2025	2025	identifiability	Cryo-EM as a Stochastic Inverse Problem	https://arxiv.org/abs/2509.05541	https://arxiv.org/pdf/2509.05541
cryojax2026	2026	benchmark	CryoJAX: a cryo-electron microscopy image-simulation library in JAX	https://doi.org/10.1107/S2059798326000550	
donoho1994	1994	inference_theory	Statistical Estimation and Optimal Recovery	https://doi.org/10.1214/aos/1176325367	https://web.stanford.edu/dept/statistics/cgi-bin/donoho/wp-content/uploads/2018/08/SEOR.pdf
armstrong2018	2018	inference_theory	Optimal Inference in a Class of Regression Models	https://doi.org/10.3982/ECTA14434	https://www.princeton.edu/~mkolesar/papers/optimal.pdf
batlle2025	2025	inference_theory	Simultaneous Frequentist Calibration of Confidence Regions for Multiple Functionals in Constrained Inverse Problems	https://arxiv.org/abs/2510.11708	https://arxiv.org/pdf/2510.11708
kuusela2015	2015	inference_theory	Statistical unfolding of elementary particle spectra: Empirical Bayes estimation and bias-corrected uncertainty quantification	https://arxiv.org/abs/1505.04768	https://arxiv.org/pdf/1505.04768
narnhofer2022	2022	inverse_uq	Posterior-Variance-Based Error Quantification for Inverse Problems in Imaging	https://arxiv.org/abs/2212.12499	https://arxiv.org/pdf/2212.12499
taskuq2025	2025	inverse_uq	Task-Driven Uncertainty Quantification in Inverse Problems via Conformal Prediction	https://pmc.ncbi.nlm.nih.gov/articles/PMC12109201/	
qutcc2025	2025	inverse_uq	QUTCC: Quantile Uncertainty Training and Conformal Calibration for Imaging Inverse Problems	https://arxiv.org/abs/2507.14760	https://arxiv.org/pdf/2507.14760
multitarget2025	2025	inverse_uq	Minimax Multi-Target Conformal Prediction with Applications to Imaging Inverse Problems	https://arxiv.org/abs/2511.13533	https://arxiv.org/pdf/2511.13533
momentposterior2025	2025	inverse_uq	Moment-based Posterior Sampling for Multi-reference Alignment	https://arxiv.org/abs/2510.12651	https://arxiv.org/pdf/2510.12651
imagequality2025	2025	inverse_uq	Conformal Bounds on Full-Reference Image Quality for Imaging Inverse Problems	https://pmc.ncbi.nlm.nih.gov/articles/PMC12956293/	
cahra2026	2026	benchmark	The CAHRA Challenge: A Community-Wide Assessment of Cryo-EM Heterogeneous Reconstruction Algorithms	https://doi.org/10.64898/2026.09.15.751515	
robustquality2026	2026	map_validation	Robust quality assessment of cryo-EM maps, tomograms and micrographs by statistics-based local resolution estimation	https://doi.org/10.64898/2026.02.03.703505	
cryomv2026	2026	heterogeneity	CryoMV: Structure-Prior-Guided Modeling and Real-Particle Validation of Continuous Conformational Transitions in Cryo-EM	https://doi.org/10.64898/2026.09.21.753206	
emready2026	2026	learned_prior	EMReady2: improvement of cryo-EM and cryo-ET maps by local quality-aware deep learning with Mamba.	https://doi.org/10.1038/s41467-026-71794-1	
roodmus2024	2024	benchmark	Roodmus: a toolkit for benchmarking heterogeneous electron cryo-microscopy reconstructions.	https://doi.org/10.1107/s2052252524009321	
hetsiren2025	2025	heterogeneity	Real-space heterogeneous reconstruction, refinement, and disentanglement of CryoEM conformational states with HetSIREN.	https://doi.org/10.1038/s41467-025-59135-0	
dualvae2026	2026	heterogeneity	3DDF-VAE: Dual-frequency variational autoencoder with pose-consistency validation for rare cryo-EM conformation discovery.	https://doi.org/10.1016/j.jsb.2026.108311	
cryoddm2025	2025	heterogeneity	CryoDDM: CryoEM denoising diffusion model for heterogeneous conformational reconstruction	https://doi.org/10.64898/2025.12.10.693455	
cryoneRF2025	2025	reconstruction	CryoNeRF: reconstruction of homogeneous and heterogeneous cryo-EM structures using neural radiance field	https://doi.org/10.1101/2025.01.10.632460	
cryogs2026	2026	reconstruction	CryoGS: High-Quality Cryo-EM Homogeneous Reconstruction by Gaussian Splatting	https://doi.org/10.21203/rs.3.rs-8451958/v1	
decouplegmm2026	2026	heterogeneity	Disentangling conformational and compositional heterogeneity for cryo-EM reconstruction via decoupled Gaussian mixture models	https://doi.org/10.21203/rs.3.rs-9494005/v1	
cryoensemble2024	2024	atomic_ensembles	Bayesian reweighting of biomolecular structural ensembles using heterogeneous cryo-EM maps with the cryoENsemble method.	https://doi.org/10.1038/s41598-024-68468-7	
normalizedfilter2023	2023	map_validation	A robust normalized local filter to estimate compositional heterogeneity directly from cryo-EM maps.	https://doi.org/10.1038/s41467-023-41478-1	
generativepriors2024	2024	heterogeneity	Deep generative priors for biomolecular 3D heterogeneous reconstruction from cryo-EM projections.	https://doi.org/10.1016/j.jsb.2024.108073	
heteroreview2023	2023	review	Methods for Cryo-EM Single Particle Reconstruction of Macromolecules Having Continuous Heterogeneity.	https://doi.org/10.1016/j.jmb.2023.168020	
sgdrefine2025	2025	reconstruction	Efficient high-resolution refinement in cryo-EM with stochastic gradient descent.	https://doi.org/10.1107/s205979832500511x	
trpvcompare2025	2025	benchmark	Comparing cryo-EM methods and molecular dynamics simulation to investigate heterogeneity in ligand-bound TRPV1.	https://doi.org/10.1038/s41467-025-67821-2	
relion2012	2012	reconstruction	RELION: Implementation of a Bayesian approach to cryo-EM structure determination	https://doi.org/10.1016/j.jsb.2012.09.006	
bayesian2012	2012	reconstruction	A Bayesian view on cryo-EM structure determination	https://doi.org/10.1016/j.jmb.2011.11.010	
cryosparc2017	2017	reconstruction	cryoSPARC: algorithms for rapid unsupervised cryo-EM structure determination	https://doi.org/10.1038/nmeth.4169	
cryodrgn2021	2021	heterogeneity	CryoDRGN: reconstruction of heterogeneous cryo-EM structures using neural networks	https://doi.org/10.1038/s41592-020-01049-4	
gmm2021	2021	heterogeneity	Deep learning-based mixed-dimensional Gaussian mixture model for characterizing variability in cryo-EM	https://doi.org/10.1038/s41592-021-01220-5	
resmap2014	2014	map_validation	Quantifying the local resolution of cryo-EM density maps	https://doi.org/10.1038/nmeth.2727	
overfit2012	2012	map_validation	Prevention of overfitting in cryo-EM structure determination	https://doi.org/10.1038/nmeth.2115	
noisesub2013	2013	map_validation	High-resolution noise substitution to measure overfitting and validate resolution in 3D structure determination by single particle electron cryomicroscopy	https://doi.org/10.1016/j.ultramic.2013.06.004	
habeck2017	2017	atomic_ensembles	Bayesian Modeling of Biomolecular Assemblies with Cryo-EM Maps	https://doi.org/10.3389/fmolb.2017.00015	
simple2025	2025	pose_reconstruction	Probabilistic single-particle cryo-EM ab initio 3D reconstruction in SIMPLE	https://doi.org/10.1107/S2059798325005686	https://journals.iucr.org/d/issues/2025/08/00/ic5124/ic5124.pdf
cryoetgs2026	2026	tomography	Adaptive Gaussian representation for differentiable cryo-electron tomography reconstruction	https://doi.org/10.1016/j.jsb.2025.108281	
guidedaf32026	2026	atomic_ensembles	Experiment-guided AlphaFold3 resolves measurement-consistent protein ensembles	https://doi.org/10.1038/s41587-026-03166-5	https://www.nature.com/articles/s41587-026-03166-5.pdf
cesped2024	2024	pose_benchmark	CESPED: a new benchmark for supervised particle pose estimation in Cryo-EM	https://arxiv.org/abs/2311.06194v2	https://arxiv.org/pdf/2311.06194v2
cryopares2026	2026	pose_inference	Supervised Deep Learning for Efficient Cryo-EM Image Alignment in Drug Discovery with cryoPARES	https://www.biorxiv.org/content/10.1101/2025.03.04.641536v6	https://www.biorxiv.org/content/10.1101/2025.03.04.641536v6.full.pdf
cryofastar2025	2025	pose_inference	CryoFastAR: Fast Cryo-EM Ab initio Reconstruction Made Easy	https://arxiv.org/abs/2506.05864v1	https://arxiv.org/pdf/2506.05864v1
goldlocal2026	2026	validation	Gold-standard local validation enhances interpretability of cryo-EM maps	https://zenodo.org/records/20730619	https://zenodo.org/records/20730619/files/Gold-standard_local_validation_enhances_interpretability_of_cryo-EM_maps_v5.pdf?download=1
cailow2004	2004	inverse_uncertainty	An adaptation theory for nonparametric confidence intervals	https://doi.org/10.1214/009053604000000049	https://arxiv.org/pdf/math/0503662
kw1992	1992	numerical_certification	Estimating the Largest Eigenvalue by the Power and Lanczos Algorithms with a Random Start	https://doi.org/10.1137/0613066	https://mice.cs.columbia.edu/getTechreport.php?format=pdf&techreportID=1218
zhao2026radiative	2026	adjacent_tomography_uncertainty	When Variance Is Not an Error Map: Calibrated Uncertainty for Radiative Gaussian Splatting in Sparse-View CT	https://arxiv.org/abs/2607.13682v4	https://arxiv.org/pdf/2607.13682v4
cryosense2026	2026	compressed_acquisition	cryoSENSE: Compressive Sensing Enables High-throughput Microscopy with Sparse and Generative Priors on the Protein Cryo-EM Image Manifold	https://openaccess.thecvf.com/content/CVPR2026/html/Shabeeb_cryoSENSE_Compressive_Sensing_Enables_High-throughput_Microscopy_with_Sparse_and_Generative_CVPR_2026_paper.html	https://openaccess.thecvf.com/content/CVPR2026/papers/Shabeeb_cryoSENSE_Compressive_Sensing_Enables_High-throughput_Microscopy_with_Sparse_and_Generative_CVPR_2026_paper.pdf
calpro2026	2026	adjacent_structure_uncertainty	CalPro: Prior-Aware Evidential Conformal Prediction with Structure-Aware Sensitivity Bounds for Protein Structures	https://proceedings.mlr.press/v306/shihab26b.html	https://raw.githubusercontent.com/mlresearch/v306/main/assets/shihab26b/shihab26b.pdf
cryopros2025	2025	pose_prior_validation	CryoPROS: Correcting misalignment caused by preferred orientation using AI-generated auxiliary particles	https://doi.org/10.1038/s41467-025-59797-w	https://www.nature.com/articles/s41467-025-59797-w.pdf
cocofold2026	2026	atomic_prior_validation	Fine-tuning AlphaFold with limited cryo-EM observations	https://doi.org/10.1038/s42004-026-01899-7	https://www.nature.com/articles/s42004-026-01899-7.pdf
cryotwin2026	2026	heterogeneity_thermodynamics	Digital twin of biomacromolecular thermodynamics in cryo-EM data	https://doi.org/10.1038/s42004-026-02077-5	https://www.nature.com/articles/s42004-026-02077-5.pdf
mordant2026	2026	heterogeneity_discretization	On the discretization of the object space in inverse problems with application to cryo-electron microscopy	https://arxiv.org/abs/2609.01688v1	https://arxiv.org/pdf/2609.01688v1
patel2025thesis	2025	adjacent_dynamic_uncertainty_proposal	Conformally Robust Decision Making	https://www.ambujtewari.com/theses/Yash_Patel_Thesis_2025.pdf	https://www.ambujtewari.com/theses/Yash_Patel_Thesis_2025.pdf
goli2024	2024	adjacent_nerf_uncertainty	Bayes' Rays: Uncertainty Quantification for Neural Radiance Fields	https://openaccess.thecvf.com/content/CVPR2024/html/Goli_Bayes_Rays_Uncertainty_Quantification_for_Neural_Radiance_Fields_CVPR_2024_paper.html	https://openaccess.thecvf.com/content/CVPR2024/papers/Goli_Bayes_Rays_Uncertainty_Quantification_for_Neural_Radiance_Fields_CVPR_2024_paper.pdf
diffpose2025	2025	pose_uncertainty	DiffPose: Differentiable projection matching for fast pose inference in cryo-EM	https://doi.org/10.13140/RG.2.2.22082.85441	
gaussianem2026	2026	heterogeneity	Resolving compositional and conformational heterogeneity in cryo-EM with deformable 3D Gaussian representations	https://arxiv.org/abs/2512.21599v2	https://arxiv.org/pdf/2512.21599v2
bioem2013	2013	likelihood_validation	Bayesian analysis of individual electron microscopy images: Towards structures of dynamic and heterogeneous biomolecular assemblies	https://doi.org/10.1016/j.jsb.2013.10.006	
cryolike2025	2025	likelihood_validation	CryoLike: a Python package for cryo-electron microscopy image-to-structure likelihood calculations	https://doi.org/10.1107/S2059798325009350	https://journals.iucr.org/d/issues/2025/12/00/bar5002/bar5002.pdf
universal2020	2020	statistical_foundations	Universal inference	https://doi.org/10.1073/pnas.1922664117	https://arxiv.org/pdf/1912.11436v4
sharon2020	2020	moment_identifiability	Method of moments for 3D single particle ab initio modeling with non-uniform distribution of viewing angles	https://doi.org/10.1088/1361-6420/ab6139	https://arxiv.org/pdf/1907.05377v2
subspacemom2026	2026	moment_reconstruction	Subspace Method of Moments for Ab Initio 3-D Single Particle Cryo-EM Reconstruction	https://doi.org/10.1137/24M1699644	https://arxiv.org/pdf/2410.06889v5
fan2024	2024	orbit_information	Maximum likelihood for high-noise group orbit estimation and single-particle cryo-EM	https://doi.org/10.1214/23-AOS2292	https://arxiv.org/pdf/2107.01305v2
momentmetrics2024	2024	moment_validation	Moment-based metrics for molecules computable from cryogenic electron microscopy images	https://doi.org/10.1017/S2633903X24000023	https://arxiv.org/pdf/2401.15183v1
nonuniformmle2025	2025	viewing_law_misspecification	Misspecified Maximum Likelihood Estimation for Non-Uniform Group Orbit Recovery	https://arxiv.org/abs/2509.22945v1	https://arxiv.org/pdf/2509.22945v1
lindsay1983	1983	mixture_likelihood	The Geometry of Mixture Likelihoods: A General Theory	https://doi.org/10.1214/aos/1176346059	https://people.csail.mit.edu/jrennie/trg/papers/lindsay-mixture-83.pdf
npmle2024	2024	mixture_optimization	On Efficient and Scalable Computation of the Nonparametric Maximum Likelihood Estimator in Mixture Models	https://jmlr.org/papers/v25/22-1120.html	https://jmlr.org/papers/volume25/22-1120/22-1120.pdf
cryonoo2025	2025	heterogeneity_validation	Separating Signal From Noise: A Self-Distillation Approach for Amortized Heterogeneous Cryo-EM Reconstruction	https://minkyujeon.github.io/publications/	https://openreview.net/pdf?id=YIvDrdPCo2
joubert2015	2015	density_uncertainty	Bayesian Inference of Initial Models in Cryo-Electron Microscopy Using Pseudo-atoms	https://pmc.ncbi.nlm.nih.gov/articles/PMC4375433/	https://pure.mpg.de/rest/items/item_2139298_6/component/file_2139299/content
balanov2026	2026	validation_selection	Structure from Noise: Confirmation Bias in Particle Picking in Structural Biology	https://arxiv.org/abs/2507.03951v3	https://arxiv.org/pdf/2507.03951v3
backusgilbert1968	1968	statistical_foundations	The Resolving Power of Gross Earth Data	https://doi.org/10.1111/j.1365-246X.1968.tb00216.x	
low1997	1997	statistical_foundations_pending_primary_access	On nonparametric confidence intervals	https://doi.org/10.1214/aos/1030741084	
johnstone2010	2010	statistical_foundations	High dimensional Bernstein-von Mises: simple examples	https://pmc.ncbi.nlm.nih.gov/articles/PMC2990974/	
bepler2020denoise	2020	noise_independence	Topaz-Denoise: general deep denoising models for cryoEM and cryoET	https://www.nature.com/articles/s41467-020-18952-1	
neufeld2024thinning	2024	statistical_data_splitting	Data thinning for convolution-closed distributions	https://www.jmlr.org/papers/v25/23-0446.html	https://www.jmlr.org/papers/volume25/23-0446/23-0446.pdf
jensen2001	2001	alignment_bias_abstract_read	Alignment error envelopes for single particle analysis	https://doi.org/10.1006/jsbi.2001.4334	
shaikh2003	2003	cross_validation_abstract_read	An approach to examining model dependence in EM reconstructions using cross-validation	https://doi.org/10.1016/S1047-8477(03)00029-7	
