dataset,template,target,method,n,paired_center_difference_mean,paired_center_difference_se,paired_center_difference_median,paired_center_difference_minimum,paired_center_difference_maximum,paired_standardized_difference_mean,paired_standardized_difference_se,paired_standardized_difference_median,paired_standardized_difference_minimum,paired_standardized_difference_maximum
10028,true_pose,center,fixed_folded,200,0.0034367049308307762,0.0109261982689324,-0.0006141212762491577,-0.4307808990928872,0.40778198076916183,0.033393273557788775,0.1061660908004976,-0.0059672041063150265,-4.185749052189235,3.962276514809732
10028,true_pose,center,gaussian_tau2_fixed,200,0.02219245983751529,0.03572321356507696,-0.005958129930856426,-1.4063624961380543,1.4446120336993045,0.06285467394066852,0.10117719969690274,-0.016874934858147197,-3.983175221870272,4.0915076117628795
10028,true_pose,center,gaussian_tau1_fixed,200,0.008233598594400036,0.020358307932689407,0.01478844475980634,-0.698885240714727,0.8811693685939375,0.04267802816706531,0.10552523655647307,0.07665441237751944,-3.6226011806132727,4.567452578801304
10028,true_pose,contrast,fixed_folded,200,0.00544306129927489,0.013623941915978722,0.005693644578456891,-0.4604484026577982,0.4879625587769114,0.039934134080726075,0.09995484034934472,0.04177258963340838,-3.3781740160527334,3.5800372579245585
10028,true_pose,contrast,gaussian_tau2_fixed,200,9.686526436658572e-06,0.05408047176144364,-0.04208156839644239,-1.7505746114133862,2.435340199891672,1.9278996835105922e-05,0.10763582288753813,-0.08375452534381486,-3.4841511674801686,4.8470332800115425
10028,true_pose,contrast,gaussian_tau1_fixed,200,0.0014778042177535377,0.029247350807844883,-0.03310485758396528,-0.915002742853219,1.1378967740065526,0.005423931326836602,0.1073454929738909,-0.12150356046018437,-3.3583014458080633,4.176381340027906
10028,oracle_reference,center,fixed_folded,200,0.028798152149050082,0.011419571296254417,0.031428610664318235,-0.45387909490815304,0.45208623529988357,0.2811380015554216,0.11178049542218427,0.3085273568642213,-4.430195275944658,4.419277490963675
10028,oracle_reference,center,gaussian_tau2_fixed,200,0.06213466922134895,0.036858496158486034,0.05688212771980927,-1.2602057557067292,1.857304051406983,0.17767532724102786,0.1050767739184076,0.1625503003036149,-3.5857105537641596,5.266192117387035
10028,oracle_reference,center,gaussian_tau2_pose,200,0.062157164512404356,0.03685642094708726,0.052562667443101896,-1.2741926670680428,1.8416176012030037,0.17809475361493482,0.10530118593023247,0.15048579907792425,-3.6331982737663595,5.233465798784089
10028,oracle_reference,center,gaussian_tau1_fixed,200,0.04423733301565454,0.02128877250282164,0.034318315833276714,-0.8128512477270289,1.032307360560063,0.23114137494556386,0.11133315086900747,0.18023272540295565,-4.231122594957393,5.349759774037125
10028,oracle_reference,center,gaussian_tau1_pose,200,0.04478097880792745,0.021269408611048382,0.040089761968674864,-0.8181750770065479,1.0253197272887622,0.23452435747184405,0.11150079811646763,0.20973814714575023,-4.2692362566705135,5.325624931648778
10028,oracle_reference,contrast,fixed_folded,200,-0.03961285555589957,0.012755534336213981,-0.043565505055576104,-0.45178290392258397,0.5157011091573025,-0.29308027401945,0.09431314386233361,-0.3257297564371634,-3.3713722365261214,3.767590031891015
10028,oracle_reference,contrast,gaussian_tau2_fixed,200,-0.023127084048600633,0.047354674769649774,-0.01646717409540606,-1.854994198900921,1.5873779056128374,-0.04480683124815897,0.09461742665442141,-0.03306442905447629,-3.681009157447983,3.1627372278420567
10028,oracle_reference,contrast,gaussian_tau2_pose,200,-0.024225313243892817,0.04718474782448873,0.003320056219569878,-1.8512070235286364,1.5608753760234144,-0.04707010957964968,0.09452767331021658,0.006671447835096966,-3.7148217835079893,3.1194661130572165
10028,oracle_reference,contrast,gaussian_tau1_fixed,200,-0.03840626984156311,0.026147384755433194,-0.04087165043555063,-1.0213506778433825,1.0111289893798923,-0.14095465560212944,0.09624922149118081,-0.15140513188690646,-3.7980246628198953,3.693411556707261
10028,oracle_reference,contrast,gaussian_tau1_pose,200,-0.039072872380374525,0.02605837379711694,-0.022952510172256857,-1.0216803857445234,1.0404663199424533,-0.14384354967498475,0.09616675503467309,-0.0851938598236438,-3.808239516390392,3.809062873618698
10028,independent_pilot,center,fixed_folded,200,0.00936090294464217,0.010984779305113976,0.005345525229324188,-0.39867812368416233,0.4297113215262418,0.08921525723959117,0.10490469263453744,0.051239718008624174,-3.828544956066882,4.147131522058962
10028,independent_pilot,center,gaussian_tau2_fixed,200,0.016946190743146117,0.03618032162821364,0.05891984965739572,-1.1203858381110026,1.6291027036835812,0.04765145996546423,0.10347961391269984,0.16846528186053134,-3.242846421812104,4.598052900849951
10028,independent_pilot,center,gaussian_tau2_pose,200,0.0231394140629555,0.03617234120877634,0.05244704738811756,-1.1378240231468668,1.6379686631715042,0.06560286997854205,0.103747922621667,0.15035837014774042,-3.3019857277530025,4.633829337497344
10028,independent_pilot,center,gaussian_tau1_fixed,200,0.016344955528055295,0.02029185954678886,0.02888274829691273,-0.6532417951763727,0.8700127363068346,0.0848964126526714,0.10547442271093004,0.15065099505648766,-3.403305156062631,4.499771310770748
10028,independent_pilot,center,gaussian_tau1_pose,200,0.021339079599357654,0.02031375505505216,0.03995002363038114,-0.6605185322049594,0.8786280218907248,0.11127202832799553,0.10590471570598109,0.20585058413310892,-3.450810940132748,4.556201377702387
10028,independent_pilot,contrast,fixed_folded,200,-0.0033161358133041705,0.013502267090472045,-0.005434218600212426,-0.4833900712259825,0.5281188096295607,-0.022539669038543916,0.0951100730080465,-0.037990048402460855,-3.3946342606855504,3.7934859262165666
10028,independent_pilot,contrast,gaussian_tau2_fixed,200,0.05868598276144178,0.050093168389882904,0.060280037169375814,-1.83866798182918,1.8928700980480744,0.11726591164102432,0.09931139871150033,0.11962873364993049,-3.575025705509166,3.8031050826511703
10028,independent_pilot,contrast,gaussian_tau2_pose,200,0.052445821262287584,0.049938276403820876,0.020294165162327266,-1.854560925725005,1.8791101432410837,0.10524030093418205,0.09932498094775458,0.040598839838861714,-3.618048237870637,3.74630933791437
10028,independent_pilot,contrast,gaussian_tau1_fixed,200,0.017217358910864174,0.026916781267112076,0.0012058964349452445,-0.9473583696745206,1.1103559620592165,0.06272886212323733,0.09780148357821386,0.0044733136181573,-3.4751723376830865,4.076366459791598
10028,independent_pilot,contrast,gaussian_tau1_pose,200,0.012978582260311677,0.026860006967823966,0.0001914015834680871,-0.9639552565453684,1.093695608540942,0.0474781992607564,0.09789743192936026,0.0006956691413255637,-3.4672884198833906,4.028078157580768
10049,true_pose,center,fixed_folded,200,0.0035467140933775365,0.031498501623067825,-0.023405060916882325,-1.1731475200315042,1.152559514188412,0.010833998920496848,0.09621715300333329,-0.07149445882348834,-3.5835645701853713,3.520675251450679
10049,true_pose,center,gaussian_tau2_fixed,200,-0.06100595376880131,0.05315671473056841,-0.070988440381756,-1.8779932298375372,2.0174677413233226,-0.11340226899259771,0.09881153707527955,-0.13195843543476915,-3.4909493296902903,3.7502146159779857
10049,true_pose,center,gaussian_tau1_fixed,200,-0.015196406447119715,0.035998391549019765,-0.05015752061500134,-1.3283578119470345,1.428094935696265,-0.04066549668585791,0.09633148977206647,-0.13422123812217335,-3.554677902788264,3.8215738751613952
10049,true_pose,contrast,fixed_folded,200,0.0015067073712948086,0.038355884469332684,-0.021629099324613155,-1.3721483819477585,1.94881195518221,0.004141575957855412,0.10543109563734068,-0.059453188760804083,-3.7717056792530608,5.3568150615921155
10049,true_pose,contrast,gaussian_tau2_fixed,200,0.06038117188959494,0.07606538351142533,-0.004169381573293107,-2.3172183184982584,3.0383363011753763,0.08449543365816518,0.10644340553582535,-0.005834495971126926,-3.24263939527637,4.251748274057574
10049,true_pose,contrast,gaussian_tau1_fixed,200,0.02114665277279405,0.050251371383161283,-0.021112395258127525,-1.564529723098719,2.543699090377835,0.04532995691547796,0.10771882076169419,-0.045256522519947454,-3.3537253249030012,5.4526724116411
10049,oracle_reference,center,fixed_folded,200,0.29873204269734166,0.030138361384620553,0.25726356249395343,-1.056802433296327,1.42384345693428,1.031821685213928,0.10326212183120727,0.8937515850452182,-3.1737808948525377,4.836910659685943
10049,oracle_reference,center,gaussian_tau2_fixed,200,0.3122088516111137,0.04984135725083558,0.31743570975600566,-1.6218920152994574,2.5461341197717937,0.6674207257861449,0.10594793347256798,0.7012679869387511,-3.388538584084722,5.6861293905051085
10049,oracle_reference,center,gaussian_tau2_pose,200,0.3018151835105859,0.05003955275349173,0.3219541104626551,-1.7635967561497596,2.5678228288380422,0.6470163348472318,0.10656948759711884,0.6787339556741364,-3.698277190092819,5.752298811057472
10049,oracle_reference,center,gaussian_tau1_fixed,200,0.29753059079785343,0.03483761214658366,0.29884750089296164,-1.160805059423343,1.5664795226186374,0.9076655737860864,0.10551026720159973,0.9032630401025996,-3.0573222035213976,4.954880066790267
10049,oracle_reference,center,gaussian_tau1_pose,200,0.2862589895029114,0.03493673267273284,0.28511414343551045,-1.325432973886298,1.5838874053852674,0.873669377529557,0.10577943207064323,0.8789480291596343,-3.4950598758952616,5.005661417088985
10049,oracle_reference,contrast,fixed_folded,200,-0.2362048061504497,0.02991530001332569,-0.21352341215514203,-1.4258000804344557,0.8537979619883469,-0.7840623914962572,0.09913634356989778,-0.74496473026807,-4.735646539921772,2.957239777820028
10049,oracle_reference,contrast,gaussian_tau2_fixed,200,-0.2814474171811347,0.0643429817627954,-0.31689749505806797,-3.364886734379591,2.452726445530992,-0.45509980576627224,0.10188477181825029,-0.510173596647375,-4.631301973074895,3.5956516829709004
10049,oracle_reference,contrast,gaussian_tau2_pose,200,-0.2858695508376444,0.06406406253860517,-0.3369954389152598,-3.371548873413537,2.324150458394113,-0.4637238135382178,0.10194365047350579,-0.532909988519978,-4.65986238331782,3.417423696010611
10049,oracle_reference,contrast,gaussian_tau1_fixed,200,-0.2524644587623529,0.04113122924179525,-0.2418906306800462,-1.880733405557248,1.2440261501188976,-0.6442901155063823,0.10395391202858711,-0.6368901829326346,-4.345299834327629,2.8049488572827483
10049,oracle_reference,contrast,gaussian_tau1_pose,200,-0.26278515642773054,0.04097231923658816,-0.251598388944891,-1.9105142621642892,1.1335841353300118,-0.6715405049385288,0.10381692807922367,-0.6591390357422027,-4.305795376363806,2.7952038729521314
10049,independent_pilot,center,fixed_folded,200,0.35690374445345435,0.029362687500423205,0.37808300931603034,-0.8541771869066066,1.4865319797075345,1.194217638116846,0.09720607821345094,1.311389711719278,-2.9213695006073372,4.921287335846799
10049,independent_pilot,center,gaussian_tau2_fixed,200,0.4001190128734528,0.05042090256574178,0.41572423039434914,-1.7936723649451136,2.2557353207102278,0.8220004379799118,0.10249047162228185,0.8803282320609187,-3.283205291657575,4.54016007490026
10049,independent_pilot,center,gaussian_tau2_pose,200,0.3767651256573121,0.050143875619523215,0.3796764603075602,-1.811598774979295,2.2197997702648196,0.7762271725581315,0.10250690750645898,0.8138021562801249,-3.3060128336228582,4.614978595049598
10049,independent_pilot,center,gaussian_tau1_fixed,200,0.36245514875645296,0.03417039202756263,0.36242036554148793,-1.0313057529629241,1.6230040311580303,1.0697961020840245,0.09942781243792145,1.051028722284384,-3.1338162735774264,4.709150042399913
10049,independent_pilot,center,gaussian_tau1_pose,200,0.3398146937332979,0.03398542445723011,0.3341905400844847,-1.059541918883637,1.537637137153466,1.0038888455818764,0.09922691817661074,1.0065407361517051,-3.222979052224281,4.480810975594522
10049,independent_pilot,contrast,fixed_folded,200,-0.10466124301857238,0.02912327734273746,-0.12117281823523213,-1.3244042349272198,1.0893496641456648,-0.3415957946385083,0.09433676238439959,-0.4179202238014531,-4.559157165319492,3.5108715324563486
10049,independent_pilot,contrast,gaussian_tau2_fixed,200,-0.05190492065751057,0.05998818944650236,-0.0433383127559272,-2.9770691710689476,2.598414424167947,-0.08237283715622583,0.09398358726587204,-0.06691171565034157,-3.6420416502166977,3.8636792846013868
10049,independent_pilot,contrast,gaussian_tau2_pose,200,-0.06454079377259346,0.06049921354768272,-0.07591370218515414,-3.160591797215514,2.496092678209621,-0.10236785825614993,0.09507428396802076,-0.11888098925595592,-3.662423686081316,3.724834824204625
10049,independent_pilot,contrast,gaussian_tau1_fixed,200,-0.08651253180865659,0.038716690760379924,-0.07473888068098922,-1.8313975038673218,1.3952318232760992,-0.21630549470203714,0.09611745864418798,-0.19137468631823654,-3.9796954250498664,3.2419926816564533
10049,independent_pilot,contrast,gaussian_tau1_pose,200,-0.09855789614506415,0.039072692177620556,-0.08952272569749176,-1.9294476880435911,1.2942249289918184,-0.24637448403539433,0.0970874632987955,-0.23147583376887226,-4.113957355058411,3.136834935190455
10076,true_pose,center,fixed_folded,200,-0.028032831368591044,0.026020547236087294,-0.014486172504300177,-1.1075725391521423,0.8973316394222306,-0.10866934704947363,0.10086872213642228,-0.05615568711522055,-4.2935079606138356,3.4785085409568666
10076,true_pose,center,gaussian_tau2_fixed,200,0.0024456894798115325,0.041250754349318776,0.04623935005660096,-1.494140037436202,1.501791197071939,0.00579265875386517,0.09770314067161849,0.10951871776422192,-3.53889708354236,3.5570189903531086
10076,true_pose,center,gaussian_tau1_fixed,200,-0.025278600165974094,0.0295943183997262,0.014008271884535128,-1.1878281799400998,1.148055322398259,-0.08535993558347155,0.09993310925648845,0.04730266620179349,-4.011018658398566,3.87671499698333
10076,true_pose,contrast,fixed_folded,200,0.029630343168798524,0.03111067212029036,0.01945478944074322,-1.357386925173194,1.346852393309995,0.0929310827230712,0.09757391022813058,0.06101699992396515,-4.2572384636880445,4.224198500348751
10076,true_pose,contrast,gaussian_tau2_fixed,200,0.024232553358059773,0.061673154659634605,0.0410764899755994,-2.3393975299517242,1.9293508894458258,0.040424692230594986,0.10288302099936981,0.06852371026037336,-3.902577815715761,3.2185389116137646
10076,true_pose,contrast,gaussian_tau1_fixed,200,0.02886199135568364,0.03870870148485097,0.01501350832236864,-1.6404360939424882,1.525070235560746,0.0735216986549227,0.09860475151629262,0.03824471503117514,-4.178770850395512,3.8848932114453283
10076,oracle_reference,center,fixed_folded,200,0.18954881105947188,0.02480072258010243,0.1632080916369416,-0.8045504627846065,1.0974256012764618,0.7468758566352115,0.09779650658202889,0.6385302904977364,-3.128866593443105,4.36957271884133
10076,oracle_reference,center,gaussian_tau2_fixed,200,0.18622856761362847,0.04102860727713379,0.21740450650319332,-1.8326172181513596,1.963609778400298,0.4433257577947376,0.09768514505385407,0.5160504632346543,-4.407168661613874,4.711701724597094
10076,oracle_reference,center,gaussian_tau2_pose,200,0.18231209058761386,0.04096070041876031,0.21592363044129792,-1.8478080799944587,1.9529696459701444,0.4348269934839379,0.09770800116155237,0.5172557927562336,-4.450343600824634,4.693905930646534
10076,oracle_reference,center,gaussian_tau1_fixed,200,0.18515714544394327,0.02816279841591885,0.1959082071508207,-0.9964108377783409,1.3729187339572473,0.6338611542275958,0.09645010711621453,0.6663392778364214,-3.372172348745649,4.734372541277318
10076,oracle_reference,center,gaussian_tau1_pose,200,0.18201233121554444,0.02814632012129178,0.1884559369044958,-0.9892615287485649,1.379909277195566,0.6234245273546596,0.09644424639367354,0.6505242450648925,-3.3504561078411057,4.759469942439091
10076,oracle_reference,contrast,fixed_folded,200,0.05912520879316019,0.02741929780533138,0.04764702366621876,-0.9375834220891028,1.2310226079666342,0.18911264259747734,0.08790943268054938,0.1504786977667565,-2.9913102944810204,3.804657101589367
10076,oracle_reference,contrast,gaussian_tau2_fixed,200,0.05322700132101355,0.05410035350975947,-0.020673321675274914,-2.728131342656887,1.8767924639937958,0.08971539382935477,0.09097922222363022,-0.034781405760230005,-4.62978026183546,3.173454777612343
10076,oracle_reference,contrast,gaussian_tau2_pose,200,0.053369270252039566,0.05391656620532101,-0.019374020125438207,-2.693209254057317,1.8398142249811933,0.09020479861315271,0.09089733875517648,-0.03265185225502222,-4.582100294555247,3.1178918085035963
10076,oracle_reference,contrast,gaussian_tau1_fixed,200,0.06260506150856537,0.034162482874961764,0.06308702351283943,-1.4751674427216352,1.2143395896068014,0.16191875093142905,0.0881997987455055,0.16364411437426324,-3.8245543907545683,3.159441898731501
10076,oracle_reference,contrast,gaussian_tau1_pose,200,0.0630914071943299,0.03413788979064536,0.05930648761073887,-1.4646495607559848,1.209117601299622,0.16338379837154676,0.08825296103031027,0.15275062922612748,-3.802316944900152,3.114504516931641
10076,independent_pilot,center,fixed_folded,200,0.3246594112649325,0.024491045049391296,0.3065860703330636,-0.8055494928006626,1.1928026233874824,1.2666403733012834,0.09557162975080263,1.2002286561026767,-3.1081167558038834,4.709685573717925
10076,independent_pilot,center,gaussian_tau2_fixed,200,0.2880401303168998,0.040656061759841836,0.3067153215823675,-1.2450205942990937,1.8050695028102939,0.6829778856082379,0.09631388475933982,0.7253067687364197,-2.9378438065004864,4.306097791549261
10076,independent_pilot,center,gaussian_tau2_pose,200,0.28430295892501045,0.04055150235409226,0.2991521261246324,-1.2459030865105456,1.7677402277041243,0.6755937376917697,0.096266981107228,0.7079733054966172,-2.9470347343351304,4.2263764921314815
10076,independent_pilot,center,gaussian_tau1_fixed,200,0.31511562311462116,0.027519727252000355,0.29979895122242217,-0.9218996353684235,1.3427410653621825,1.0693589477983039,0.09344895653910583,1.0218733364533856,-3.1119195419966257,4.604644479551195
10076,independent_pilot,center,gaussian_tau1_pose,200,0.30962563646042496,0.02745941176022711,0.29057993739379695,-0.932137162865772,1.3352926596451953,1.0513194502642127,0.0932892706239898,0.996644381919662,-3.148107680385154,4.593809831199324
10076,independent_pilot,contrast,fixed_folded,200,-0.07540345331621298,0.02769408684229809,-0.11809069585615545,-1.1405330272622731,1.134212924123989,-0.2432548814639041,0.08838381253019174,-0.3770671158194274,-3.6569811668866685,3.5515499808407345
10076,independent_pilot,contrast,gaussian_tau2_fixed,200,-0.05747141941893727,0.05474521789525661,-0.05483022579408958,-1.6931905398033094,2.221651605857838,-0.09710637695801522,0.09182755811528616,-0.0929614111103039,-2.822791163357514,3.7363368813969187
10076,independent_pilot,contrast,gaussian_tau2_pose,200,-0.04218392498770614,0.05466968404958028,-0.05051631621814548,-1.6604718980875703,2.1848553095589085,-0.07173160791393504,0.09195205525673747,-0.08577133799727871,-2.7756914200705185,3.682753001069521
10076,independent_pilot,contrast,gaussian_tau1_fixed,200,-0.0659421216494464,0.03476711458310683,-0.08860741640660244,-1.287014112124011,1.3066771907120556,-0.1712555079580415,0.0894987511851807,-0.23045937253547005,-3.3273842425373563,3.3275496309204007
10076,independent_pilot,contrast,gaussian_tau1_pose,200,-0.053494350203941304,0.03471811685754299,-0.07335782281974365,-1.3017179640898724,1.2424873407344719,-0.13949224989403736,0.08948903716979335,-0.19110855626543952,-3.363496468505408,3.167908890535067
