target,width,angle_degrees,dataset,replicate,method,relative_half_width,uses_no_data,field_gram_bytes
center,0.03,0.1,10028,0,noise_only,0.012915411861038414,False,724586496
center,0.03,0.1,10028,0,cell24_fixed_pose,0.6066667764267519,False,724586496
center,0.03,0.1,10028,0,continuous_fixed_pose,0.7386311532536545,False,724586496
center,0.03,0.1,10028,0,continuous_pose,0.764314405140662,False,724586496
center,0.03,0.1,10028,0,no_data,1.0,True,724586496
center,0.03,0.5,10028,0,noise_only,0.012915411861038414,False,724586496
center,0.03,0.5,10028,0,cell24_fixed_pose,0.6066667764267519,False,724586496
center,0.03,0.5,10028,0,continuous_fixed_pose,0.7386311532536545,False,724586496
center,0.03,0.5,10028,0,continuous_pose,0.987757018693394,False,724586496
center,0.03,0.5,10028,0,no_data,1.0,True,724586496
contrast,0.03,0.1,10028,0,noise_only,0.0126720096995454,False,724586496
contrast,0.03,0.1,10028,0,cell24_fixed_pose,0.5997112042286585,False,724586496
contrast,0.03,0.1,10028,0,continuous_fixed_pose,0.7300246259542462,False,724586496
contrast,0.03,0.1,10028,0,continuous_pose,0.7585506733953468,False,724586496
contrast,0.03,0.1,10028,0,no_data,1.0,True,724586496
contrast,0.03,0.5,10028,0,noise_only,0.0126720096995454,False,724586496
contrast,0.03,0.5,10028,0,cell24_fixed_pose,0.5997112042286585,False,724586496
contrast,0.03,0.5,10028,0,continuous_fixed_pose,0.7300246259542462,False,724586496
contrast,0.03,0.5,10028,0,continuous_pose,0.9906329067607849,False,724586496
contrast,0.03,0.5,10028,0,no_data,1.0,True,724586496
center,0.07,0.1,10028,0,noise_only,0.012429719265465723,False,724586496
center,0.07,0.1,10028,0,cell24_fixed_pose,0.07769886253796053,False,724586496
center,0.07,0.1,10028,0,continuous_fixed_pose,0.0868520551875491,False,724586496
center,0.07,0.1,10028,0,continuous_pose,0.10899772052959981,False,724586496
center,0.07,0.1,10028,0,no_data,1.0,True,724586496
center,0.07,0.5,10028,0,noise_only,0.012429719265465723,False,724586496
center,0.07,0.5,10028,0,cell24_fixed_pose,0.07769886253796053,False,724586496
center,0.07,0.5,10028,0,continuous_fixed_pose,0.0868520551875491,False,724586496
center,0.07,0.5,10028,0,continuous_pose,0.3129396937019188,False,724586496
center,0.07,0.5,10028,0,no_data,1.0,True,724586496
contrast,0.07,0.1,10028,0,noise_only,0.013316946326802913,False,724586496
contrast,0.07,0.1,10028,0,cell24_fixed_pose,0.09402245643960339,False,724586496
contrast,0.07,0.1,10028,0,continuous_fixed_pose,0.10492993686852285,False,724586496
contrast,0.07,0.1,10028,0,continuous_pose,0.13221551802997797,False,724586496
contrast,0.07,0.1,10028,0,no_data,1.0,True,724586496
contrast,0.07,0.5,10028,0,noise_only,0.013316946326802913,False,724586496
contrast,0.07,0.5,10028,0,cell24_fixed_pose,0.09402245643960339,False,724586496
contrast,0.07,0.5,10028,0,continuous_fixed_pose,0.10492993686852285,False,724586496
contrast,0.07,0.5,10028,0,continuous_pose,0.36500266111929036,False,724586496
contrast,0.07,0.5,10028,0,no_data,1.0,True,724586496
center,0.03,0.1,10028,1,noise_only,0.013137153789903634,False,724586496
center,0.03,0.1,10028,1,cell24_fixed_pose,0.6072133527827852,False,724586496
center,0.03,0.1,10028,1,continuous_fixed_pose,0.7391510497206083,False,724586496
center,0.03,0.1,10028,1,continuous_pose,0.7649973974585961,False,724586496
center,0.03,0.1,10028,1,no_data,1.0,True,724586496
center,0.03,0.5,10028,1,noise_only,0.013137153789903634,False,724586496
center,0.03,0.5,10028,1,cell24_fixed_pose,0.6072133527827852,False,724586496
center,0.03,0.5,10028,1,continuous_fixed_pose,0.7391510497206083,False,724586496
center,0.03,0.5,10028,1,continuous_pose,0.9886602657340241,False,724586496
center,0.03,0.5,10028,1,no_data,1.0,True,724586496
contrast,0.03,0.1,10028,1,noise_only,0.013043673193101936,False,724586496
contrast,0.03,0.1,10028,1,cell24_fixed_pose,0.6007555686416803,False,724586496
contrast,0.03,0.1,10028,1,continuous_fixed_pose,0.7310042565250138,False,724586496
contrast,0.03,0.1,10028,1,continuous_pose,0.7601226714911471,False,724586496
contrast,0.03,0.1,10028,1,no_data,1.0,True,724586496
contrast,0.03,0.5,10028,1,noise_only,0.013043673193101936,False,724586496
contrast,0.03,0.5,10028,1,cell24_fixed_pose,0.6007555686416803,False,724586496
contrast,0.03,0.5,10028,1,continuous_fixed_pose,0.7310042565250138,False,724586496
contrast,0.03,0.5,10028,1,continuous_pose,0.9951699228524645,False,724586496
contrast,0.03,0.5,10028,1,no_data,1.0,True,724586496
center,0.07,0.1,10028,1,noise_only,0.012610395021258021,False,724586496
center,0.07,0.1,10028,1,cell24_fixed_pose,0.07794229465522774,False,724586496
center,0.07,0.1,10028,1,continuous_fixed_pose,0.08708418631876422,False,724586496
center,0.07,0.1,10028,1,continuous_pose,0.10990105202226265,False,724586496
center,0.07,0.1,10028,1,no_data,1.0,True,724586496
center,0.07,0.5,10028,1,noise_only,0.012610395021258021,False,724586496
center,0.07,0.5,10028,1,cell24_fixed_pose,0.07794229465522774,False,724586496
center,0.07,0.5,10028,1,continuous_fixed_pose,0.08708418631876422,False,724586496
center,0.07,0.5,10028,1,continuous_pose,0.3162281423071976,False,724586496
center,0.07,0.5,10028,1,no_data,1.0,True,724586496
contrast,0.07,0.1,10028,1,noise_only,0.013948518634717749,False,724586496
contrast,0.07,0.1,10028,1,cell24_fixed_pose,0.09491573753572836,False,724586496
contrast,0.07,0.1,10028,1,continuous_fixed_pose,0.10583595187328702,False,724586496
contrast,0.07,0.1,10028,1,continuous_pose,0.13537124933498665,False,724586496
contrast,0.07,0.1,10028,1,no_data,1.0,True,724586496
contrast,0.07,0.5,10028,1,noise_only,0.013948518634717749,False,724586496
contrast,0.07,0.5,10028,1,cell24_fixed_pose,0.09491573753572836,False,724586496
contrast,0.07,0.5,10028,1,continuous_fixed_pose,0.10583595187328702,False,724586496
contrast,0.07,0.5,10028,1,continuous_pose,0.3794339737847138,False,724586496
contrast,0.07,0.5,10028,1,no_data,1.0,True,724586496
center,0.03,0.1,10028,2,noise_only,0.012905557354257049,False,724586496
center,0.03,0.1,10028,2,cell24_fixed_pose,0.6071161413236217,False,724586496
center,0.03,0.1,10028,2,continuous_fixed_pose,0.739058607321332,False,724586496
center,0.03,0.1,10028,2,continuous_pose,0.7632627187267991,False,724586496
center,0.03,0.1,10028,2,no_data,1.0,True,724586496
center,0.03,0.5,10028,2,noise_only,0.012905557354257049,False,724586496
center,0.03,0.5,10028,2,cell24_fixed_pose,0.6071161413236217,False,724586496
center,0.03,0.5,10028,2,continuous_fixed_pose,0.739058607321332,False,724586496
center,0.03,0.5,10028,2,continuous_pose,0.9804884074353786,False,724586496
center,0.03,0.5,10028,2,no_data,1.0,True,724586496
contrast,0.03,0.1,10028,2,noise_only,0.012774844404931894,False,724586496
contrast,0.03,0.1,10028,2,cell24_fixed_pose,0.600553372977371,False,724586496
contrast,0.03,0.1,10028,2,continuous_fixed_pose,0.7308065669490417,False,724586496
contrast,0.03,0.1,10028,2,continuous_pose,0.7586374084247723,False,724586496
contrast,0.03,0.1,10028,2,no_data,1.0,True,724586496
contrast,0.03,0.5,10028,2,noise_only,0.012774844404931894,False,724586496
contrast,0.03,0.5,10028,2,cell24_fixed_pose,0.600553372977371,False,724586496
contrast,0.03,0.5,10028,2,continuous_fixed_pose,0.7308065669490417,False,724586496
contrast,0.03,0.5,10028,2,continuous_pose,0.988993845039113,False,724586496
contrast,0.03,0.5,10028,2,no_data,1.0,True,724586496
center,0.07,0.1,10028,2,noise_only,0.012581736504323695,False,724586496
center,0.07,0.1,10028,2,cell24_fixed_pose,0.07781900540061636,False,724586496
center,0.07,0.1,10028,2,continuous_fixed_pose,0.08691476156622514,False,724586496
center,0.07,0.1,10028,2,continuous_pose,0.11007719393644397,False,724586496
center,0.07,0.1,10028,2,no_data,1.0,True,724586496
center,0.07,0.5,10028,2,noise_only,0.012581736504323695,False,724586496
center,0.07,0.5,10028,2,cell24_fixed_pose,0.07781900540061636,False,724586496
center,0.07,0.5,10028,2,continuous_fixed_pose,0.08691476156622514,False,724586496
center,0.07,0.5,10028,2,continuous_pose,0.31962818723055797,False,724586496
center,0.07,0.5,10028,2,no_data,1.0,True,724586496
contrast,0.07,0.1,10028,2,noise_only,0.013691202821834256,False,724586496
contrast,0.07,0.1,10028,2,cell24_fixed_pose,0.09449855128959796,False,724586496
contrast,0.07,0.1,10028,2,continuous_fixed_pose,0.10539440410129927,False,724586496
contrast,0.07,0.1,10028,2,continuous_pose,0.1340656450917283,False,724586496
contrast,0.07,0.1,10028,2,no_data,1.0,True,724586496
contrast,0.07,0.5,10028,2,noise_only,0.013691202821834256,False,724586496
contrast,0.07,0.5,10028,2,cell24_fixed_pose,0.09449855128959796,False,724586496
contrast,0.07,0.5,10028,2,continuous_fixed_pose,0.10539440410129927,False,724586496
contrast,0.07,0.5,10028,2,continuous_pose,0.37541946714798735,False,724586496
contrast,0.07,0.5,10028,2,no_data,1.0,True,724586496
center,0.03,0.1,10028,3,noise_only,0.012860625917239084,False,724586496
center,0.03,0.1,10028,3,cell24_fixed_pose,0.6069192843686427,False,724586496
center,0.03,0.1,10028,3,continuous_fixed_pose,0.7389042284467686,False,724586496
center,0.03,0.1,10028,3,continuous_pose,0.765285035247234,False,724586496
center,0.03,0.1,10028,3,no_data,1.0,True,724586496
center,0.03,0.5,10028,3,noise_only,0.012860625917239084,False,724586496
center,0.03,0.5,10028,3,cell24_fixed_pose,0.6069192843686427,False,724586496
center,0.03,0.5,10028,3,continuous_fixed_pose,0.7389042284467686,False,724586496
center,0.03,0.5,10028,3,continuous_pose,0.9899616306583064,False,724586496
center,0.03,0.5,10028,3,no_data,1.0,True,724586496
contrast,0.03,0.1,10028,3,noise_only,0.01285857536309689,False,724586496
contrast,0.03,0.1,10028,3,cell24_fixed_pose,0.6004872802569331,False,724586496
contrast,0.03,0.1,10028,3,continuous_fixed_pose,0.7307606422893133,False,724586496
contrast,0.03,0.1,10028,3,continuous_pose,0.7604165755401471,False,724586496
contrast,0.03,0.1,10028,3,no_data,1.0,True,724586496
contrast,0.03,0.5,10028,3,noise_only,0.01285857536309689,False,724586496
contrast,0.03,0.5,10028,3,cell24_fixed_pose,0.6004872802569331,False,724586496
contrast,0.03,0.5,10028,3,continuous_fixed_pose,0.7307606422893133,False,724586496
contrast,0.03,0.5,10028,3,continuous_pose,0.9979090658648616,False,724586496
contrast,0.03,0.5,10028,3,no_data,1.0,True,724586496
center,0.07,0.1,10028,3,noise_only,0.012763005124242843,False,724586496
center,0.07,0.1,10028,3,cell24_fixed_pose,0.07789542688012911,False,724586496
center,0.07,0.1,10028,3,continuous_fixed_pose,0.0870056205375948,False,724586496
center,0.07,0.1,10028,3,continuous_pose,0.11096440829612902,False,724586496
center,0.07,0.1,10028,3,no_data,1.0,True,724586496
center,0.07,0.5,10028,3,noise_only,0.012763005124242843,False,724586496
center,0.07,0.5,10028,3,cell24_fixed_pose,0.07789542688012911,False,724586496
center,0.07,0.5,10028,3,continuous_fixed_pose,0.0870056205375948,False,724586496
center,0.07,0.5,10028,3,continuous_pose,0.3238776728107079,False,724586496
center,0.07,0.5,10028,3,no_data,1.0,True,724586496
contrast,0.07,0.1,10028,3,noise_only,0.013723559847718886,False,724586496
contrast,0.07,0.1,10028,3,cell24_fixed_pose,0.09468776296157674,False,724586496
contrast,0.07,0.1,10028,3,continuous_fixed_pose,0.10560817580188728,False,724586496
contrast,0.07,0.1,10028,3,continuous_pose,0.1358827306994102,False,724586496
contrast,0.07,0.1,10028,3,no_data,1.0,True,724586496
contrast,0.07,0.5,10028,3,noise_only,0.013723559847718886,False,724586496
contrast,0.07,0.5,10028,3,cell24_fixed_pose,0.09468776296157674,False,724586496
contrast,0.07,0.5,10028,3,continuous_fixed_pose,0.10560817580188728,False,724586496
contrast,0.07,0.5,10028,3,continuous_pose,0.3827174640746989,False,724586496
contrast,0.07,0.5,10028,3,no_data,1.0,True,724586496
center,0.03,0.1,10049,0,noise_only,0.022464840471108766,False,724586496
center,0.03,0.1,10049,0,cell24_fixed_pose,0.6283035844991708,False,724586496
center,0.03,0.1,10049,0,continuous_fixed_pose,0.7595411002014189,False,724586496
center,0.03,0.1,10049,0,continuous_pose,0.7769917414189034,False,724586496
center,0.03,0.1,10049,0,no_data,1.0,True,724586496
center,0.03,0.5,10049,0,noise_only,0.022464840471108766,False,724586496
center,0.03,0.5,10049,0,cell24_fixed_pose,0.6283035844991708,False,724586496
center,0.03,0.5,10049,0,continuous_fixed_pose,0.7595411002014189,False,724586496
center,0.03,0.5,10049,0,continuous_pose,0.9401245600569544,False,724586496
center,0.03,0.5,10049,0,no_data,1.0,True,724586496
contrast,0.03,0.1,10049,0,noise_only,0.02122403280965357,False,724586496
contrast,0.03,0.1,10049,0,cell24_fixed_pose,0.6223462721062939,False,724586496
contrast,0.03,0.1,10049,0,continuous_fixed_pose,0.7518300608845419,False,724586496
contrast,0.03,0.1,10049,0,continuous_pose,0.7715113445650507,False,724586496
contrast,0.03,0.1,10049,0,no_data,1.0,True,724586496
contrast,0.03,0.5,10049,0,noise_only,0.02122403280965357,False,724586496
contrast,0.03,0.5,10049,0,cell24_fixed_pose,0.6223462721062939,False,724586496
contrast,0.03,0.5,10049,0,continuous_fixed_pose,0.7518300608845419,False,724586496
contrast,0.03,0.5,10049,0,continuous_pose,0.9380150687817009,False,724586496
contrast,0.03,0.5,10049,0,no_data,1.0,True,724586496
center,0.07,0.1,10049,0,noise_only,0.0383756964903748,False,724586496
center,0.07,0.1,10049,0,cell24_fixed_pose,0.10941312293497382,False,724586496
center,0.07,0.1,10049,0,continuous_fixed_pose,0.11910861996844593,False,724586496
center,0.07,0.1,10049,0,continuous_pose,0.14155996146188266,False,724586496
center,0.07,0.1,10049,0,no_data,1.0,True,724586496
center,0.07,0.5,10049,0,noise_only,0.0383756964903748,False,724586496
center,0.07,0.5,10049,0,cell24_fixed_pose,0.10941312293497382,False,724586496
center,0.07,0.5,10049,0,continuous_fixed_pose,0.11910861996844593,False,724586496
center,0.07,0.5,10049,0,continuous_pose,0.3805046231075604,False,724586496
center,0.07,0.5,10049,0,no_data,1.0,True,724586496
contrast,0.07,0.1,10049,0,noise_only,0.03524520894665139,False,724586496
contrast,0.07,0.1,10049,0,cell24_fixed_pose,0.12675973014502379,False,724586496
contrast,0.07,0.1,10049,0,continuous_fixed_pose,0.1385067783814728,False,724586496
contrast,0.07,0.1,10049,0,continuous_pose,0.16541564855763516,False,724586496
contrast,0.07,0.1,10049,0,no_data,1.0,True,724586496
contrast,0.07,0.5,10049,0,noise_only,0.03524520894665139,False,724586496
contrast,0.07,0.5,10049,0,cell24_fixed_pose,0.12675973014502379,False,724586496
contrast,0.07,0.5,10049,0,continuous_fixed_pose,0.1385067783814728,False,724586496
contrast,0.07,0.5,10049,0,continuous_pose,0.4115417600486519,False,724586496
contrast,0.07,0.5,10049,0,no_data,1.0,True,724586496
center,0.03,0.1,10049,1,noise_only,0.022419504624934264,False,724586496
center,0.03,0.1,10049,1,cell24_fixed_pose,0.6269699696654805,False,724586496
center,0.03,0.1,10049,1,continuous_fixed_pose,0.7582951219396801,False,724586496
center,0.03,0.1,10049,1,continuous_pose,0.7761149138677096,False,724586496
center,0.03,0.1,10049,1,no_data,1.0,True,724586496
center,0.03,0.5,10049,1,noise_only,0.022419504624934264,False,724586496
center,0.03,0.5,10049,1,cell24_fixed_pose,0.6269699696654805,False,724586496
center,0.03,0.5,10049,1,continuous_fixed_pose,0.7582951219396801,False,724586496
center,0.03,0.5,10049,1,continuous_pose,0.9425711836125982,False,724586496
center,0.03,0.5,10049,1,no_data,1.0,True,724586496
contrast,0.03,0.1,10049,1,noise_only,0.02139010666289074,False,724586496
contrast,0.03,0.1,10049,1,cell24_fixed_pose,0.6215083288557524,False,724586496
contrast,0.03,0.1,10049,1,continuous_fixed_pose,0.7510825440731472,False,724586496
contrast,0.03,0.1,10049,1,continuous_pose,0.7705343069477874,False,724586496
contrast,0.03,0.1,10049,1,no_data,1.0,True,724586496
contrast,0.03,0.5,10049,1,noise_only,0.02139010666289074,False,724586496
contrast,0.03,0.5,10049,1,cell24_fixed_pose,0.6215083288557524,False,724586496
contrast,0.03,0.5,10049,1,continuous_fixed_pose,0.7510825440731472,False,724586496
contrast,0.03,0.5,10049,1,continuous_pose,0.9393708418954373,False,724586496
contrast,0.03,0.5,10049,1,no_data,1.0,True,724586496
center,0.07,0.1,10049,1,noise_only,0.03857433384076757,False,724586496
center,0.07,0.1,10049,1,cell24_fixed_pose,0.10824031538318388,False,724586496
center,0.07,0.1,10049,1,continuous_fixed_pose,0.11787062118933347,False,724586496
center,0.07,0.1,10049,1,continuous_pose,0.14110934837322733,False,724586496
center,0.07,0.1,10049,1,no_data,1.0,True,724586496
center,0.07,0.5,10049,1,noise_only,0.03857433384076757,False,724586496
center,0.07,0.5,10049,1,cell24_fixed_pose,0.10824031538318388,False,724586496
center,0.07,0.5,10049,1,continuous_fixed_pose,0.11787062118933347,False,724586496
center,0.07,0.5,10049,1,continuous_pose,0.38607270427868684,False,724586496
center,0.07,0.5,10049,1,no_data,1.0,True,724586496
contrast,0.07,0.1,10049,1,noise_only,0.03569635898648688,False,724586496
contrast,0.07,0.1,10049,1,cell24_fixed_pose,0.12642927578446253,False,724586496
contrast,0.07,0.1,10049,1,continuous_fixed_pose,0.13832657701593276,False,724586496
contrast,0.07,0.1,10049,1,continuous_pose,0.16494226712733703,False,724586496
contrast,0.07,0.1,10049,1,no_data,1.0,True,724586496
contrast,0.07,0.5,10049,1,noise_only,0.03569635898648688,False,724586496
contrast,0.07,0.5,10049,1,cell24_fixed_pose,0.12642927578446253,False,724586496
contrast,0.07,0.5,10049,1,continuous_fixed_pose,0.13832657701593276,False,724586496
contrast,0.07,0.5,10049,1,continuous_pose,0.41294066418418823,False,724586496
contrast,0.07,0.5,10049,1,no_data,1.0,True,724586496
center,0.03,0.1,10049,2,noise_only,0.023304671363456292,False,724586496
center,0.03,0.1,10049,2,cell24_fixed_pose,0.6288576892561973,False,724586496
center,0.03,0.1,10049,2,continuous_fixed_pose,0.7601149356625696,False,724586496
center,0.03,0.1,10049,2,continuous_pose,0.778567008743256,False,724586496
center,0.03,0.1,10049,2,no_data,1.0,True,724586496
center,0.03,0.5,10049,2,noise_only,0.023304671363456292,False,724586496
center,0.03,0.5,10049,2,cell24_fixed_pose,0.6288576892561973,False,724586496
center,0.03,0.5,10049,2,continuous_fixed_pose,0.7601149356625696,False,724586496
center,0.03,0.5,10049,2,continuous_pose,0.9475004725342354,False,724586496
center,0.03,0.5,10049,2,no_data,1.0,True,724586496
contrast,0.03,0.1,10049,2,noise_only,0.02077205134180328,False,724586496
contrast,0.03,0.1,10049,2,cell24_fixed_pose,0.6206686254893617,False,724586496
contrast,0.03,0.1,10049,2,continuous_fixed_pose,0.7502212610992551,False,724586496
contrast,0.03,0.1,10049,2,continuous_pose,0.7694161267805635,False,724586496
contrast,0.03,0.1,10049,2,no_data,1.0,True,724586496
contrast,0.03,0.5,10049,2,noise_only,0.02077205134180328,False,724586496
contrast,0.03,0.5,10049,2,cell24_fixed_pose,0.6206686254893617,False,724586496
contrast,0.03,0.5,10049,2,continuous_fixed_pose,0.7502212610992551,False,724586496
contrast,0.03,0.5,10049,2,continuous_pose,0.9343078206305877,False,724586496
contrast,0.03,0.5,10049,2,no_data,1.0,True,724586496
center,0.07,0.1,10049,2,noise_only,0.04045706646274362,False,724586496
center,0.07,0.1,10049,2,cell24_fixed_pose,0.11180084019757305,False,724586496
center,0.07,0.1,10049,2,continuous_fixed_pose,0.1215644681030311,False,724586496
center,0.07,0.1,10049,2,continuous_pose,0.14461306712365815,False,724586496
center,0.07,0.1,10049,2,no_data,1.0,True,724586496
center,0.07,0.5,10049,2,noise_only,0.04045706646274362,False,724586496
center,0.07,0.5,10049,2,cell24_fixed_pose,0.11180084019757305,False,724586496
center,0.07,0.5,10049,2,continuous_fixed_pose,0.1215644681030311,False,724586496
center,0.07,0.5,10049,2,continuous_pose,0.3880531555575297,False,724586496
center,0.07,0.5,10049,2,no_data,1.0,True,724586496
contrast,0.07,0.1,10049,2,noise_only,0.032999456543246576,False,724586496
contrast,0.07,0.1,10049,2,cell24_fixed_pose,0.12224897651940271,False,724586496
contrast,0.07,0.1,10049,2,continuous_fixed_pose,0.13386269659503539,False,724586496
contrast,0.07,0.1,10049,2,continuous_pose,0.15758767618546257,False,724586496
contrast,0.07,0.1,10049,2,no_data,1.0,True,724586496
contrast,0.07,0.5,10049,2,noise_only,0.032999456543246576,False,724586496
contrast,0.07,0.5,10049,2,cell24_fixed_pose,0.12224897651940271,False,724586496
contrast,0.07,0.5,10049,2,continuous_fixed_pose,0.13386269659503539,False,724586496
contrast,0.07,0.5,10049,2,continuous_pose,0.38595371637681636,False,724586496
contrast,0.07,0.5,10049,2,no_data,1.0,True,724586496
center,0.03,0.1,10049,3,noise_only,0.022898619313248877,False,724586496
center,0.03,0.1,10049,3,cell24_fixed_pose,0.6293151291740525,False,724586496
center,0.03,0.1,10049,3,continuous_fixed_pose,0.7605201355247034,False,724586496
center,0.03,0.1,10049,3,continuous_pose,0.7789618003792599,False,724586496
center,0.03,0.1,10049,3,no_data,1.0,True,724586496
center,0.03,0.5,10049,3,noise_only,0.022898619313248877,False,724586496
center,0.03,0.5,10049,3,cell24_fixed_pose,0.6293151291740525,False,724586496
center,0.03,0.5,10049,3,continuous_fixed_pose,0.7605201355247034,False,724586496
center,0.03,0.5,10049,3,continuous_pose,0.9490053142703863,False,724586496
center,0.03,0.5,10049,3,no_data,1.0,True,724586496
contrast,0.03,0.1,10049,3,noise_only,0.021671580517516564,False,724586496
contrast,0.03,0.1,10049,3,cell24_fixed_pose,0.6225573820709375,False,724586496
contrast,0.03,0.1,10049,3,continuous_fixed_pose,0.7520249246478573,False,724586496
contrast,0.03,0.1,10049,3,continuous_pose,0.7728648924074168,False,724586496
contrast,0.03,0.1,10049,3,no_data,1.0,True,724586496
contrast,0.03,0.5,10049,3,noise_only,0.021671580517516564,False,724586496
contrast,0.03,0.5,10049,3,cell24_fixed_pose,0.6225573820709375,False,724586496
contrast,0.03,0.5,10049,3,continuous_fixed_pose,0.7520249246478573,False,724586496
contrast,0.03,0.5,10049,3,continuous_pose,0.9478121286469617,False,724586496
contrast,0.03,0.5,10049,3,no_data,1.0,True,724586496
center,0.07,0.1,10049,3,noise_only,0.04068736072903252,False,724586496
center,0.07,0.1,10049,3,cell24_fixed_pose,0.11253518559625349,False,724586496
center,0.07,0.1,10049,3,continuous_fixed_pose,0.12254530905464973,False,724586496
center,0.07,0.1,10049,3,continuous_pose,0.1494281901241707,False,724586496
center,0.07,0.1,10049,3,no_data,1.0,True,724586496
center,0.07,0.5,10049,3,noise_only,0.04068736072903252,False,724586496
center,0.07,0.5,10049,3,cell24_fixed_pose,0.11253518559625349,False,724586496
center,0.07,0.5,10049,3,continuous_fixed_pose,0.12254530905464973,False,724586496
center,0.07,0.5,10049,3,continuous_pose,0.416504461264597,False,724586496
center,0.07,0.5,10049,3,no_data,1.0,True,724586496
contrast,0.07,0.1,10049,3,noise_only,0.03856011000277119,False,724586496
contrast,0.07,0.1,10049,3,cell24_fixed_pose,0.13043280404279475,False,724586496
contrast,0.07,0.1,10049,3,continuous_fixed_pose,0.14248442889052726,False,724586496
contrast,0.07,0.1,10049,3,continuous_pose,0.17485524181564038,False,724586496
contrast,0.07,0.1,10049,3,no_data,1.0,True,724586496
contrast,0.07,0.5,10049,3,noise_only,0.03856011000277119,False,724586496
contrast,0.07,0.5,10049,3,cell24_fixed_pose,0.13043280404279475,False,724586496
contrast,0.07,0.5,10049,3,continuous_fixed_pose,0.14248442889052726,False,724586496
contrast,0.07,0.5,10049,3,continuous_pose,0.4573069694115343,False,724586496
contrast,0.07,0.5,10049,3,no_data,1.0,True,724586496
center,0.03,0.1,10076,0,noise_only,0.02191292333467753,False,724586496
center,0.03,0.1,10076,0,cell24_fixed_pose,0.623636641367929,False,724586496
center,0.03,0.1,10076,0,continuous_fixed_pose,0.7549799650048862,False,724586496
center,0.03,0.1,10076,0,continuous_pose,0.7682743872396225,False,724586496
center,0.03,0.1,10076,0,no_data,1.0,True,724586496
center,0.03,0.5,10076,0,noise_only,0.02191292333467753,False,724586496
center,0.03,0.5,10076,0,cell24_fixed_pose,0.623636641367929,False,724586496
center,0.03,0.5,10076,0,continuous_fixed_pose,0.7549799650048862,False,724586496
center,0.03,0.5,10076,0,continuous_pose,0.8925424650031482,False,724586496
center,0.03,0.5,10076,0,no_data,1.0,True,724586496
contrast,0.03,0.1,10076,0,noise_only,0.02198449434339744,False,724586496
contrast,0.03,0.1,10076,0,cell24_fixed_pose,0.6172868163102148,False,724586496
contrast,0.03,0.1,10076,0,continuous_fixed_pose,0.7470020584923244,False,724586496
contrast,0.03,0.1,10076,0,continuous_pose,0.7614269473491972,False,724586496
contrast,0.03,0.1,10076,0,no_data,1.0,True,724586496
contrast,0.03,0.5,10076,0,noise_only,0.02198449434339744,False,724586496
contrast,0.03,0.5,10076,0,cell24_fixed_pose,0.6172868163102148,False,724586496
contrast,0.03,0.5,10076,0,continuous_fixed_pose,0.7470020584923244,False,724586496
contrast,0.03,0.5,10076,0,continuous_pose,0.8888982071532058,False,724586496
contrast,0.03,0.5,10076,0,no_data,1.0,True,724586496
center,0.07,0.1,10076,0,noise_only,0.03171865170243734,False,724586496
center,0.07,0.1,10076,0,cell24_fixed_pose,0.09793142954770287,False,724586496
center,0.07,0.1,10076,0,continuous_fixed_pose,0.10710530240459985,False,724586496
center,0.07,0.1,10076,0,continuous_pose,0.12160512241996974,False,724586496
center,0.07,0.1,10076,0,no_data,1.0,True,724586496
center,0.07,0.5,10076,0,noise_only,0.03171865170243734,False,724586496
center,0.07,0.5,10076,0,cell24_fixed_pose,0.09793142954770287,False,724586496
center,0.07,0.5,10076,0,continuous_fixed_pose,0.10710530240459985,False,724586496
center,0.07,0.5,10076,0,continuous_pose,0.28056247236458454,False,724586496
center,0.07,0.5,10076,0,no_data,1.0,True,724586496
contrast,0.07,0.1,10076,0,noise_only,0.031623449918524574,False,724586496
contrast,0.07,0.1,10076,0,cell24_fixed_pose,0.11569460852939056,False,724586496
contrast,0.07,0.1,10076,0,continuous_fixed_pose,0.12680955365620278,False,724586496
contrast,0.07,0.1,10076,0,continuous_pose,0.14381828511481962,False,724586496
contrast,0.07,0.1,10076,0,no_data,1.0,True,724586496
contrast,0.07,0.5,10076,0,noise_only,0.031623449918524574,False,724586496
contrast,0.07,0.5,10076,0,cell24_fixed_pose,0.11569460852939056,False,724586496
contrast,0.07,0.5,10076,0,continuous_fixed_pose,0.12680955365620278,False,724586496
contrast,0.07,0.5,10076,0,continuous_pose,0.3099691802527357,False,724586496
contrast,0.07,0.5,10076,0,no_data,1.0,True,724586496
center,0.03,0.1,10076,1,noise_only,0.021873592090618083,False,724586496
center,0.03,0.1,10076,1,cell24_fixed_pose,0.6238624386398287,False,724586496
center,0.03,0.1,10076,1,continuous_fixed_pose,0.7552258291674881,False,724586496
center,0.03,0.1,10076,1,continuous_pose,0.7685023723672434,False,724586496
center,0.03,0.1,10076,1,no_data,1.0,True,724586496
center,0.03,0.5,10076,1,noise_only,0.021873592090618083,False,724586496
center,0.03,0.5,10076,1,cell24_fixed_pose,0.6238624386398287,False,724586496
center,0.03,0.5,10076,1,continuous_fixed_pose,0.7552258291674881,False,724586496
center,0.03,0.5,10076,1,continuous_pose,0.892424903010384,False,724586496
center,0.03,0.5,10076,1,no_data,1.0,True,724586496
contrast,0.03,0.1,10076,1,noise_only,0.02199532332233899,False,724586496
contrast,0.03,0.1,10076,1,cell24_fixed_pose,0.61736984036899,False,724586496
contrast,0.03,0.1,10076,1,continuous_fixed_pose,0.7470603819129198,False,724586496
contrast,0.03,0.1,10076,1,continuous_pose,0.7616957478156791,False,724586496
contrast,0.03,0.1,10076,1,no_data,1.0,True,724586496
contrast,0.03,0.5,10076,1,noise_only,0.02199532332233899,False,724586496
contrast,0.03,0.5,10076,1,cell24_fixed_pose,0.61736984036899,False,724586496
contrast,0.03,0.5,10076,1,continuous_fixed_pose,0.7470603819129198,False,724586496
contrast,0.03,0.5,10076,1,continuous_pose,0.8905152640889309,False,724586496
contrast,0.03,0.5,10076,1,no_data,1.0,True,724586496
center,0.07,0.1,10076,1,noise_only,0.031876834419941165,False,724586496
center,0.07,0.1,10076,1,cell24_fixed_pose,0.09830535388016685,False,724586496
center,0.07,0.1,10076,1,continuous_fixed_pose,0.10747295219354402,False,724586496
center,0.07,0.1,10076,1,continuous_pose,0.1213956313405985,False,724586496
center,0.07,0.1,10076,1,no_data,1.0,True,724586496
center,0.07,0.5,10076,1,noise_only,0.031876834419941165,False,724586496
center,0.07,0.5,10076,1,cell24_fixed_pose,0.09830535388016685,False,724586496
center,0.07,0.5,10076,1,continuous_fixed_pose,0.10747295219354402,False,724586496
center,0.07,0.5,10076,1,continuous_pose,0.27815101971424744,False,724586496
center,0.07,0.5,10076,1,no_data,1.0,True,724586496
contrast,0.07,0.1,10076,1,noise_only,0.03152795479110354,False,724586496
contrast,0.07,0.1,10076,1,cell24_fixed_pose,0.11536327238238385,False,724586496
contrast,0.07,0.1,10076,1,continuous_fixed_pose,0.12648335114155163,False,724586496
contrast,0.07,0.1,10076,1,continuous_pose,0.14300189068631872,False,724586496
contrast,0.07,0.1,10076,1,no_data,1.0,True,724586496
contrast,0.07,0.5,10076,1,noise_only,0.03152795479110354,False,724586496
contrast,0.07,0.5,10076,1,cell24_fixed_pose,0.11536327238238385,False,724586496
contrast,0.07,0.5,10076,1,continuous_fixed_pose,0.12648335114155163,False,724586496
contrast,0.07,0.5,10076,1,continuous_pose,0.30770727542648224,False,724586496
contrast,0.07,0.5,10076,1,no_data,1.0,True,724586496
center,0.03,0.1,10076,2,noise_only,0.021508010698830293,False,724586496
center,0.03,0.1,10076,2,cell24_fixed_pose,0.6233215625143737,False,724586496
center,0.03,0.1,10076,2,continuous_fixed_pose,0.7546616626397183,False,724586496
center,0.03,0.1,10076,2,continuous_pose,0.7678695685940299,False,724586496
center,0.03,0.1,10076,2,no_data,1.0,True,724586496
center,0.03,0.5,10076,2,noise_only,0.021508010698830293,False,724586496
center,0.03,0.5,10076,2,cell24_fixed_pose,0.6233215625143737,False,724586496
center,0.03,0.5,10076,2,continuous_fixed_pose,0.7546616626397183,False,724586496
center,0.03,0.5,10076,2,continuous_pose,0.8916452554446538,False,724586496
center,0.03,0.5,10076,2,no_data,1.0,True,724586496
contrast,0.03,0.1,10076,2,noise_only,0.021686774083802533,False,724586496
contrast,0.03,0.1,10076,2,cell24_fixed_pose,0.61654792033818,False,724586496
contrast,0.03,0.1,10076,2,continuous_fixed_pose,0.7462206159137107,False,724586496
contrast,0.03,0.1,10076,2,continuous_pose,0.7608656652624307,False,724586496
contrast,0.03,0.1,10076,2,no_data,1.0,True,724586496
contrast,0.03,0.5,10076,2,noise_only,0.021686774083802533,False,724586496
contrast,0.03,0.5,10076,2,cell24_fixed_pose,0.61654792033818,False,724586496
contrast,0.03,0.5,10076,2,continuous_fixed_pose,0.7462206159137107,False,724586496
contrast,0.03,0.5,10076,2,continuous_pose,0.8901935720196088,False,724586496
contrast,0.03,0.5,10076,2,no_data,1.0,True,724586496
center,0.07,0.1,10076,2,noise_only,0.03126107067895816,False,724586496
center,0.07,0.1,10076,2,cell24_fixed_pose,0.09729356258739374,False,724586496
center,0.07,0.1,10076,2,continuous_fixed_pose,0.10645647363980754,False,724586496
center,0.07,0.1,10076,2,continuous_pose,0.12008141269381456,False,724586496
center,0.07,0.1,10076,2,no_data,1.0,True,724586496
center,0.07,0.5,10076,2,noise_only,0.03126107067895816,False,724586496
center,0.07,0.5,10076,2,cell24_fixed_pose,0.09729356258739374,False,724586496
center,0.07,0.5,10076,2,continuous_fixed_pose,0.10645647363980754,False,724586496
center,0.07,0.5,10076,2,continuous_pose,0.27519237149397985,False,724586496
center,0.07,0.5,10076,2,no_data,1.0,True,724586496
contrast,0.07,0.1,10076,2,noise_only,0.03089122661054894,False,724586496
contrast,0.07,0.1,10076,2,cell24_fixed_pose,0.11421059132451505,False,724586496
contrast,0.07,0.1,10076,2,continuous_fixed_pose,0.12525093449298025,False,724586496
contrast,0.07,0.1,10076,2,continuous_pose,0.14190027461533192,False,724586496
contrast,0.07,0.1,10076,2,no_data,1.0,True,724586496
contrast,0.07,0.5,10076,2,noise_only,0.03089122661054894,False,724586496
contrast,0.07,0.5,10076,2,cell24_fixed_pose,0.11421059132451505,False,724586496
contrast,0.07,0.5,10076,2,continuous_fixed_pose,0.12525093449298025,False,724586496
contrast,0.07,0.5,10076,2,continuous_pose,0.3072175416530183,False,724586496
contrast,0.07,0.5,10076,2,no_data,1.0,True,724586496
center,0.03,0.1,10076,3,noise_only,0.020806528418076776,False,724586496
center,0.03,0.1,10076,3,cell24_fixed_pose,0.6227715465732003,False,724586496
center,0.03,0.1,10076,3,continuous_fixed_pose,0.754139888353019,False,724586496
center,0.03,0.1,10076,3,continuous_pose,0.7673681638123583,False,724586496
center,0.03,0.1,10076,3,no_data,1.0,True,724586496
center,0.03,0.5,10076,3,noise_only,0.020806528418076776,False,724586496
center,0.03,0.5,10076,3,cell24_fixed_pose,0.6227715465732003,False,724586496
center,0.03,0.5,10076,3,continuous_fixed_pose,0.754139888353019,False,724586496
center,0.03,0.5,10076,3,continuous_pose,0.8901801268610948,False,724586496
center,0.03,0.5,10076,3,no_data,1.0,True,724586496
contrast,0.03,0.1,10076,3,noise_only,0.02087995217131207,False,724586496
contrast,0.03,0.1,10076,3,cell24_fixed_pose,0.6158960808733274,False,724586496
contrast,0.03,0.1,10076,3,continuous_fixed_pose,0.7455976367395042,False,724586496
contrast,0.03,0.1,10076,3,continuous_pose,0.7596527690821707,False,724586496
contrast,0.03,0.1,10076,3,no_data,1.0,True,724586496
contrast,0.03,0.5,10076,3,noise_only,0.02087995217131207,False,724586496
contrast,0.03,0.5,10076,3,cell24_fixed_pose,0.6158960808733274,False,724586496
contrast,0.03,0.5,10076,3,continuous_fixed_pose,0.7455976367395042,False,724586496
contrast,0.03,0.5,10076,3,continuous_pose,0.885410233939712,False,724586496
contrast,0.03,0.5,10076,3,no_data,1.0,True,724586496
center,0.07,0.1,10076,3,noise_only,0.02998704688557024,False,724586496
center,0.07,0.1,10076,3,cell24_fixed_pose,0.09632671139084904,False,724586496
center,0.07,0.1,10076,3,continuous_fixed_pose,0.10550681014696395,False,724586496
center,0.07,0.1,10076,3,continuous_pose,0.11882941400256401,False,724586496
center,0.07,0.1,10076,3,no_data,1.0,True,724586496
center,0.07,0.5,10076,3,noise_only,0.02998704688557024,False,724586496
center,0.07,0.5,10076,3,cell24_fixed_pose,0.09632671139084904,False,724586496
center,0.07,0.5,10076,3,continuous_fixed_pose,0.10550681014696395,False,724586496
center,0.07,0.5,10076,3,continuous_pose,0.2709131552318483,False,724586496
center,0.07,0.5,10076,3,no_data,1.0,True,724586496
contrast,0.07,0.1,10076,3,noise_only,0.029348771397289537,False,724586496
contrast,0.07,0.1,10076,3,cell24_fixed_pose,0.11303743974799642,False,724586496
contrast,0.07,0.1,10076,3,continuous_fixed_pose,0.1241406684129386,False,724586496
contrast,0.07,0.1,10076,3,continuous_pose,0.14018062683480642,False,724586496
contrast,0.07,0.1,10076,3,no_data,1.0,True,724586496
contrast,0.07,0.5,10076,3,noise_only,0.029348771397289537,False,724586496
contrast,0.07,0.5,10076,3,cell24_fixed_pose,0.11303743974799642,False,724586496
contrast,0.07,0.5,10076,3,continuous_fixed_pose,0.1241406684129386,False,724586496
contrast,0.07,0.5,10076,3,continuous_pose,0.30020157972345524,False,724586496
contrast,0.07,0.5,10076,3,no_data,1.0,True,724586496
