target,width,angle_degrees,dataset,replicate,converged,relative_gap,outer_iterations
center,0.03,0.1,10028,0,True,0.002505004864616288,10
contrast,0.03,0.1,10028,0,True,0.0026182905348691747,10
center,0.07,0.1,10028,0,True,0.0023989997236135412,8
contrast,0.07,0.1,10028,0,True,0.0018704434927839702,9
center,0.03,0.1,10028,1,True,0.0026260665792548128,10
contrast,0.03,0.1,10028,1,True,0.0023953027318332452,10
center,0.07,0.1,10028,1,True,0.002597631734826369,8
contrast,0.07,0.1,10028,1,True,0.0017584287723988751,9
center,0.03,0.1,10028,2,True,0.002615363523420426,10
contrast,0.03,0.1,10028,2,True,0.00263675145062668,10
center,0.07,0.1,10028,2,True,0.0029990406838552356,8
contrast,0.07,0.1,10028,2,True,0.0019165531020008332,9
center,0.03,0.1,10028,3,True,0.002162073594015745,10
contrast,0.03,0.1,10028,3,True,0.002277619826445465,10
center,0.07,0.1,10028,3,True,0.0027498929670855847,8
contrast,0.07,0.1,10028,3,True,0.0017253958432010411,9
center,0.03,0.1,10049,0,True,0.002021239067425802,9
contrast,0.03,0.1,10049,0,True,0.0022480510268651616,9
center,0.07,0.1,10049,0,True,0.0022551320706021725,8
contrast,0.07,0.1,10049,0,True,0.003574408626213107,8
center,0.03,0.1,10049,1,True,0.0021905716844490197,9
contrast,0.03,0.1,10049,1,True,0.0031446904525826848,9
center,0.07,0.1,10049,1,True,0.0032851074065384004,8
contrast,0.07,0.1,10049,1,True,0.004536598153740265,8
center,0.03,0.1,10049,2,True,0.0019896412331511905,9
contrast,0.03,0.1,10049,2,True,0.0023105142778261385,9
center,0.07,0.1,10049,2,True,0.0023388442755162206,8
contrast,0.07,0.1,10049,2,True,0.003237732156560481,8
center,0.03,0.1,10049,3,True,0.0030424646690965494,9
contrast,0.03,0.1,10049,3,True,0.003160244962319067,9
center,0.07,0.1,10049,3,True,0.004138204881000464,8
contrast,0.07,0.1,10049,3,True,0.0016672943854104212,9
center,0.03,0.1,10076,0,True,0.0017498616185354446,9
contrast,0.03,0.1,10076,0,True,0.0013145262142038863,9
center,0.07,0.1,10076,0,True,0.0018878158099602347,8
contrast,0.07,0.1,10076,0,True,0.0023985237419143924,8
center,0.03,0.1,10076,1,True,0.0016931646351809788,9
contrast,0.03,0.1,10076,1,True,0.001562262948990711,9
center,0.07,0.1,10076,1,True,0.0021020468920698904,8
contrast,0.07,0.1,10076,1,True,0.0023545486032054194,8
center,0.03,0.1,10076,2,True,0.0018202011699239122,9
contrast,0.03,0.1,10076,2,True,0.0016233146875836515,9
center,0.07,0.1,10076,2,True,0.0018844525488567825,8
contrast,0.07,0.1,10076,2,True,0.002261004796836542,8
center,0.03,0.1,10076,3,True,0.0018220035047123782,9
contrast,0.03,0.1,10076,3,True,0.0017317979620323914,9
center,0.07,0.1,10076,3,True,0.00198516861495478,8
contrast,0.07,0.1,10076,3,True,0.002256932014382278,8
