dataset,grid,state_a_law,state_b_law,fraction,bias,score_64,score_128,normalized_score_check,quadrature_check_passed,information_a_64,information_b_64,information_a_128,information_b_128,information_odds_factor,weak_odds_factor,weak_fraction,weak_bias,amplitude_tangent_harmonic,amplitude_tangent_surrogate_se,known_amplitude_harmonic,known_amplitude_oracle_se,screen_passed
10028,4,source_half_0,source_half_1,0.7499920830257656,-7.916974234412066e-06,1.5409895581797173e-12,1.5410450693309485e-12,5.360091573178003e-12,True,0.7666517126631927,0.7666840839932495,0.7666517126631925,0.7666840839932493,0.9999577774852345,0.9999522381012832,0.7499910443231854,-8.955676814581537e-06,1.286609391331767,0.012141290669989608,1.2179427068984192,0.011855136890388146,False
10028,4,source_half_1,source_half_0,0.7500079168888479,7.916888847936399e-06,1.8397006140702388e-11,1.8397033896278003e-11,6.398937410304214e-11,True,0.7666946484112305,0.7666622761944999,0.7666946484112304,0.7666622761944997,1.0000422248723275,1.0000477641800247,0.7500089554629419,8.955462941884207e-06,1.286545920576399,0.012141029283287308,1.2179264660603824,0.011855068393140473,False
10028,4,published_filter,published_filter_complement,0.7501863015573697,0.00018630155736965026,-1.9123591599168321e-13,-1.9126367156729884e-13,6.655758461452102e-13,True,0.7668800276707447,0.7661182385365901,0.7668800276707445,0.76611823853659,1.0009943492999327,1.0010776696878616,0.7502018998804382,0.0002018998804381722,1.2867480511558549,0.012141861682443326,1.2181324984548942,0.011855937324627244,False
10028,4,published_filter_complement,published_filter,0.7498136496004887,-0.0001863503995113147,1.1102230246251565e-15,1.1102230246251565e-15,3.862782937873698e-15,True,0.7658699936342956,0.7666313570976704,0.7658699936342954,0.7666313570976702,0.9990068714821982,0.9989234904338665,0.7497979913581735,-0.00020200864182651213,1.2873491713841254,0.012144336834031431,1.218830694289909,0.011858881457751018,False
10028,8,source_half_0,source_half_1,0.749968706955777,-3.129304422300194e-05,1.0539319417190995e-11,1.0539347172766611e-11,3.6729691447309724e-11,True,0.7650869684255588,0.7652146638324524,0.7650869684255586,0.7652146638324522,0.9998331247257416,0.9998178236067871,0.7499658372585388,-3.4162741461174484e-05,1.2911582677190765,0.012160009324499206,1.2203177554853117,0.011865149621834997,False
10028,8,source_half_1,source_half_0,0.7500312917288402,3.129172884019926e-05,-1.2212453270876722e-15,-1.2212453270876722e-15,4.256171400496091e-15,True,0.7652562774084661,0.7651285697131271,0.765256277408466,0.7651285697131269,1.0001669101120965,1.0001822095874984,0.7500341596294969,3.415962949693263e-05,1.2909241358842012,0.012159046573988445,1.2202096604743349,0.011864694098350512,False
10028,8,published_filter,published_filter_complement,0.7502140432237916,0.00021404322379159346,-2.617628336309963e-13,-2.617905892066119e-13,9.128542089620384e-13,True,0.7654085883040409,0.7645350748155832,0.7654085883040407,0.764535074815583,1.0011425420719493,1.0012357071125642,0.7502314805519824,0.00023148055198241035,1.2912381325839086,0.01216033771152721,1.2204966685064105,0.011865903541266508,False
10028,8,published_filter_complement,published_filter,0.7497858912919321,-0.00021410870806792826,1.6653345369377348e-15,1.6653345369377348e-15,5.805805208819984e-15,True,0.764250927950781,0.7651238853148608,0.7642509279507808,0.7651238853148605,0.998859064027624,0.9987658179749423,0.7497683764711047,-0.00023162352889527504,1.291932859649446,0.012163193904766322,1.2213185059859786,0.011869366057148877,False
10028,12,source_half_0,source_half_1,0.7499608896427277,-3.91103572723317e-05,1.7275708641406595e-11,1.727573639698221e-11,6.007638713308035e-11,True,0.7667142895529673,0.7668742256399212,0.766714289552967,0.766874225639921,0.9997914441747987,0.9997719623360375,0.7499572356240907,-4.276437590933213e-05,1.2902129637341853,0.012156121765325425,1.2171945236497979,0.011851980946870434,False
10028,12,source_half_1,source_half_0,0.7500391083185451,3.910831854514463e-05,-2.609024107869118e-15,-2.6367796834847468e-15,9.169735653746168e-15,True,0.7669264277419587,0.7667664723332257,0.7669264277419585,0.7667664723332256,1.0002086103324865,1.0002280896769997,0.7500427594996871,4.275949968712833e-05,1.2900040095613714,0.012155262274263652,1.21705970627286,0.01185141217860918,False
10028,12,published_filter,published_filter_complement,0.7502417934672161,0.0002417934672160893,-3.5543790133374387e-13,-3.5543790133374387e-13,1.2368214892953016e-12,True,0.7670888805868035,0.7660999883050905,0.7670888805868032,0.7660999883050903,1.001290813597192,1.0013941647853988,0.7502611328505938,0.00026113285059381486,1.2903676934836734,0.012156758175943427,1.2173939644613427,0.011852822298766412,False
10028,12,published_filter_complement,published_filter,0.749758122087015,-0.00024187791298502237,2.220446049250313e-15,2.192690473634684e-15,7.62822089682544e-15,True,0.7657778837216147,0.7667660677818653,0.7657778837216145,0.7667660677818652,0.9987112313627685,0.9986077762039911,0.7497386851817172,-0.00026131481828284286,1.2912821196456479,0.012160518573011793,1.2183353549958285,0.011856792799892508,False
10049,4,source_half_0,source_half_1,0.7499753852251921,-2.4614774807862894e-05,-1.3761269901380047e-11,-1.3761297656955662e-11,3.02041603748015e-11,True,1.2148386354033147,1.2149981232680565,1.2148386354033174,1.2149981232680593,0.9998687340649443,0.9998558723642564,0.7499729731468108,-2.702685318922704e-05,1.1932578192224457,0.011750565174588182,0.7682592036882891,0.00977629379513673,False
10049,4,source_half_1,source_half_0,0.7500246139554051,2.4613955405095034e-05,-4.996003610813204e-16,-5.828670879282072e-16,1.2793192660584892e-15,True,1.2150722043144235,1.2149127016394767,1.215072204314426,1.2149127016394796,1.0001312873548294,1.0001441484115132,0.7500270249054608,2.702490546080405e-05,1.193238996107607,0.011750485079806736,0.7681901146156562,0.00977594043872842,False
10049,8,source_half_0,source_half_1,0.7501218066998794,0.00012180669987937875,-2.0956569812824455e-12,-2.0956014701312142e-12,4.124741063537465e-12,True,1.355477733828332,1.3545973100574336,1.355477733828332,1.3545973100574333,1.000649952398666,1.0007403255603697,0.7501387340113184,0.00013873401131836438,1.0388624349994922,0.011074124954141938,0.6609104918465307,0.009210920105214956,False
10049,8,source_half_1,source_half_0,0.7498781742429204,-0.00012182575707964105,4.59465798741121e-13,4.59465798741121e-13,9.043561146932084e-13,True,1.354162742629319,1.3550427357083918,1.354162742629319,1.3550427357083918,0.9993505790954904,0.9992602221161067,0.7498612146440172,-0.00013878535598277342,1.0394763425737505,0.011076896418102639,0.661249080240879,0.00921275789457684,False
10049,12,source_half_0,source_half_1,0.7502552476322777,0.00025524763227768865,-3.0707603126955973e-11,-3.070749210465351e-11,5.96678966585784e-11,True,1.3737762035394097,1.3719066899644927,1.373776203539409,1.3719066899644916,1.0013627119020503,1.0015767514837726,0.7502952917019854,0.00029529170198538957,1.0343601368302728,0.011053778253747778,0.6477504199084811,0.00913920357530393,False
10049,12,source_half_1,source_half_0,0.7497446757296925,-0.0002553242703074998,6.929845586256533e-12,6.929845586256533e-12,1.3465371647230045e-11,True,1.3709784490032193,1.3728459864543043,1.3709784490032186,1.372845986454304,0.9986396598966586,0.9984257307476069,0.749704475588931,-0.0002955244110689481,1.0353524320969005,0.011058265831932692,0.6483775263457419,0.009142633790903701,False
10076,4,source_half_0,source_half_1,0.7500082393011707,8.239301170664959e-06,-3.817779425929757e-14,-3.817779425929757e-14,3.6961808266785704e-13,True,0.27544866317910865,0.2754365592883198,0.27544866317910854,0.27543655928831967,1.0000439443871219,1.000044902397461,0.7500084189160019,8.418916001895482e-06,3.9065865528022514,0.020233849245267818,3.591242428570385,0.01943898770144779,False
10076,4,source_half_1,source_half_0,0.7499917605585037,-8.239441496304956e-06,1.0318135235110049e-14,1.0318135235110049e-14,9.989338238735432e-14,True,0.2754348669764157,0.2754469707331849,0.2754348669764156,0.2754469707331848,0.9999560577604576,0.9999550996186739,0.7499915808949855,-8.419105014478845e-06,3.9067534924579688,0.020234261766760776,3.5913338997831015,0.019439222977740395,False
10076,4,published_filter,published_filter_complement,0.7473412393610323,-0.00265876063896775,8.021361352916756e-15,8.014422459012849e-15,7.721969527383114e-14,True,0.27385364601334883,0.2777507214402186,0.2738536460133487,0.27775072144021856,0.9859691618201303,0.9856825297004826,0.7472863347021115,-0.0027136652978885234,3.912680296970295,0.02024890193805653,3.596611311110281,0.019452792373102327,False
10076,4,published_filter_complement,published_filter,0.7526439520488316,0.0026439520488316104,-9.985068327722502e-14,-9.985068327722502e-14,9.669797819939028e-13,True,0.27830426040846457,0.2743936563710435,0.27830426040846445,0.2743936563710434,1.014251801915322,1.0145254378241522,0.7526941691026868,0.0026941691026868275,3.8785019640838057,0.020164329803104803,3.5663404344430605,0.019374830152656976,False
10076,8,source_half_0,source_half_1,0.7500701614383127,7.016143831273247e-05,-3.3647737374131736e-12,-3.3647667985192697e-12,3.263233711040287e-11,True,0.2750409905467222,0.27493808141038256,0.27504099054672215,0.27493808141038245,1.000374299317911,1.0003833106117548,0.7500718500840292,7.185008402921245e-05,3.9081219160615213,0.020237642936027707,3.596047210610937,0.019451342397405216,False
10076,8,source_half_1,source_half_0,0.7499298286439401,-7.017135605991154e-05,9.131306821785756e-13,9.131445599663834e-13,8.854706493438501e-12,True,0.2749237221897009,0.2750266212543819,0.27492372218970085,0.27502662125438176,0.9996258578016497,0.9996168362589732,0.7499281361468404,-7.186385315960386e-05,3.908969675631082,0.020239737339281562,3.5967504401359944,0.01945314997663873,False
10076,8,published_filter,published_filter_complement,0.7465065281855254,-0.003493471814474569,1.8811341373492496e-14,1.882521916130031e-14,1.8141608432737747e-13,True,0.2729016826573509,0.2780101407911846,0.2729016826573508,0.27801014079118447,0.9816249215971201,0.9812437756484269,0.7464330307778406,-0.0035669692221593774,3.916364216231228,0.020257996485909528,3.6033927726173838,0.019470215131367666,False
10076,8,published_filter_complement,published_filter,0.7534679754498885,0.0034679754498885274,-2.2729734761028908e-13,-2.2729040871638517e-13,2.2050586489731125e-12,True,0.2787381178875914,0.2736063433142775,0.27873811788759134,0.2736063433142774,1.0187560511615013,1.01911474479334,0.7535333601900297,0.0035333601900296996,3.871903560553762,0.02014796158561397,3.5636206132367096,0.01936780992584528,False
10076,12,source_half_0,source_half_1,0.7499578453567542,-4.215464324575091e-05,1.962041640268808e-13,1.9619028623907298e-13,1.901817923765481e-12,True,0.275045201806566,0.27510704225391486,0.2750452018065659,0.2751070422539148,0.9997752131430653,0.9997710165515639,0.7499570582287021,-4.2941771297932974e-05,3.909387682383242,0.02024076995171686,3.5944706128707615,0.01944728930434975,False
10076,12,source_half_1,source_half_0,0.7500421508528123,4.215085281233932e-05,-7.234421395274637e-13,-7.234352006335598e-13,7.013362047611522e-12,True,0.2751156777316468,0.2750538339555241,0.27511567773164675,0.27505383395552396,1.0002248424435076,1.0002290358938648,0.750042936854539,4.2936854539044056e-05,3.909111391250498,0.020240087428789674,3.593959324394239,0.019445974710449048,False
10076,12,published_filter,published_filter_complement,0.746214634436803,-0.003785365563196974,2.7200464103316335e-14,2.7200464103316335e-14,2.61898520204942e-13,True,0.27282579884500613,0.278361714845645,0.272825798845006,0.27836171484564487,0.9801125093524137,0.9796823021899673,0.7461314821277937,-0.003868517872206323,3.9179125366433216,0.02026181762982611,3.601611636084395,0.019465640590754764,False
10076,12,published_filter_complement,published_filter,0.7537556867593925,0.003755686759392529,-3.2558677975913497e-13,-3.2557290197132716e-13,3.157544755826277e-12,True,0.2791523361985664,0.273588683407587,0.27915233619856633,0.2735886834075869,1.020335829397924,1.0207390679249944,0.753829017544727,0.003829017544726976,3.868649101871371,0.020139883569354047,3.559549400254823,0.019357296816071255,False
