dataset,bank,views,deletion,signed_mean_gap,paired_gap_se,null_variance,squared_separation,delta_sampling_se,maximum_influence_derivative_error
10028,0,4096,0.1,0.007360954066136141,1.8224749319548955e-05,0.009066811114286196,0.005976042081475732,9.940086473801374e-05,1.192170494268563e-12
10028,0,4096,0.25,0.04598559792402238,0.00011416029204478666,0.05667503552528209,0.03731228744420494,0.0006209921447074321,6.015108550139203e-12
10028,0,4096,0.5,0.1838234626997289,0.00045806254345593495,0.22672404731231435,0.1490405002887547,0.002482802134529899,5.1740139950240405e-11
10028,0,4096,1.0,0.7343905839480982,0.0018253180016436616,0.9066486653320172,0.5948605567010069,0.009932383018332169,1.0384731963242189e-10
10028,0,8192,0.1,0.007715414301477836,1.1945186488516736e-05,0.008871227327364044,0.0067101896554753815,0.00010700625258890369,9.49074152600815e-13
10028,0,8192,0.25,0.04821698564658032,7.482280425209896e-05,0.05545138926209307,0.04192641042506457,0.0006691667466726825,5.651196524625313e-12
10028,0,8192,0.5,0.19285438853696613,0.00030027402768614396,0.2218291853983013,0.16766421023990247,0.0026790481232427258,4.4864841008962486e-11
10028,0,8192,1.0,0.771331055405728,0.0011867282001433322,0.8877501873748516,0.6701790723273557,0.01071006102066,1.853698861076225e-10
10028,0,16384,0.1,0.007876189701775647,8.695449951334765e-06,0.008477461810821535,0.007317563393699926,0.00011757927883164626,9.893362171164988e-13
10028,0,16384,0.25,0.04922615646726557,5.4316675513547896e-05,0.052977485041770085,0.045740458963446994,0.0007349436521384199,8.161686604335472e-12
10028,0,16384,0.5,0.19690041525663218,0.0002160825076963925,0.2118811762409533,0.1829788479376046,0.0029393603274100967,4.2863934623937894e-11
10028,0,16384,1.0,0.7874985618474396,0.0008452614840916286,0.8476671974361489,0.7316007824621515,0.011739293601689757,8.789655114860295e-11
10028,0,32768,0.1,0.00794498606055961,7.271558570431923e-06,0.008302717994878545,0.007602667408603212,0.00012217161017814715,8.886346519743071e-13
10028,0,32768,0.25,0.049656002917965014,4.536293183581476e-05,0.05188864733568682,0.04751942385079545,0.000763572750757645,6.890071846399337e-12
10028,0,32768,0.5,0.1986213807401195,0.00018087271535145242,0.20754468349446084,0.19008173190889954,0.003054014660553076,3.746117305247765e-11
10028,0,32768,1.0,0.7944409288377601,0.0007171051701183488,0.830269424980947,0.7601585345950639,0.01221018107829374,6.605621605260126e-11
10028,1,4096,0.1,0.0073437593856815475,1.8398236478865636e-05,0.009033261461698965,0.005970246974855368,9.929808551124004e-05,1.0406822972819363e-12
10028,1,4096,0.25,0.04588472040085841,0.00011494557364192464,0.05647478857477707,0.03728048602567545,0.0006200250899748681,2.0770191122565507e-12
10028,1,4096,0.5,0.18345099894570058,0.0004585085453763052,0.2259756122541173,0.1489287657126914,0.0024782586685118337,2.9838104209645167e-11
10028,1,4096,1.0,0.733074690790504,0.001821147574964528,0.9044566655773278,0.5941672196473491,0.009919737772014431,1.0909947945059173e-10
10028,1,8192,0.1,0.00772124732503515,1.1628027158670765e-05,0.00875781491990462,0.006807366997316238,0.00011063094050056891,6.385111623458117e-13
10028,1,8192,0.25,0.048251163037813516,7.276627791758528e-05,0.054731175135966904,0.042538365542450926,0.0006915674020375095,2.0810887735311923e-12
10028,1,8192,0.5,0.1929684781516494,0.00029099233718899174,0.2188963884819605,0.17011168534300564,0.002766924332419444,4.219600363564169e-11
10028,1,8192,1.0,0.771699507941169,0.001156404031728804,0.875474871347114,0.6802252697902128,0.011069793718293834,1.5395296149023352e-10
10028,1,16384,0.1,0.007873652988439114,8.476658343366015e-06,0.008564424181526952,0.007238596555746869,0.00011709711004802341,1.8400330087722794e-12
10028,1,16384,0.25,0.04920831700228149,5.275473062554088e-05,0.053540281606387526,0.04522685330642971,0.0007321793244590931,8.54398496397124e-12
10028,1,16384,0.5,0.19681586262531336,0.00021025419309963746,0.21423897412223156,0.18080969599324898,0.002929453483341343,2.308834720632369e-11
10028,1,16384,1.0,0.7870955291605208,0.0008378720223708183,0.8576142006079255,0.7223753659691384,0.011709715897673249,5.084721532711001e-11
10028,1,32768,0.1,0.007940583254472992,7.5357131165657115e-06,0.008357777218099827,0.007544214301939986,0.00012106549088581634,1.4448329685445849e-12
10028,1,32768,0.25,0.04962852109494691,4.6722945722101296e-05,0.05224663592055243,0.047141601802207445,0.0007569670510180661,1.918732533967571e-12
10028,1,32768,0.5,0.19851309274713663,0.00018499054696661843,0.2090527072402616,0.18850484412403615,0.0030289098178002765,1.9085927283057913e-11
10028,1,32768,1.0,0.794040019141022,0.0007300743424411585,0.8367451026480979,0.7535144812943565,0.012113196567660274,1.048152120652901e-10
10049,0,4096,0.1,0.0108148844681126,5.471620733255638e-05,0.012277943528058137,0.009526165826657915,0.0001746606154530081,8.009704011158192e-13
10049,0,4096,0.25,0.0671453627806528,0.00033958788452010964,0.07775111653157227,0.05798630224319307,0.00106223781317572,1.538069671624953e-11
10049,0,4096,0.5,0.26535829553802315,0.0013341892992040272,0.31803474605294424,0.2214067044080857,0.004037558546414754,3.183725505451207e-11
10049,0,4096,1.0,1.031843677177961,0.005069306024631636,1.3312633792621662,0.7997676423144998,0.014316843405921183,1.694561158060992e-10
10049,0,8192,0.1,0.01116482309288967,5.261648393779332e-05,0.012146156204766055,0.010262775531127248,0.00018244968548817442,5.842479278150847e-13
10049,0,8192,0.25,0.06933288556704506,0.00032750091147441715,0.07697161815081291,0.06245222767220982,0.0011113289396309488,5.818699688742157e-12
10049,0,8192,0.5,0.2740654641840387,0.0012936962681166534,0.31520620941328714,0.23829441303908006,0.004235052433689496,4.210229387346942e-11
10049,0,8192,1.0,1.0658006111713527,0.00497444530800825,1.3227159700351614,0.8587867452322608,0.015060542267204964,2.4782809138201856e-10
10049,0,16384,0.1,0.011384385545707953,5.175400027350299e-05,0.011934891535970087,0.01085927206482901,0.00019065836557581527,1.8344700758454735e-12
10049,0,16384,0.25,0.07069871062173619,0.00032263989752424996,0.07569496394699125,0.06603223547442706,0.0011609254463867443,1.6954201931262958e-11
10049,0,16384,0.5,0.2794709763258994,0.001278953762437983,0.310408039222903,0.25161728028720665,0.004423871520596003,7.450456918078885e-11
10049,0,16384,1.0,1.0867478252981655,0.004947663833007356,1.3070151947069935,0.9036014581720706,0.015735025451167402,1.7517320927140645e-10
10049,0,32768,0.1,0.011510688541666076,5.094645761301194e-05,0.011750463073543995,0.011275806738336596,0.0001975822134454005,3.028157585793778e-12
10049,0,32768,0.25,0.07148972895515579,0.00031821950773447925,0.07452666147257173,0.06857655025862894,0.0012033692246201783,1.2572367626140224e-11
10049,0,32768,0.5,0.2826560161770503,0.0012648478613457345,0.30579950493334634,0.26126407071357133,0.004583957595203877,7.973044446885069e-11
10049,0,32768,1.0,1.09954164791175,0.004914002103774225,1.2909755182461733,0.9364947811984353,0.01628070056920199,2.5707491690951656e-10
10049,1,4096,0.1,0.010819147885791768,5.343327965380965e-05,0.012100777001528435,0.009673259903876215,0.00017432297146189438,2.0043862403174018e-12
10049,1,4096,0.25,0.06716480086699692,0.0003321014519167494,0.0766629997802235,0.058843385837180164,0.0010606100881833834,1.5591694602079542e-11
10049,1,4096,0.5,0.26536192470545655,0.0013083230614192626,0.3138307276816294,0.22437876495898768,0.004032957389280412,7.8611450682331e-11
10049,1,4096,1.0,1.0317657740093378,0.00500918748575616,1.316482084053841,0.8086252181564446,0.014317726191923192,1.7700074739224192e-10
10049,1,8192,0.1,0.011138054918364053,5.2421212691409534e-05,0.011985088499191117,0.010350884548984874,0.0001850525625430712,2.6724854967907774e-12
10049,1,8192,0.25,0.06914464400504625,0.0003267689601997741,0.07592911858297843,0.0629663808010589,0.0011268349456942427,1.4703988027164883e-11
10049,1,8192,0.5,0.27320026877333664,0.001293515212430242,0.3108870108776378,0.24008203703048997,0.004291223301912353,2.1117163573336484e-11
10049,1,8192,1.0,1.062108691938279,0.004988012417222193,1.3062343004865231,0.8636083687824432,0.015248292397232415,1.9107315729627317e-10
10049,1,16384,0.1,0.011383269559273247,5.165256437365708e-05,0.011904144379292839,0.010885186010048589,0.00019331946511641203,1.5316519753894031e-12
10049,1,16384,0.25,0.07066426487001906,0.00032240399657889007,0.07552102171449077,0.06611984605422894,0.001175498022163523,1.913617875271001e-11
10049,1,16384,0.5,0.2792022047242685,0.0012801973982343741,0.309915773416275,0.251532441422998,0.004468318962294761,4.215722215761275e-11
10049,1,16384,1.0,1.085189675856927,0.004969569820898927,1.3070928183128954,0.900958689457474,0.01583663413422261,3.623318312051538e-10
10049,1,32768,0.1,0.01153647232179493,5.079964814631396e-05,0.011854400091937832,0.011227071180266224,0.00019808117674397993,1.3261405862330378e-12
10049,1,32768,0.25,0.07163217916999617,0.00031715905642360945,0.07523999638811973,0.068197359635342,0.0012051766120100816,2.0011464707536675e-11
10049,1,32768,0.5,0.2830974618306338,0.001260321982820426,0.3090164553030604,0.25935244392195134,0.004583143701847129,5.5922891317727874e-11
10049,1,32768,1.0,1.1005787154467706,0.0049054775134926435,1.3059755348190931,0.9274856048986033,0.016242704565268898,2.1945623096542022e-10
10076,0,4096,0.1,0.0010126342098276562,9.194692600372796e-06,0.001174819967725633,0.0008728384527702884,2.0125365701019697e-05,4.008613102915448e-13
10076,0,4096,0.25,0.00625582875497978,5.688269403960694e-05,0.007323455426231513,0.0053438426444782855,0.0001231890904548996,5.38152855611429e-13
10076,0,4096,0.5,0.024575614432616306,0.00022366092598680417,0.029147931094752787,0.020720538372939405,0.0004774867981639096,1.6698205318466108e-12
10076,0,4096,1.0,0.09534678492413493,0.0008651263491772675,0.11520585834242976,0.07891099919891026,0.0018164490821020467,3.050690255967936e-11
10076,0,8192,0.1,0.0010804431976875496,9.331959231560125e-06,0.0011963279560707834,0.0009757838538383434,2.1961057066215182e-05,1.9920133251249972e-13
10076,0,8192,0.25,0.006677384618348441,5.775206949731945e-05,0.0074662970663629665,0.005971831142673259,0.00013431807321253843,1.981702996145529e-12
10076,0,8192,0.5,0.02624455562321786,0.00022721666454102123,0.029770611562962693,0.023136128675202493,0.0005197317044456823,3.3786862196905076e-12
10076,0,8192,1.0,0.10185712408509218,0.0008799911684120446,0.11798783347130812,0.08793172500628035,0.001969584557917798,1.4096557254816844e-11
10076,0,16384,0.1,0.0011161395825235844,9.342497496084569e-06,0.0011893210806455104,0.0010474611002436569,2.3191772451508406e-05,2.3332074119974955e-13
10076,0,16384,0.25,0.006898762404648403,5.781247817404472e-05,0.007423259605204233,0.006411324033774083,0.00014186748614261274,9.886683485782477e-13
10076,0,16384,0.5,0.027118246878121154,0.00022745548250816666,0.029604728922201787,0.024840602853526617,0.0005491656624215518,3.001619786058285e-12
10076,0,16384,1.0,0.10525430139999292,0.0008813863078657885,0.11740244124657098,0.09436318227772904,0.002083302674164895,2.2670629262755426e-11
10076,0,32768,0.1,0.0011410418331780745,9.399920311002923e-06,0.0011830460429826618,0.001100528988525142,2.3949191281621592e-05,3.1395589253357947e-13
10076,0,32768,0.25,0.0070542369586636495,5.818475979939238e-05,0.007383992256644773,0.006739207916177819,0.00014643130712487087,1.0726142196659794e-12
10076,0,32768,0.5,0.02773831626615575,0.00022899001660900566,0.02944587883424601,0.02612977502258958,0.00056638443386331,4.058378633153836e-12
10076,0,32768,1.0,0.10770287289118347,0.000887179627831933,0.11672942340212367,0.09937433502994057,0.0021460264787458304,1.819105976963442e-11
10076,1,4096,0.1,0.0010115772888340717,9.18658115287526e-06,0.0011835909507087006,0.0008645627196390568,1.988452999869068e-05,8.20654308397728e-14
10076,1,4096,0.25,0.006252647621249885,5.6847232236670304e-05,0.0073834558720499285,0.005295027552547344,0.00012157473321719846,4.329835101568591e-13
10076,1,4096,0.5,0.024585085260081768,0.00022363239787594338,0.029414785607224353,0.020548387648184695,0.0004704134845330676,2.4145685451060217e-12
10076,1,4096,1.0,0.09554365368852231,0.0008660130085686196,0.11635538243208633,0.07845438319521153,0.0017869403627239619,2.643052443573879e-12
10076,1,8192,0.1,0.0010722294626252838,9.275963706523506e-06,0.0011857292118619726,0.0009695940768097865,2.1783306411827072e-05,6.603257437370891e-14
10076,1,8192,0.25,0.0066285337248548895,5.740797215034094e-05,0.007399054138799486,0.005938253527722882,0.00013325472520928213,1.4757518124186575e-12
10076,1,8192,0.5,0.02606668058988789,0.00022590133116550269,0.029492912421870437,0.023038478779443174,0.0005158845563099358,2.827793554871505e-12
10076,1,8192,1.0,0.10128993368852851,0.0008753766279058283,0.11680934273103981,0.08783244924380694,0.001958733238717028,1.941435900931765e-11
10076,1,16384,0.1,0.0011145308868291148,9.38216779870044e-06,0.0011887973813202535,0.0010449039653137146,2.312139133082888e-05,3.6974047955273814e-13
10076,1,16384,0.25,0.00688999311475794,5.806876593648847e-05,0.0074185481572631145,0.006399096442466906,0.00014146541475997857,7.100882382093943e-13
10076,1,16384,0.5,0.02709316943363501,0.00022851294642849113,0.029578894038792426,0.024816337926528573,0.0005476440797664678,7.561146153634013e-12
10076,1,16384,1.0,0.10524693427344235,0.0008854590215380251,0.11728066482973391,0.09444793982059682,0.0020753580851442443,1.872507704447912e-11
10076,1,32768,0.1,0.001140065805797621,9.416670418769676e-06,0.0011808352081523399,0.0011007040038911997,2.3747860554038373e-05,7.109590693943346e-14
10076,1,32768,0.25,0.007048805027611745,5.8269815248168284e-05,0.007370306394018177,0.0067413279260154025,0.00014519356625027798,6.970136273709571e-13
10076,1,32768,0.5,0.02772126811783912,0.00022920358051596687,0.029395076688046466,0.02614276922004501,0.0005614887893396778,3.5954711430363773e-12
10076,1,32768,1.0,0.10767647501379154,0.0008872389354970336,0.11661452940975925,0.09942348805144154,0.002124367350881672,2.1713159048530883e-11
