dataset,key,kappa,heldout_null_at_one,heldout_alternative_quarter,heldout_global_amplitude_three_point_max,observed_signal_probability_gap,grouped_envelope_mean,grouped_minus_heldout_null,finite_calibration_mean_increment,final_view_cap_increment,final_view_variance_bound,observed_bound_minus_alternative,individual_envelope_mean,product_estimate,product_sampling_term,product_range_term,product_distance_subtraction,variance_bound,cvar_dkw,cvar_split
10028,power_matched,1.0,0.49573516845703125,0.5104446411132812,0.49573516845703125,0.01470947265625,0.5166015625,0.02086639404296875,0.004594591296881445,0.0,0.5211961537968814,0.010751512683600195,0.5180301666259766,0.025277316570281982,0.0007583219317569308,0.00029530903795848564,0.00014416735747251825,0.02618678018252488,0.5256464076561049,0.521766202547449
10028,power_matched,1.01,0.49573516845703125,0.5104446411132812,0.49573516845703125,0.01470947265625,0.5166015625,0.02086639404296875,0.004594591296881445,0.005211961537968768,0.5264081153348502,0.015963474221568963,0.5180301666259766,0.025277316570281982,0.0007583219317569308,0.00029530903795848564,0.00014416735747251825,0.02618678018252488,0.5288546591813308,0.5252317563529563
10028,power_matched,1.1,0.49573516845703125,0.5104446411132812,0.49573516845703125,0.01470947265625,0.5166015625,0.02086639404296875,0.004594591296881445,0.051173020413617265,0.5723691742104987,0.06192453309721746,0.5180301666259766,0.025277316570281982,0.0007583219317569308,0.00029530903795848564,0.00014416735747251825,0.02618678018252488,0.5520933073106764,0.5488876468867319
10028,power_matched,2.0,0.49573516845703125,0.5104446411132812,0.49573516845703125,0.01470947265625,0.5166015625,0.02086639404296875,0.004594591296881445,0.1618232992573223,0.6830194530542038,0.1725748119409225,0.5180301666259766,0.025277316570281982,0.0007583219317569308,0.00029530903795848564,0.00014416735747251825,0.02618678018252488,0.667940676826369,0.6633716887001049
10028,power_matched,5.0,0.49573516845703125,0.5104446411132812,0.49573516845703125,0.01470947265625,0.5166015625,0.02086639404296875,0.004594591296881445,0.3236465985146446,0.8448427523115261,0.3343981111982448,0.5180301666259766,0.025277316570281982,0.0007583219317569308,0.00029530903795848564,0.00014416735747251825,0.02618678018252488,0.7819181727526884,0.7711360687779424
10028,power_fisher,1.0,0.49427032470703125,0.5093307495117188,0.49443817138671875,0.0150604248046875,0.5146026611328125,0.02033233642578125,0.00445088692214668,0.0,0.5190535480549592,0.00972279854324043,0.5160903930664062,0.02313178777694702,0.0007263040632918025,0.00029530903795848564,0.00010305851962433964,0.02405034235857297,0.5235893833687637,0.5196531192961616
10028,power_fisher,1.01,0.49427032470703125,0.5093307495117188,0.49443817138671875,0.0150604248046875,0.5146026611328125,0.02033233642578125,0.00445088692214668,0.005190535480549596,0.5242440835355088,0.014913334023790026,0.5160903930664062,0.02313178777694702,0.0007263040632918025,0.00029530903795848564,0.00010305851962433964,0.02405034235857297,0.5267119961793166,0.5231042155514659
10028,power_fisher,1.1,0.49427032470703125,0.5093307495117188,0.49443817138671875,0.0150604248046875,0.5146026611328125,0.02033233642578125,0.00445088692214668,0.04904114839456042,0.5680946964495196,0.05876394693780085,0.5160903930664062,0.02313178777694702,0.0007263040632918025,0.00029530903795848564,0.00010305851962433964,0.02405034235857297,0.5491345890784878,0.546082500057312
10028,power_fisher,2.0,0.49427032470703125,0.5093307495117188,0.49443817138671875,0.0150604248046875,0.5146026611328125,0.02033233642578125,0.00445088692214668,0.15508172799712083,0.67413527605208,0.16480452654036126,0.5160903930664062,0.02313178777694702,0.0007263040632918025,0.00029530903795848564,0.00010305851962433964,0.02405034235857297,0.6601863509596698,0.6554218809754633
10028,power_fisher,5.0,0.49427032470703125,0.5093307495117188,0.49443817138671875,0.0150604248046875,0.5146026611328125,0.02033233642578125,0.00445088692214668,0.31016345599424167,0.8292170040492008,0.3198862545374821,0.5160903930664062,0.02313178777694702,0.0007263040632918025,0.00029530903795848564,0.00010305851962433964,0.02405034235857297,0.7718426035998563,0.7606552228213259
10028,power_bispectrum_matched,1.0,0.5195159912109375,0.5321426391601562,0.520538330078125,0.01262664794921875,0.5421323776245117,0.02261638641357422,0.004442355321028657,0.0,0.5465747329455404,0.014432093785384126,0.5453343391418457,0.024616241455078125,0.0007286175899186175,0.00029530903795848564,0.0014205377812370507,0.024219630301718177,0.55088025565735,0.5467913390180795
10028,power_bispectrum_matched,1.01,0.5195159912109375,0.5321426391601562,0.520538330078125,0.01262664794921875,0.5421323776245117,0.02261638641357422,0.004442355321028657,0.005465747329455373,0.5520404802749957,0.0198978411148395,0.5453343391418457,0.024616241455078125,0.0007286175899186175,0.00029530903795848564,0.0014205377812370507,0.024219630301718177,0.554103634208306,0.5502952135170638
10028,power_bispectrum_matched,1.1,0.5195159912109375,0.5321426391601562,0.520538330078125,0.01262664794921875,0.5421323776245117,0.02261638641357422,0.004442355321028657,0.04921344359188673,0.5957881765374271,0.06364553737727086,0.5453343391418457,0.024616241455078125,0.0007286175899186175,0.00029530903795848564,0.0014205377812370507,0.024219630301718177,0.5774651145444191,0.5742611787993899
10028,power_bispectrum_matched,2.0,0.5195159912109375,0.5321426391601562,0.520538330078125,0.01262664794921875,0.5421323776245117,0.02261638641357422,0.004442355321028657,0.15562657325058016,0.7022013061961205,0.17005866703596428,0.5453343391418457,0.024616241455078125,0.0007286175899186175,0.00029530903795848564,0.0014205377812370507,0.024219630301718177,0.6888216832629656,0.6845067464012411
10028,power_bispectrum_matched,5.0,0.5195159912109375,0.5321426391601562,0.520538330078125,0.01262664794921875,0.5421323776245117,0.02261638641357422,0.004442355321028657,0.3112531465011602,0.8578278794467006,0.32568524028654433,0.5453343391418457,0.024616241455078125,0.0007286175899186175,0.00029530903795848564,0.0014205377812370507,0.024219630301718177,0.7849453910986965,0.7749647526870717
10028,power_bispectrum_fisher,1.0,0.5006484985351562,0.5166397094726562,0.5027847290039062,0.0159912109375,0.5227828025817871,0.02213430404663086,0.004473604985156476,0.0,0.5272564075669436,0.010616698094287336,0.5251636505126953,0.02377784252166748,0.000727588794364433,0.00029530903795848564,0.00033522671663246495,0.02446551363735793,0.5317833530953262,0.5276655274799984
10028,power_bispectrum_fisher,1.01,0.5006484985351562,0.5166397094726562,0.5027847290039062,0.0159912109375,0.5227828025817871,0.02213430404663086,0.004473604985156476,0.00527256407566945,0.532528971642613,0.015889262169956786,0.5251636505126953,0.02377784252166748,0.000727588794364433,0.00029530903795848564,0.00033522671663246495,0.02446551363735793,0.5349970561082107,0.5311976942998962
10028,power_bispectrum_fisher,1.1,0.5006484985351562,0.5166397094726562,0.5027847290039062,0.0159912109375,0.5227828025817871,0.02213430404663086,0.004473604985156476,0.04946262592842998,0.5767190334953736,0.06007932402271732,0.5251636505126953,0.02377784252166748,0.000727588794364433,0.00029530903795848564,0.00033522671663246495,0.02446551363735793,0.5580629833961147,0.5547873614362174
10028,power_bispectrum_fisher,2.0,0.5006484985351562,0.5166397094726562,0.5027847290039062,0.0159912109375,0.5227828025817871,0.02213430404663086,0.004473604985156476,0.15641455698673934,0.6836709645536829,0.16703125508102667,0.5251636505126953,0.02377784252166748,0.000727588794364433,0.00029530903795848564,0.00033522671663246495,0.02446551363735793,0.6696039872604754,0.6649138376294185
10028,power_bispectrum_fisher,5.0,0.5006484985351562,0.5166397094726562,0.5027847290039062,0.0159912109375,0.5227828025817871,0.02213430404663086,0.004473604985156476,0.3128291139734787,0.8400855215404223,0.323445812067766,0.5251636505126953,0.02377784252166748,0.000727588794364433,0.00029530903795848564,0.00033522671663246495,0.02446551363735793,0.7757693575976591,0.7645114066167966
10049,power_matched,1.0,0.5084075927734375,0.5242156982421875,0.5088043212890625,0.01580810546875,0.5215334892272949,0.013125896453857422,0.0027940849540176727,0.0,0.5243275741813126,0.00011187593912509453,0.5230584144592285,0.0051104724407196045,0.0003061111671426768,0.00029530903795848564,0.0003511652725173216,0.0053607273733034455,0.529014292585658,0.5253853893663598
10049,power_matched,1.01,0.5084075927734375,0.5242156982421875,0.5088043212890625,0.01580810546875,0.5215334892272949,0.013125896453857422,0.0027940849540176727,0.005243275741813158,0.5295708499231258,0.005355151680938253,0.5230584144592285,0.0051104724407196045,0.0003061111671426768,0.00029530903795848564,0.0003511652725173216,0.0053607273733034455,0.5309055156791758,0.5274332233685866
10049,power_matched,1.1,0.5084075927734375,0.5242156982421875,0.5088043212890625,0.01580810546875,0.5215334892272949,0.013125896453857422,0.0027940849540176727,0.0231532446393663,0.5474808188206789,0.023265120578491394,0.5230584144592285,0.0051104724407196045,0.0003061111671426768,0.00029530903795848564,0.0003511652725173216,0.0053607273733034455,0.5440526059182653,0.5407375890859056
10049,power_matched,2.0,0.5084075927734375,0.5242156982421875,0.5088043212890625,0.01580810546875,0.5215334892272949,0.013125896453857422,0.0027940849540176727,0.07321698828348133,0.5975445624647939,0.07332886422260643,0.5230584144592285,0.0051104724407196045,0.0003061111671426768,0.00029530903795848564,0.0003511652725173216,0.0053607273733034455,0.606055899186745,0.6002141789592554
10049,power_matched,5.0,0.5084075927734375,0.5242156982421875,0.5088043212890625,0.01580810546875,0.5215334892272949,0.013125896453857422,0.0027940849540176727,0.14643397656696266,0.6707615507482753,0.14654585250608776,0.5230584144592285,0.0051104724407196045,0.0003061111671426768,0.00029530903795848564,0.0003511652725173216,0.0053607273733034455,0.6766312478927647,0.6625914132454168
10049,power_fisher,1.0,0.5077590942382812,0.5236968994140625,0.5077590942382812,0.01593780517578125,0.5203895568847656,0.012630462646484375,0.0027664263392924715,0.0,0.5231559832240581,-0.0005409161900044035,0.5218367576599121,0.004854351282119751,0.00030066340070031646,0.00029530903795848564,0.0003105747302227889,0.0051397489905557646,0.5278555782912244,0.5241499764027724
10049,power_fisher,1.01,0.5077590942382812,0.5236968994140625,0.5077590942382812,0.01593780517578125,0.5203895568847656,0.012630462646484375,0.0027664263392924715,0.005231559832240551,0.5283875430562986,0.0046906436422361475,0.5218367576599121,0.004854351282119751,0.00030066340070031646,0.00029530903795848564,0.0003105747302227889,0.0051397489905557646,0.5297337694252084,0.5261494946652311
10049,power_fisher,1.1,0.5077590942382812,0.5236968994140625,0.5077590942382812,0.01593780517578125,0.5203895568847656,0.012630462646484375,0.0027664263392924715,0.022671014513152676,0.5458269977372108,0.022130098323148273,0.5218367576599121,0.004854351282119751,0.00030066340070031646,0.00029530903795848564,0.0003105747302227889,0.0051397489905557646,0.5427413037332067,0.5392689495370527
10049,power_fisher,2.0,0.5077590942382812,0.5236968994140625,0.5077590942382812,0.01593780517578125,0.5203895568847656,0.012630462646484375,0.0027664263392924715,0.07169204272829566,0.5948480259523538,0.07115112653829125,0.5218367576599121,0.004854351282119751,0.00030066340070031646,0.00029530903795848564,0.0003105747302227889,0.0051397489905557646,0.6037775712448504,0.597744727322494
10049,power_fisher,5.0,0.5077590942382812,0.5236968994140625,0.5077590942382812,0.01593780517578125,0.5203895568847656,0.012630462646484375,0.0027664263392924715,0.1433840854565912,0.6665400686806493,0.1428431692665868,0.5218367576599121,0.004854351282119751,0.00030066340070031646,0.00029530903795848564,0.0003105747302227889,0.0051397489905557646,0.6741588472274815,0.6595423457383072
10049,power_bispectrum_matched,1.0,0.5092926025390625,0.525482177734375,0.5098342895507812,0.0161895751953125,0.5238447189331055,0.014552116394042969,0.0027938955143861355,0.0,0.5266386144474916,0.0011564367131166042,0.5256767272949219,0.0051843225955963135,0.0003137849079871977,0.00029530903795848564,0.0004431371666061023,0.005350279374935894,0.5312806995985975,0.5277685441325297
10049,power_bispectrum_matched,1.01,0.5092926025390625,0.525482177734375,0.5098342895507812,0.0161895751953125,0.5238447189331055,0.014552116394042969,0.0027938955143861355,0.005266386144474944,0.5319050005919665,0.006422822857591548,0.5256767272949219,0.0051843225955963135,0.0003137849079871977,0.00029530903795848564,0.0004431371666061023,0.005350279374935894,0.533154937025731,0.529809633643178
10049,power_bispectrum_matched,1.1,0.5092926025390625,0.525482177734375,0.5098342895507812,0.0161895751953125,0.5238447189331055,0.014552116394042969,0.0027938955143861355,0.023130670926144625,0.5497692853736362,0.02428710763926123,0.5256767272949219,0.0051843225955963135,0.0003137849079871977,0.00029530903795848564,0.0004431371666061023,0.005350279374935894,0.5462319901498327,0.5429953529227705
10049,power_bispectrum_matched,2.0,0.5092926025390625,0.525482177734375,0.5098342895507812,0.0161895751953125,0.5238447189331055,0.014552116394042969,0.0027938955143861355,0.07314560393445324,0.5997842183819448,0.07430204064756984,0.5256767272949219,0.0051843225955963135,0.0003137849079871977,0.00029530903795848564,0.0004431371666061023,0.005350279374935894,0.6083008485275653,0.602616439161545
10049,power_bispectrum_matched,5.0,0.5092926025390625,0.525482177734375,0.5098342895507812,0.0161895751953125,0.5238447189331055,0.014552116394042969,0.0027938955143861355,0.14629120786890637,0.672929822316398,0.14744764458202297,0.5256767272949219,0.0051843225955963135,0.0003137849079871977,0.00029530903795848564,0.0004431371666061023,0.005350279374935894,0.6794016717819249,0.6653102747890736
10049,power_bispectrum_fisher,1.0,0.507080078125,0.5243988037109375,0.5078277587890625,0.0173187255859375,0.5214767456054688,0.01439666748046875,0.002763292009929863,0.0,0.5242400376153986,-0.000158766095538887,0.5232157707214355,0.004847347736358643,0.00030485926830692555,0.00029530903795848564,0.0003501933454723873,0.005097322697151667,0.5289189251540174,0.5254142354679481
10049,power_bispectrum_fisher,1.01,0.507080078125,0.5243988037109375,0.5078277587890625,0.0173187255859375,0.5214767456054688,0.01439666748046875,0.002763292009929863,0.005242400376153977,0.5294824379915526,0.00508363428061509,0.5232157707214355,0.004847347736358643,0.00030485926830692555,0.00029530903795848564,0.0003501933454723873,0.005097322697151667,0.5307928199852061,0.5274496526078349
10049,power_bispectrum_fisher,1.1,0.507080078125,0.5243988037109375,0.5078277587890625,0.0173187255859375,0.5214767456054688,0.01439666748046875,0.002763292009929863,0.022577251154982658,0.5468172887703813,0.02241848505944377,0.5232157707214355,0.004847347736358643,0.00030485926830692555,0.00029530903795848564,0.0003501933454723873,0.005097322697151667,0.5436875393899451,0.5404517299909409
10049,power_bispectrum_fisher,2.0,0.507080078125,0.5243988037109375,0.5078277587890625,0.0173187255859375,0.5214767456054688,0.01439666748046875,0.002763292009929863,0.07139553695541245,0.5956355745708111,0.07123677085987357,0.5232157707214355,0.004847347736358643,0.00030485926830692555,0.00029530903795848564,0.0003501933454723873,0.005097322697151667,0.6046358781296161,0.5987282861441138
10049,power_bispectrum_fisher,5.0,0.507080078125,0.5243988037109375,0.5078277587890625,0.0173187255859375,0.5214767456054688,0.01439666748046875,0.002763292009929863,0.1427910739108249,0.6670311115262235,0.14263230781528602,0.5232157707214355,0.004847347736358643,0.00030485926830692555,0.00029530903795848564,0.0003501933454723873,0.005097322697151667,0.675594127073673,0.6614301781505585
10076,power_matched,1.0,0.5122833251953125,0.5163116455078125,0.512786865234375,0.0040283203125,0.5228357315063477,0.010552406311035156,0.0022289055886101083,0.0,0.5250646370949578,0.008752991587145265,0.5241904258728027,0.0012367665767669678,0.0002047987588652573,0.00029530903795848564,0.0004246412744039399,0.0013122330991867707,0.5299085158967296,0.5262204466121068
10076,power_matched,1.01,0.5122833251953125,0.5163116455078125,0.512786865234375,0.0040283203125,0.5228357315063477,0.010552406311035156,0.0022289055886101083,0.003622475809700876,0.5286871129046586,0.01237546739684614,0.5241904258728027,0.0012367665767669678,0.0002047987588652573,0.00029530903795848564,0.0004246412744039399,0.0013122330991867707,0.5314246937966004,0.5279589312903434
10076,power_matched,1.1,0.5122833251953125,0.5163116455078125,0.512786865234375,0.0040283203125,0.5228357315063477,0.010552406311035156,0.0022289055886101083,0.011455274327517362,0.5365199114224751,0.020208265914662626,0.5241904258728027,0.0012367665767669678,0.0002047987588652573,0.00029530903795848564,0.0004246412744039399,0.0013122330991867707,0.5416468367054748,0.5382247936182413
10076,power_matched,2.0,0.5122833251953125,0.5163116455078125,0.512786865234375,0.0040283203125,0.5228357315063477,0.010552406311035156,0.0022289055886101083,0.036224758097008314,0.5612893951919661,0.04497774968415358,0.5241904258728027,0.0012367665767669678,0.0002047987588652573,0.00029530903795848564,0.0004246412744039399,0.0013122330991867707,0.5872562198137224,0.5811148659432565
10076,power_matched,5.0,0.5122833251953125,0.5163116455078125,0.512786865234375,0.0040283203125,0.5228357315063477,0.010552406311035156,0.0022289055886101083,0.07244951619401663,0.5975141532889744,0.08120250778116189,0.5241904258728027,0.0012367665767669678,0.0002047987588652573,0.00029530903795848564,0.0004246412744039399,0.0013122330991867707,0.6404597762886391,0.6237513474241958
10076,power_fisher,1.0,0.5119247436523438,0.5159759521484375,0.5121917724609375,0.00405120849609375,0.5220298767089844,0.010105133056640625,0.0022297473264851764,0.0,0.5242596240354696,0.008283671887032051,0.5233283042907715,0.0012175440788269043,0.00020405157350904062,0.00029530903795848564,0.0003920451235637081,0.0013248595667307225,0.5291045172348523,0.525494981635512
10076,power_fisher,1.01,0.5119247436523438,0.5159759521484375,0.5121917724609375,0.00405120849609375,0.5220298767089844,0.010105133056640625,0.0022297473264851764,0.0036398620395980963,0.5278994860750676,0.011923533926630148,0.5233283042907715,0.0012175440788269043,0.00020405157350904062,0.00029530903795848564,0.0003920451235637081,0.0013248595667307225,0.5306382319664612,0.5272210554588106
10076,power_fisher,1.1,0.5119247436523438,0.5159759521484375,0.5121917724609375,0.00405120849609375,0.5220298767089844,0.010105133056640625,0.0022297473264851764,0.011510254413915955,0.5357698784493855,0.019793926300948006,0.5233283042907715,0.0012175440788269043,0.00020405157350904062,0.00029530903795848564,0.0003920451235637081,0.0013248595667307225,0.5408736929371643,0.5375062258053351
10076,power_fisher,2.0,0.5119247436523438,0.5159759521484375,0.5121917724609375,0.00405120849609375,0.5220298767089844,0.010105133056640625,0.0022297473264851764,0.03639862039598096,0.5606582444314505,0.044682292283013014,0.5233283042907715,0.0012175440788269043,0.00020405157350904062,0.00029530903795848564,0.0003920451235637081,0.0013248595667307225,0.5865772037004412,0.5802914273010336
10076,power_fisher,5.0,0.5119247436523438,0.5159759521484375,0.5121917724609375,0.00405120849609375,0.5220298767089844,0.010105133056640625,0.0022297473264851764,0.07279724079196193,0.5970568648274315,0.08108091267899398,0.5233283042907715,0.0012175440788269043,0.00020405157350904062,0.00029530903795848564,0.0003920451235637081,0.0013248595667307225,0.639665842420231,0.6228016287745605
10076,power_bispectrum_matched,1.0,0.5140762329101562,0.5183868408203125,0.5144729614257812,0.00431060791015625,0.5246005058288574,0.010524272918701172,0.0022326733214954597,0.0,0.5268331791503529,0.008446338330040382,0.5260376930236816,0.0013302862644195557,0.00020662432644324836,0.00029530903795848564,0.0005003199310773985,0.0013318996977438912,0.5316375274323741,0.5279044791404741
10076,power_bispectrum_matched,1.01,0.5140762329101562,0.5183868408203125,0.5144729614257812,0.00431060791015625,0.5246005058288574,0.010524272918701172,0.0022326733214954597,0.0036495201023475365,0.5304826992527004,0.012095858432387918,0.5260376930236816,0.0013302862644195557,0.00020662432644324836,0.00029530903795848564,0.0005003199310773985,0.0013318996977438912,0.5331589553093568,0.5296225591866408
10076,power_bispectrum_matched,1.1,0.5140762329101562,0.5183868408203125,0.5144729614257812,0.00431060791015625,0.5246005058288574,0.010524272918701172,0.0022326733214954597,0.01154079588998913,0.538373975040342,0.019987134220029512,0.5260376930236816,0.0013302862644195557,0.00020662432644324836,0.00029530903795848564,0.0005003199310773985,0.0013318996977438912,0.5434386000111389,0.5400005943711903
10076,power_bispectrum_matched,2.0,0.5140762329101562,0.5183868408203125,0.5144729614257812,0.00431060791015625,0.5246005058288574,0.010524272918701172,0.0022326733214954597,0.03649520102347559,0.5633283801738285,0.04494153935351597,0.5260376930236816,0.0013302862644195557,0.00020662432644324836,0.00029530903795848564,0.0005003199310773985,0.0013318996977438912,0.5890910891984881,0.5826270591725221
10076,power_bispectrum_matched,5.0,0.5140762329101562,0.5183868408203125,0.5144729614257812,0.00431060791015625,0.5246005058288574,0.010524272918701172,0.0022326733214954597,0.07299040204695106,0.599823581197304,0.08143674037699145,0.5260376930236816,0.0013302862644195557,0.00020662432644324836,0.00029530903795848564,0.0005003199310773985,0.0013318996977438912,0.6425840858284341,0.6257757774983337
10076,power_bispectrum_fisher,1.0,0.5120849609375,0.5164108276367188,0.5122756958007812,0.00432586669921875,0.5232486724853516,0.011163711547851562,0.002231960753037443,0.0,0.525480633238389,0.009069805601670256,0.5246767997741699,0.00126725435256958,0.00020586324931083194,0.00029530903795848564,0.00044170217203918995,0.0013267244677997077,0.5302942771577159,0.5266673575933358
10076,power_bispectrum_fisher,1.01,0.5120849609375,0.5164108276367188,0.5122756958007812,0.00432586669921875,0.5232486724853516,0.011163711547851562,0.002231960753037443,0.003642422913116672,0.5291230561515057,0.012712228514786927,0.5246767997741699,0.00126725435256958,0.00020586324931083194,0.00029530903795848564,0.00044170217203918995,0.0013267244677997077,0.5318239447807922,0.5283890684160997
10076,power_bispectrum_fisher,1.1,0.5120849609375,0.5164108276367188,0.5122756958007812,0.00432586669921875,0.5232486724853516,0.011163711547851562,0.002231960753037443,0.011518352607034155,0.5369989858454232,0.02058815820870441,0.5246767997741699,0.00126725435256958,0.00020586324931083194,0.00029530903795848564,0.00044170217203918995,0.0013267244677997077,0.5420716986134337,0.538687066826545
10076,power_bispectrum_fisher,2.0,0.5120849609375,0.5164108276367188,0.5122756958007812,0.00432586669921875,0.5232486724853516,0.011163711547851562,0.002231960753037443,0.036424229131166386,0.5619048623695554,0.04549403473283664,0.5246767997741699,0.00126725435256958,0.00020586324931083194,0.00029530903795848564,0.00044170217203918995,0.0013267244677997077,0.5877893237565935,0.5817544566606552
10076,power_bispectrum_fisher,5.0,0.5120849609375,0.5164108276367188,0.5122756958007812,0.00432586669921875,0.5232486724853516,0.011163711547851562,0.002231960753037443,0.07284845826233266,0.5983290915007217,0.08191826386400292,0.5246767997741699,0.00126725435256958,0.00020586324931083194,0.00029530903795848564,0.00044170217203918995,0.0013267244677997077,0.6411321166817056,0.6244259661352671
