source_group,particles,observed_power_sum,gaussian_error_sum,voxel_error_sum,neural_error_sum
1006,25,80257.29638671875,72852.18017578125,73109.76123046875,72566.42626953125
1007,7,25848.5869140625,23491.41162109375,23587.8369140625,23364.702880859375
1008,3,9910.64501953125,8834.252685546875,8881.126220703125,8755.3779296875
1009,11,33825.2724609375,31204.353759765625,31261.40087890625,31202.526611328125
1010,3,10352.42919921875,9262.222412109375,9286.446533203125,9260.9375
1050,5,17161.062744140625,15516.96044921875,15570.303466796875,15417.388671875
1051,7,21207.640869140625,19303.906982421875,19369.60888671875,19279.678955078125
1052,1,3559.041748046875,3266.265869140625,3275.06201171875,3260.535400390625
1059,8,28611.356689453125,26286.692138671875,26360.4462890625,26229.638916015625
1060,23,79616.07543945312,71320.89453125,71607.22802734375,71025.66015625
1091,4,13314.407958984375,11779.449462890625,11833.243408203125,11707.135986328125
1092,33,113049.65258789062,102981.89575195312,103334.00512695312,102618.74072265625
1093,3,12127.824462890625,10939.16943359375,10985.81689453125,10821.123291015625
1115,11,41144.88525390625,36370.119873046875,36545.373779296875,36134.232666015625
1116,22,74746.17822265625,66675.57934570312,66923.0205078125,66486.755859375
115,4,13803.91064453125,12045.457763671875,12105.759765625,11957.113037109375
116,30,109805.50390625,95146.66381835938,95674.77490234375,94374.84887695312
117,12,42200.2138671875,36292.612060546875,36512.693115234375,35920.732666015625
1230,36,128772.927734375,111796.08471679688,112458.05224609375,110708.34765625
1231,5,16841.803466796875,15466.469970703125,15514.3935546875,15432.372802734375
1243,17,61182.994873046875,54099.144775390625,54364.565673828125,53664.681640625
1244,16,54213.58203125,47084.866455078125,47365.736083984375,46664.12841796875
1257,35,126011.90795898438,110856.44677734375,111382.13818359375,110046.5908203125
1258,9,31520.3955078125,27506.61572265625,27643.673095703125,27264.505126953125
1314,13,48902.90380859375,43002.771484375,43218.146728515625,42632.7158203125
1315,4,13963.33642578125,12444.94482421875,12486.35498046875,12391.780517578125
1316,6,19441.407958984375,17649.88525390625,17709.080322265625,17591.454833984375
1321,2,6497.996826171875,5472.495849609375,5524.70751953125,5369.044921875
1337,43,149223.29174804688,130087.70922851562,130760.21728515625,129085.33032226562
1347,33,119023.53662109375,104914.92041015625,105456.6552734375,103935.939453125
1348,7,25734.526611328125,22823.732177734375,22913.97705078125,22683.043701171875
1350,45,152444.76635742188,134073.87255859375,134715.57788085938,133127.56616210938
1376,20,68832.17553710938,61558.7275390625,61814.35559082031,61167.27526855469
1377,5,17018.861328125,15004.59130859375,15072.592041015625,14896.43798828125
1437,47,169147.14233398438,146774.43896484375,147514.13940429688,145701.12084960938
1450,30,100737.6357421875,87913.18774414062,88375.85668945312,87213.12109375
1451,10,32960.2998046875,29768.26171875,29887.373779296875,29639.9482421875
151,48,169073.65209960938,146796.69750976562,147496.0078125,145896.2705078125
1519,42,148122.64404296875,128964.19287109375,129681.00927734375,127845.78198242188
152,4,14772.487548828125,12208.005126953125,12320.31640625,11986.30029296875
1522,46,168542.62719726562,148288.44311523438,149037.14208984375,147265.31372070312
1533,24,96061.21704101562,82656.31176757812,83292.41650390625,81569.21557617188
1534,19,73455.12719726562,64871.44873046875,65275.89990234375,64264.068359375
1544,44,156604.1171875,136826.26489257812,137527.82543945312,135847.50903320312
1585,4,14149.2431640625,12474.6953125,12524.744873046875,12422.8896484375
1586,38,132356.83666992188,113695.16064453125,114394.09936523438,112648.67041015625
1593,33,107796.44165039062,97359.98193359375,97589.818359375,97279.75561523438
1594,14,51237.646728515625,44421.191162109375,44704.384521484375,44007.29443359375
160,18,67720.5859375,58797.4765625,59112.373291015625,58250.76904296875
1609,14,48093.390380859375,41866.83642578125,42100.6083984375,41519.768310546875
161,28,99956.88012695312,85408.5947265625,85887.64379882812,84821.1240234375
1610,30,107677.68676757812,95125.66235351562,95589.7158203125,94310.05322265625
162,4,13976.029541015625,12269.919921875,12321.79248046875,12222.95458984375
1637,17,57098.07275390625,50252.685546875,50454.86181640625,50009.529541015625
1648,24,88789.748046875,76711.38403320312,77153.28393554688,75927.36474609375
1649,24,88740.05151367188,78799.33569335938,79096.90258789062,78405.650390625
1652,32,122966.16625976562,106440.90283203125,107145.49951171875,105279.21630859375
1739,24,83063.39501953125,72362.63891601562,72740.76318359375,71773.32373046875
1740,7,26134.034423828125,23016.154541015625,23129.08935546875,22898.556884765625
1746,21,80813.994140625,69951.68603515625,70410.03125,69101.65869140625
1747,18,64343.64794921875,56395.628173828125,56702.13525390625,56041.989990234375
1765,13,52130.758056640625,45729.54736328125,45996.907958984375,45275.797119140625
1766,32,118583.5341796875,104496.3779296875,105002.033203125,103719.77954101562
1775,11,40086.457763671875,35668.580078125,35847.708740234375,35341.5419921875
1776,35,128866.17724609375,114287.0009765625,114765.00390625,113534.93969726562
1797,8,32593.2216796875,28600.033935546875,28758.025146484375,28371.00048828125
1798,17,62508.666748046875,55026.704345703125,55294.157958984375,54626.351806640625
1799,4,14891.912353515625,13001.1904296875,13079.215087890625,12893.458984375
1805,8,26811.975341796875,24335.96240234375,24424.958740234375,24260.537109375
1806,24,94851.05078125,82221.42041015625,82807.90112304688,81103.84130859375
1828,11,38657.628662109375,33656.15869140625,33837.790283203125,33350.34326171875
1829,23,84178.58715820312,73480.04174804688,73908.31127929688,72746.34033203125
1830,32,119647.50512695312,104742.216796875,105296.23876953125,103870.46997070312
1831,7,24410.001708984375,21347.267578125,21443.74267578125,21156.64404296875
1866,2,5944.291015625,5225.79345703125,5250.12939453125,5200.634033203125
1867,17,70297.87280273438,61817.581298828125,62103.245361328125,61385.841552734375
1868,9,34798.75732421875,30244.06298828125,30451.766845703125,29867.48193359375
1890,13,47577.867431640625,42558.6142578125,42730.766357421875,42311.639892578125
1891,7,24017.75439453125,21227.24951171875,21345.0419921875,21010.935791015625
1918,2,7033.336181640625,6185.329833984375,6216.278076171875,6123.44140625
1919,23,84854.1025390625,75215.76318359375,75526.12768554688,74622.69262695312
1920,13,47161.841064453125,40687.838623046875,40899.013671875,40349.439697265625
1958,17,59097.881103515625,53059.764892578125,53218.813720703125,52948.95654296875
1959,26,92371.41748046875,80614.05297851562,81080.62060546875,79974.54345703125
197,23,88343.63159179688,75069.63134765625,75531.02807617188,74282.1123046875
198,24,89849.87890625,77711.41650390625,78063.7529296875,77186.38403320312
1986,36,131191.82470703125,115824.45434570312,116255.65795898438,115431.5986328125
199,24,91850.75756835938,77726.3837890625,78222.9873046875,76848.83544921875
1990,20,70416.88208007812,61710.671630859375,62002.811767578125,61317.02978515625
1991,21,75816.56176757812,66513.64013671875,66832.94409179688,66040.96020507812
200,10,36028.813720703125,32498.064697265625,32574.944580078125,32423.517333984375
2000,12,41756.392822265625,36339.341552734375,36530.99365234375,36033.308837890625
2001,32,118954.33837890625,103841.76977539062,104387.17407226562,102987.03247070312
2050,38,132907.74975585938,116446.9697265625,116940.66430664062,115708.2421875
2051,6,22933.3662109375,19966.89697265625,20055.198486328125,19786.17041015625
23,27,97690.8583984375,86926.98046875,87241.26098632812,86560.29809570312
242,37,140897.95776367188,119934.06616210938,120775.66577148438,118523.99072265625
243,10,38284.48388671875,32945.81201171875,33133.084716796875,32795.731201171875
266,26,85780.36987304688,75895.81323242188,76200.75634765625,75514.57348632812
267,1,3558.653076171875,3288.868896484375,3296.65771484375,3299.3603515625
278,32,115265.46508789062,100893.61547851562,101324.13452148438,100364.3876953125
279,17,58302.02294921875,50193.755859375,50447.69982910156,49922.32800292969
281,46,158504.3115234375,136177.39208984375,136894.44165039062,135189.2724609375
330,33,113444.88159179688,102204.1328125,102626.33911132812,101767.95629882812
331,6,18548.186767578125,16851.951416015625,16907.893798828125,16814.0263671875
374,1,3861.6298828125,3495.9921875,3508.383056640625,3467.4873046875
375,47,161238.14233398438,144737.69384765625,145227.91650390625,144200.09057617188
393,2,6502.478515625,6104.93798828125,6116.79052734375,6108.941650390625
394,17,55013.452880859375,49720.89453125,49916.826904296875,49527.306396484375
395,15,52862.752685546875,47133.590087890625,47347.86376953125,46912.183349609375
408,14,50026.955810546875,44649.268310546875,44817.88818359375,44545.507080078125
409,24,85032.20263671875,76541.09350585938,76810.87280273438,76271.99755859375
47,9,33906.47021484375,30570.1328125,30679.813232421875,30427.36328125
479,26,90607.00805664062,77355.48046875,77757.93188476562,76833.95654296875
48,10,35899.857421875,32992.184814453125,33036.3955078125,33125.442138671875
480,76,272231.30029296875,232913.67211914062,234375.36840820312,230557.32470703125
481,16,54625.93505859375,47644.686279296875,47845.710693359375,47319.707763671875
483,50,174976.65551757812,149290.2421875,150171.73193359375,147937.97583007812
486,51,177176.9755859375,152315.9833984375,153022.99438476562,151370.07739257812
492,48,163970.90893554688,141032.80444335938,141735.13037109375,140043.98974609375
504,6,20809.298583984375,18162.368408203125,18222.730224609375,18093.80126953125
505,43,148561.4189453125,128420.84521484375,129121.80249023438,127311.2451171875
516,52,185850.6328125,160951.51318359375,161767.34252929688,159629.39721679688
534,39,139155.72973632812,119546.17602539062,120171.14477539062,118533.16845703125
54,32,116997.3603515625,101766.33642578125,102235.08032226562,101089.82348632812
549,15,54503.387939453125,46343.653076171875,46620.471435546875,45947.01123046875
550,30,105039.28100585938,90174.98999023438,90630.46484375,89592.98388671875
553,49,171537.87133789062,144434.41845703125,145477.41918945312,142771.20776367188
570,39,135815.04443359375,116167.41259765625,116817.92797851562,115246.34155273438
571,14,48233.580322265625,41854.15539550781,42049.03076171875,41614.97253417969
619,7,26248.6201171875,22137.281005859375,22299.46923828125,21904.24658203125
620,38,120149.87841796875,104159.09790039062,104624.08715820312,103603.29833984375
639,45,161583.6220703125,140148.92578125,140876.4111328125,139161.0732421875
640,21,75706.53247070312,65115.55078125,65489.9169921875,64493.544677734375
641,28,96799.859375,83452.70190429688,83875.4228515625,82902.51538085938
648,24,86182.86303710938,74821.89697265625,75169.77563476562,74381.81689453125
649,26,97655.29077148438,84400.68359375,84774.62548828125,83891.1572265625
656,17,59231.652099609375,51010.52490234375,51252.51318359375,50659.40771484375
657,28,100563.18383789062,85624.5302734375,86103.46997070312,84963.95581054688
667,16,58775.553466796875,51532.615478515625,51774.1484375,51145.93603515625
668,33,114910.5888671875,100374.62622070312,100840.43017578125,99730.5498046875
672,28,94683.68603515625,82652.4599609375,83031.9189453125,82196.720703125
673,14,49970.08056640625,43740.62255859375,43907.87841796875,43543.4443359375
676,30,101708.89697265625,90939.07397460938,91277.40063476562,90631.92358398438
677,52,177774.02392578125,158235.87182617188,158810.81787109375,157540.12670898438
678,9,30661.763671875,26788.15869140625,26922.166259765625,26652.45703125
679,28,93057.62548828125,84062.9111328125,84410.91137695312,83683.36401367188
680,30,99949.8857421875,88626.7451171875,88986.9609375,88076.32470703125
681,15,53653.3193359375,45592.807373046875,45906.568115234375,44991.354736328125
685,15,53971.366455078125,47771.18798828125,47937.60986328125,47611.00439453125
686,31,105496.27709960938,92721.49072265625,93174.60717773438,92016.33813476562
690,30,107626.62377929688,95381.294921875,95783.49658203125,94824.8857421875
691,3,8764.545166015625,7731.285400390625,7744.694091796875,7755.55078125
704,47,151982.09545898438,135564.15771484375,136095.93212890625,134927.1318359375
705,1,3112.45703125,2639.244873046875,2658.33447265625,2609.72998046875
776,2,6514.052490234375,5770.68212890625,5780.38232421875,5770.35693359375
777,38,136116.08251953125,120644.69970703125,121196.255859375,119801.41381835938
778,5,16663.832763671875,14343.560791015625,14437.511474609375,14192.391845703125
80,18,71303.37524414062,62181.676513671875,62495.0908203125,61638.266845703125
81,44,153431.23217773438,132727.08056640625,133412.6572265625,131785.94262695312
82,37,139406.32421875,119637.0244140625,120347.37353515625,118412.1474609375
822,25,92286.77124023438,80494.49926757812,80891.677734375,80029.70947265625
823,11,34921.48583984375,32162.91650390625,32276.575927734375,32056.6044921875
824,10,33281.4931640625,28844.30712890625,28973.181640625,28658.028076171875
825,44,160723.64233398438,141341.95239257812,141945.50415039062,140517.46520996094
826,26,94178.55834960938,83263.86010742188,83614.1875,82782.26538085938
83,60,223557.54516601562,194645.44677734375,195652.36743164062,193207.14282226562
830,43,144666.96728515625,127755.13208007812,128376.564453125,126816.06762695312
831,4,14503.0166015625,12187.71728515625,12260.469482421875,12080.3515625
84,47,178329.00634765625,152968.23583984375,153800.6884765625,151677.14208984375
857,43,147898.94677734375,130107.2763671875,130685.8056640625,129355.42602539062
885,29,95760.701171875,84181.26489257812,84574.09619140625,83713.93627929688
886,8,26993.111328125,24292.81005859375,24382.47900390625,24214.29052734375
900,36,126977.31079101562,109525.7421875,110155.61669921875,108522.65698242188
901,10,35742.483154296875,30780.911865234375,30962.379150390625,30465.724853515625
903,19,67189.00805664062,60284.778564453125,60490.84423828125,59996.283935546875
904,23,83104.01000976562,70606.21997070312,71078.05322265625,69797.142578125
928,25,81423.75927734375,73436.06665039062,73688.22705078125,73214.06787109375
929,2,6453.290283203125,5675.636474609375,5698.908203125,5633.27587890625
938,17,57629.0205078125,50745.024658203125,50989.438720703125,50401.839599609375
939,19,65107.495361328125,59444.587646484375,59581.565673828125,59352.818603515625
940,36,134477.12036132812,117732.15185546875,118344.64379882812,116728.03271484375
973,30,96075.197265625,86165.98608398438,86464.66870117188,85918.43310546875
989,11,39605.27734375,35076.216064453125,35208.607421875,34909.5517578125
990,26,88201.16821289062,78303.18505859375,78635.47802734375,77817.26611328125
