template,target,method,image_mode,available_intervals,missing_or_failed_intervals,covered_count,covered_rate,covered_lower,covered_upper,raw_covered_count,raw_covered_rate,raw_covered_lower,raw_covered_upper,correct_sign_exclusion_count,correct_sign_exclusion_rate,correct_sign_exclusion_lower,correct_sign_exclusion_upper,raw_correct_sign_exclusion_count,raw_correct_sign_exclusion_rate,raw_correct_sign_exclusion_lower,raw_correct_sign_exclusion_upper,fallback_count,fallback_rate,fallback_lower,fallback_upper,half_width_median,raw_half_width_median,relative_half_width_median,raw_relative_half_width_median,half_width_over_abs_center_median,relative_width_below_half_count
oracle_reference,center,fixed_folded,same_image,200,0,200,1.0,0.9817246596448638,1.0,200,1.0,0.9817246596448638,1.0,200,1.0,0.9817246596448638,1.0,200,1.0,0.9817246596448638,1.0,0,0.0,0.0,0.01827534035513624,1.4022703727425618,1.4022703727425618,0.08666749033435375,0.08666749033435375,0.5169586474214067,200
oracle_reference,center,fixed_folded,independent_image,200,0,200,1.0,0.9817246596448638,1.0,200,1.0,0.9817246596448638,1.0,200,1.0,0.9817246596448638,1.0,200,1.0,0.9817246596448638,1.0,0,0.0,0.0,0.01827534035513624,1.4022703727425618,1.4022703727425618,0.08666749033435375,0.08666749033435375,0.5233121898348643,200
oracle_reference,center,fixed_sum,same_image,200,0,200,1.0,0.9817246596448638,1.0,200,1.0,0.9817246596448638,1.0,200,1.0,0.9817246596448638,1.0,200,1.0,0.9817246596448638,1.0,0,0.0,0.0,0.01827534035513624,1.4344339960495804,1.4344339960495804,0.0886553669708878,0.0886553669708878,0.5288055744829294,200
oracle_reference,center,fixed_sum,independent_image,200,0,200,1.0,0.9817246596448638,1.0,200,1.0,0.9817246596448638,1.0,200,1.0,0.9817246596448638,1.0,200,1.0,0.9817246596448638,1.0,0,0.0,0.0,0.01827534035513624,1.4344339960495804,1.4344339960495804,0.0886553669708878,0.0886553669708878,0.5352407615875738,200
oracle_reference,center,deterministic_pose,same_image,200,0,200,1.0,0.9817246596448638,1.0,200,1.0,0.9817246596448638,1.0,0,0.0,0.0,0.01827534035513624,0,0.0,0.0,0.01827534035513624,200,1.0,0.9817246596448638,1.0,16.179888991047914,12533.335343928875,1.0,774.6243098987501,18.35138104664821,0
oracle_reference,center,deterministic_pose,independent_image,200,0,200,1.0,0.9817246596448638,1.0,200,1.0,0.9817246596448638,1.0,0,0.0,0.0,0.01827534035513624,0,0.0,0.0,0.01827534035513624,200,1.0,0.9817246596448638,1.0,16.179888991047914,12533.335343928875,1.0,774.6243098987501,18.35138104664821,0
oracle_reference,center,mixed_common0,same_image,200,0,200,1.0,0.9817246596448638,1.0,200,1.0,0.9817246596448638,1.0,0,0.0,0.0,0.01827534035513624,0,0.0,0.0,0.01827534035513624,200,1.0,0.9817246596448638,1.0,16.179888991047914,12316.529969995921,1.0,761.2246274872757,18.35138104664821,0
oracle_reference,center,mixed_common0,independent_image,200,0,200,1.0,0.9817246596448638,1.0,200,1.0,0.9817246596448638,1.0,0,0.0,0.0,0.01827534035513624,0,0.0,0.0,0.01827534035513624,200,1.0,0.9817246596448638,1.0,16.179888991047914,12316.529969995921,1.0,761.2246274872757,18.35138104664821,0
oracle_reference,center,mixed_common01,same_image,200,0,200,1.0,0.9817246596448638,1.0,200,1.0,0.9817246596448638,1.0,0,0.0,0.0,0.01827534035513624,0,0.0,0.0,0.01827534035513624,200,1.0,0.9817246596448638,1.0,16.179888991047914,14916.467481854128,1.0,921.9140805049517,18.35138104664821,0
oracle_reference,center,mixed_common01,independent_image,200,0,200,1.0,0.9817246596448638,1.0,200,1.0,0.9817246596448638,1.0,0,0.0,0.0,0.01827534035513624,0,0.0,0.0,0.01827534035513624,200,1.0,0.9817246596448638,1.0,16.179888991047914,14916.467481854128,1.0,921.9140805049517,18.35138104664821,0
oracle_reference,center,gaussian_tau2_fixed,same_image,200,0,200,1.0,0.9817246596448638,1.0,200,1.0,0.9817246596448638,1.0,186,0.93,0.8853402664628894,0.9612044295704372,186,0.93,0.8853402664628894,0.9612044295704372,0,0.0,0.0,0.01827534035513624,2.2021881298113373,2.2021881298113373,0.13610650425536136,0.13610650425536136,0.8152202539350039,200
oracle_reference,center,gaussian_tau2_fixed,independent_image,200,0,200,1.0,0.9817246596448638,1.0,200,1.0,0.9817246596448638,1.0,178,0.89,0.8382037844304998,0.9297668364707882,178,0.89,0.8382037844304998,0.9297668364707882,0,0.0,0.0,0.01827534035513624,2.2021881298113373,2.2021881298113373,0.13610650425536136,0.13610650425536136,0.828356843786547,200
oracle_reference,center,gaussian_tau2_pose,same_image,200,0,200,1.0,0.9817246596448638,1.0,200,1.0,0.9817246596448638,1.0,186,0.93,0.8853402664628894,0.9612044295704372,186,0.93,0.8853402664628894,0.9612044295704372,0,0.0,0.0,0.01827534035513624,2.2029843793698687,2.2029843793698687,0.1361557165558272,0.1361557165558272,0.8158613869489705,200
oracle_reference,center,gaussian_tau2_pose,independent_image,200,0,200,1.0,0.9817246596448638,1.0,200,1.0,0.9817246596448638,1.0,178,0.89,0.8382037844304998,0.9297668364707882,178,0.89,0.8382037844304998,0.9297668364707882,0,0.0,0.0,0.01827534035513624,2.2029843793698687,2.2029843793698687,0.1361557165558272,0.1361557165558272,0.8307087151699528,200
oracle_reference,center,gaussian_tau1_fixed,same_image,200,0,200,1.0,0.9817246596448638,1.0,200,1.0,0.9817246596448638,1.0,200,1.0,0.9817246596448638,1.0,200,1.0,0.9817246596448638,1.0,0,0.0,0.0,0.01827534035513624,1.1787420052174362,1.1787420052174362,0.07285229248912747,0.07285229248912747,0.43458782699243437,200
oracle_reference,center,gaussian_tau1_fixed,independent_image,200,0,200,1.0,0.9817246596448638,1.0,200,1.0,0.9817246596448638,1.0,200,1.0,0.9817246596448638,1.0,200,1.0,0.9817246596448638,1.0,0,0.0,0.0,0.01827534035513624,1.1787420052174362,1.1787420052174362,0.07285229248912747,0.07285229248912747,0.4426303531496596,200
oracle_reference,center,gaussian_tau1_pose,same_image,200,0,200,1.0,0.9817246596448638,1.0,200,1.0,0.9817246596448638,1.0,200,1.0,0.9817246596448638,1.0,200,1.0,0.9817246596448638,1.0,0,0.0,0.0,0.01827534035513624,1.1792864244228052,1.1792864244228052,0.07288594038409574,0.07288594038409574,0.43546420498434957,200
oracle_reference,center,gaussian_tau1_pose,independent_image,200,0,200,1.0,0.9817246596448638,1.0,200,1.0,0.9817246596448638,1.0,200,1.0,0.9817246596448638,1.0,200,1.0,0.9817246596448638,1.0,0,0.0,0.0,0.01827534035513624,1.1792864244228052,1.1792864244228052,0.07288594038409574,0.07288594038409574,0.4424675788255191,200
oracle_reference,contrast,fixed_folded,same_image,200,0,200,1.0,0.9817246596448638,1.0,200,1.0,0.9817246596448638,1.0,0,0.0,0.0,0.01827534035513624,0,0.0,0.0,0.01827534035513624,0,0.0,0.0,0.01827534035513624,2.0599729673491853,2.0599729673491853,0.10543092192623671,0.10543092192623671,3.25691281078009,200
oracle_reference,contrast,fixed_folded,independent_image,200,0,200,1.0,0.9817246596448638,1.0,200,1.0,0.9817246596448638,1.0,0,0.0,0.0,0.01827534035513624,0,0.0,0.0,0.01827534035513624,0,0.0,0.0,0.01827534035513624,2.0599729673491853,2.0599729673491853,0.10543092192623671,0.10543092192623671,3.403959418394116,200
oracle_reference,contrast,fixed_sum,same_image,200,0,200,1.0,0.9817246596448638,1.0,200,1.0,0.9817246596448638,1.0,0,0.0,0.0,0.01827534035513624,0,0.0,0.0,0.01827534035513624,0,0.0,0.0,0.01827534035513624,2.102562766316145,2.102562766316145,0.10761069896259162,0.10761069896259162,3.323570200098617,200
oracle_reference,contrast,fixed_sum,independent_image,200,0,200,1.0,0.9817246596448638,1.0,200,1.0,0.9817246596448638,1.0,0,0.0,0.0,0.01827534035513624,0,0.0,0.0,0.01827534035513624,0,0.0,0.0,0.01827534035513624,2.102562766316145,2.102562766316145,0.10761069896259162,0.10761069896259162,3.474109889944804,200
oracle_reference,contrast,deterministic_pose,same_image,200,0,200,1.0,0.9817246596448638,1.0,200,1.0,0.9817246596448638,1.0,0,0.0,0.0,0.01827534035513624,0,0.0,0.0,0.01827534035513624,200,1.0,0.9817246596448638,1.0,19.538603378527004,16151.627847002394,1.0,826.6521170470706,125.86700638258883,0
oracle_reference,contrast,deterministic_pose,independent_image,200,0,200,1.0,0.9817246596448638,1.0,200,1.0,0.9817246596448638,1.0,0,0.0,0.0,0.01827534035513624,0,0.0,0.0,0.01827534035513624,200,1.0,0.9817246596448638,1.0,19.538603378527004,16151.627847002394,1.0,826.6521170470706,125.86700638258883,0
oracle_reference,contrast,mixed_common0,same_image,200,0,200,1.0,0.9817246596448638,1.0,200,1.0,0.9817246596448638,1.0,0,0.0,0.0,0.01827534035513624,0,0.0,0.0,0.01827534035513624,200,1.0,0.9817246596448638,1.0,19.538603378527004,15847.05191713753,1.0,811.0636983682007,125.86700638258883,0
oracle_reference,contrast,mixed_common0,independent_image,200,0,200,1.0,0.9817246596448638,1.0,200,1.0,0.9817246596448638,1.0,0,0.0,0.0,0.01827534035513624,0,0.0,0.0,0.01827534035513624,200,1.0,0.9817246596448638,1.0,19.538603378527004,15847.05191713753,1.0,811.0636983682007,125.86700638258883,0
oracle_reference,contrast,mixed_common01,same_image,200,0,200,1.0,0.9817246596448638,1.0,200,1.0,0.9817246596448638,1.0,0,0.0,0.0,0.01827534035513624,0,0.0,0.0,0.01827534035513624,200,1.0,0.9817246596448638,1.0,19.538603378527004,19193.45196220243,1.0,982.3348982709842,125.86700638258883,0
oracle_reference,contrast,mixed_common01,independent_image,200,0,200,1.0,0.9817246596448638,1.0,200,1.0,0.9817246596448638,1.0,0,0.0,0.0,0.01827534035513624,0,0.0,0.0,0.01827534035513624,200,1.0,0.9817246596448638,1.0,19.538603378527004,19193.45196220243,1.0,982.3348982709842,125.86700638258883,0
oracle_reference,contrast,gaussian_tau2_fixed,same_image,200,0,200,1.0,0.9817246596448638,1.0,200,1.0,0.9817246596448638,1.0,0,0.0,0.0,0.01827534035513624,0,0.0,0.0,0.01827534035513624,0,0.0,0.0,0.01827534035513624,3.274362924266997,3.274362924266997,0.16758428741460274,0.16758428741460274,4.898553349106667,200
oracle_reference,contrast,gaussian_tau2_fixed,independent_image,200,0,200,1.0,0.9817246596448638,1.0,200,1.0,0.9817246596448638,1.0,0,0.0,0.0,0.01827534035513624,0,0.0,0.0,0.01827534035513624,0,0.0,0.0,0.01827534035513624,3.274362924266997,3.274362924266997,0.16758428741460274,0.16758428741460274,5.697687993992289,200
oracle_reference,contrast,gaussian_tau2_pose,same_image,200,0,200,1.0,0.9817246596448638,1.0,200,1.0,0.9817246596448638,1.0,0,0.0,0.0,0.01827534035513624,0,0.0,0.0,0.01827534035513624,0,0.0,0.0,0.01827534035513624,3.275570724853508,3.275570724853508,0.16764610353129805,0.16764610353129805,4.873891838939331,200
oracle_reference,contrast,gaussian_tau2_pose,independent_image,200,0,200,1.0,0.9817246596448638,1.0,200,1.0,0.9817246596448638,1.0,0,0.0,0.0,0.01827534035513624,0,0.0,0.0,0.01827534035513624,0,0.0,0.0,0.01827534035513624,3.275570724853508,3.275570724853508,0.16764610353129805,0.16764610353129805,5.587565730276674,200
oracle_reference,contrast,gaussian_tau1_fixed,same_image,200,0,200,1.0,0.9817246596448638,1.0,200,1.0,0.9817246596448638,1.0,0,0.0,0.0,0.01827534035513624,0,0.0,0.0,0.01827534035513624,0,0.0,0.0,0.01827534035513624,1.7438150199061542,1.7438150199061542,0.08924972712341422,0.08924972712341422,2.71474477867869,200
oracle_reference,contrast,gaussian_tau1_fixed,independent_image,200,0,200,1.0,0.9817246596448638,1.0,200,1.0,0.9817246596448638,1.0,0,0.0,0.0,0.01827534035513624,0,0.0,0.0,0.01827534035513624,0,0.0,0.0,0.01827534035513624,1.7438150199061542,1.7438150199061542,0.08924972712341422,0.08924972712341422,2.9430963517236695,200
oracle_reference,contrast,gaussian_tau1_pose,same_image,200,0,200,1.0,0.9817246596448638,1.0,200,1.0,0.9817246596448638,1.0,0,0.0,0.0,0.01827534035513624,0,0.0,0.0,0.01827534035513624,0,0.0,0.0,0.01827534035513624,1.7445978173671541,1.7445978173671541,0.08928979126954761,0.08928979126954761,2.7151231689429727,200
oracle_reference,contrast,gaussian_tau1_pose,independent_image,200,0,200,1.0,0.9817246596448638,1.0,200,1.0,0.9817246596448638,1.0,0,0.0,0.0,0.01827534035513624,0,0.0,0.0,0.01827534035513624,0,0.0,0.0,0.01827534035513624,1.7445978173671541,1.7445978173671541,0.08928979126954761,0.08928979126954761,2.9853924658727267,200
independent_pilot,center,fixed_folded,same_image,200,0,200,1.0,0.9817246596448638,1.0,200,1.0,0.9817246596448638,1.0,200,1.0,0.9817246596448638,1.0,200,1.0,0.9817246596448638,1.0,0,0.0,0.0,0.01827534035513624,1.4113041455537312,1.4113041455537312,0.08722582375778871,0.08722582375778871,0.5410355039567546,200
independent_pilot,center,fixed_folded,independent_image,200,0,200,1.0,0.9817246596448638,1.0,200,1.0,0.9817246596448638,1.0,200,1.0,0.9817246596448638,1.0,200,1.0,0.9817246596448638,1.0,0,0.0,0.0,0.01827534035513624,1.4113041455537312,1.4113041455537312,0.08722582375778871,0.08722582375778871,0.5425254534101276,200
independent_pilot,center,fixed_sum,same_image,200,0,200,1.0,0.9817246596448638,1.0,200,1.0,0.9817246596448638,1.0,200,1.0,0.9817246596448638,1.0,200,1.0,0.9817246596448638,1.0,0,0.0,0.0,0.01827534035513624,1.4441257745111793,1.4441257745111793,0.089254368513294,0.089254368513294,0.5536750915839463,200
independent_pilot,center,fixed_sum,independent_image,200,0,200,1.0,0.9817246596448638,1.0,200,1.0,0.9817246596448638,1.0,200,1.0,0.9817246596448638,1.0,200,1.0,0.9817246596448638,1.0,0,0.0,0.0,0.01827534035513624,1.4441257745111793,1.4441257745111793,0.089254368513294,0.089254368513294,0.5550602921694758,200
independent_pilot,center,deterministic_pose,same_image,200,0,200,1.0,0.9817246596448638,1.0,200,1.0,0.9817246596448638,1.0,0,0.0,0.0,0.01827534035513624,0,0.0,0.0,0.01827534035513624,200,1.0,0.9817246596448638,1.0,16.179888991047914,13722.342307860676,1.0,848.1110294052721,18.35138104664821,0
independent_pilot,center,deterministic_pose,independent_image,200,0,200,1.0,0.9817246596448638,1.0,200,1.0,0.9817246596448638,1.0,0,0.0,0.0,0.01827534035513624,0,0.0,0.0,0.01827534035513624,200,1.0,0.9817246596448638,1.0,16.179888991047914,13722.342307860676,1.0,848.1110294052721,18.35138104664821,0
independent_pilot,center,mixed_common0,same_image,200,0,200,1.0,0.9817246596448638,1.0,200,1.0,0.9817246596448638,1.0,0,0.0,0.0,0.01827534035513624,0,0.0,0.0,0.01827534035513624,200,1.0,0.9817246596448638,1.0,16.179888991047914,13491.57881943414,1.0,833.8486640358798,18.35138104664821,0
independent_pilot,center,mixed_common0,independent_image,200,0,200,1.0,0.9817246596448638,1.0,200,1.0,0.9817246596448638,1.0,0,0.0,0.0,0.01827534035513624,0,0.0,0.0,0.01827534035513624,200,1.0,0.9817246596448638,1.0,16.179888991047914,13491.57881943414,1.0,833.8486640358798,18.35138104664821,0
independent_pilot,center,mixed_common01,same_image,200,0,200,1.0,0.9817246596448638,1.0,200,1.0,0.9817246596448638,1.0,0,0.0,0.0,0.01827534035513624,0,0.0,0.0,0.01827534035513624,200,1.0,0.9817246596448638,1.0,16.179888991047914,16338.859060484421,1.0,1009.8251644077695,18.35138104664821,0
independent_pilot,center,mixed_common01,independent_image,200,0,200,1.0,0.9817246596448638,1.0,200,1.0,0.9817246596448638,1.0,0,0.0,0.0,0.01827534035513624,0,0.0,0.0,0.01827534035513624,200,1.0,0.9817246596448638,1.0,16.179888991047914,16338.859060484421,1.0,1009.8251644077695,18.35138104664821,0
independent_pilot,center,gaussian_tau2_fixed,same_image,200,0,200,1.0,0.9817246596448638,1.0,200,1.0,0.9817246596448638,1.0,172,0.86,0.8040547388803857,0.9049124826409802,172,0.86,0.8040547388803857,0.9049124826409802,0,0.0,0.0,0.01827534035513624,2.214564094799956,2.214564094799956,0.13687140227137778,0.13687140227137778,0.8522824394165316,200
independent_pilot,center,gaussian_tau2_fixed,independent_image,200,0,200,1.0,0.9817246596448638,1.0,200,1.0,0.9817246596448638,1.0,164,0.82,0.7596189031159926,0.8706310716516028,164,0.82,0.7596189031159926,0.8706310716516028,0,0.0,0.0,0.01827534035513624,2.214564094799956,2.214564094799956,0.13687140227137778,0.13687140227137778,0.8570780674208028,200
independent_pilot,center,gaussian_tau2_pose,same_image,200,0,200,1.0,0.9817246596448638,1.0,200,1.0,0.9817246596448638,1.0,174,0.87,0.8153476694765874,0.9132916472314246,174,0.87,0.8153476694765874,0.9132916472314246,0,0.0,0.0,0.01827534035513624,2.2156914996232713,2.2156914996232713,0.1369410816631177,0.1369410816631177,0.8483231750696989,200
independent_pilot,center,gaussian_tau2_pose,independent_image,200,0,200,1.0,0.9817246596448638,1.0,200,1.0,0.9817246596448638,1.0,166,0.83,0.7706283996061137,0.8793043767637826,166,0.83,0.7706283996061137,0.8793043767637826,0,0.0,0.0,0.01827534035513624,2.2156914996232713,2.2156914996232713,0.1369410816631177,0.1369410816631177,0.854463863361095,200
independent_pilot,center,gaussian_tau1_fixed,same_image,200,0,200,1.0,0.9817246596448638,1.0,200,1.0,0.9817246596448638,1.0,200,1.0,0.9817246596448638,1.0,200,1.0,0.9817246596448638,1.0,0,0.0,0.0,0.01827534035513624,1.1851998109355373,1.1851998109355373,0.07325141795418313,0.07325141795418313,0.4546394413382485,200
independent_pilot,center,gaussian_tau1_fixed,independent_image,200,0,200,1.0,0.9817246596448638,1.0,200,1.0,0.9817246596448638,1.0,200,1.0,0.9817246596448638,1.0,200,1.0,0.9817246596448638,1.0,0,0.0,0.0,0.01827534035513624,1.1851998109355373,1.1851998109355373,0.07325141795418313,0.07325141795418313,0.45962157376570545,200
independent_pilot,center,gaussian_tau1_pose,same_image,200,0,200,1.0,0.9817246596448638,1.0,200,1.0,0.9817246596448638,1.0,200,1.0,0.9817246596448638,1.0,200,1.0,0.9817246596448638,1.0,0,0.0,0.0,0.01827534035513624,1.1860568629666703,1.1860568629666703,0.07330438815883702,0.07330438815883702,0.4525491455000159,200
independent_pilot,center,gaussian_tau1_pose,independent_image,200,0,200,1.0,0.9817246596448638,1.0,200,1.0,0.9817246596448638,1.0,200,1.0,0.9817246596448638,1.0,200,1.0,0.9817246596448638,1.0,0,0.0,0.0,0.01827534035513624,1.1860568629666703,1.1860568629666703,0.07330438815883702,0.07330438815883702,0.45787502219156084,200
independent_pilot,contrast,fixed_folded,same_image,200,0,200,1.0,0.9817246596448638,1.0,200,1.0,0.9817246596448638,1.0,0,0.0,0.0,0.01827534035513624,0,0.0,0.0,0.01827534035513624,0,0.0,0.0,0.01827534035513624,2.082995074130593,2.082995074130593,0.10660921017618957,0.10660921017618957,3.5695334860028343,200
independent_pilot,contrast,fixed_folded,independent_image,200,0,200,1.0,0.9817246596448638,1.0,200,1.0,0.9817246596448638,1.0,0,0.0,0.0,0.01827534035513624,0,0.0,0.0,0.01827534035513624,0,0.0,0.0,0.01827534035513624,2.082995074130593,2.082995074130593,0.10660921017618957,0.10660921017618957,3.616481773893641,200
independent_pilot,contrast,fixed_sum,same_image,200,0,200,1.0,0.9817246596448638,1.0,200,1.0,0.9817246596448638,1.0,0,0.0,0.0,0.01827534035513624,0,0.0,0.0,0.01827534035513624,0,0.0,0.0,0.01827534035513624,2.127560544791865,2.127560544791865,0.10889010353370815,0.10889010353370815,3.6464315691707565,200
independent_pilot,contrast,fixed_sum,independent_image,200,0,200,1.0,0.9817246596448638,1.0,200,1.0,0.9817246596448638,1.0,0,0.0,0.0,0.01827534035513624,0,0.0,0.0,0.01827534035513624,0,0.0,0.0,0.01827534035513624,2.127560544791865,2.127560544791865,0.10889010353370815,0.10889010353370815,3.692929896427538,200
independent_pilot,contrast,deterministic_pose,same_image,200,0,200,1.0,0.9817246596448638,1.0,200,1.0,0.9817246596448638,1.0,0,0.0,0.0,0.01827534035513624,0,0.0,0.0,0.01827534035513624,200,1.0,0.9817246596448638,1.0,19.538603378527004,17728.81357946727,1.0,907.3736354642062,125.86700638258883,0
independent_pilot,contrast,deterministic_pose,independent_image,200,0,200,1.0,0.9817246596448638,1.0,200,1.0,0.9817246596448638,1.0,0,0.0,0.0,0.01827534035513624,0,0.0,0.0,0.01827534035513624,200,1.0,0.9817246596448638,1.0,19.538603378527004,17728.81357946727,1.0,907.3736354642062,125.86700638258883,0
independent_pilot,contrast,mixed_common0,same_image,200,0,200,1.0,0.9817246596448638,1.0,200,1.0,0.9817246596448638,1.0,0,0.0,0.0,0.01827534035513624,0,0.0,0.0,0.01827534035513624,200,1.0,0.9817246596448638,1.0,19.538603378527004,17405.86831484992,1.0,890.845060808135,125.86700638258883,0
independent_pilot,contrast,mixed_common0,independent_image,200,0,200,1.0,0.9817246596448638,1.0,200,1.0,0.9817246596448638,1.0,0,0.0,0.0,0.01827534035513624,0,0.0,0.0,0.01827534035513624,200,1.0,0.9817246596448638,1.0,19.538603378527004,17405.86831484992,1.0,890.845060808135,125.86700638258883,0
independent_pilot,contrast,mixed_common01,same_image,200,0,200,1.0,0.9817246596448638,1.0,200,1.0,0.9817246596448638,1.0,0,0.0,0.0,0.01827534035513624,0,0.0,0.0,0.01827534035513624,200,1.0,0.9817246596448638,1.0,19.538603378527004,21080.727157724446,1.0,1078.9270220251383,125.86700638258883,0
independent_pilot,contrast,mixed_common01,independent_image,200,0,200,1.0,0.9817246596448638,1.0,200,1.0,0.9817246596448638,1.0,0,0.0,0.0,0.01827534035513624,0,0.0,0.0,0.01827534035513624,200,1.0,0.9817246596448638,1.0,19.538603378527004,21080.727157724446,1.0,1078.9270220251383,125.86700638258883,0
independent_pilot,contrast,gaussian_tau2_fixed,same_image,200,0,200,1.0,0.9817246596448638,1.0,200,1.0,0.9817246596448638,1.0,0,0.0,0.0,0.01827534035513624,0,0.0,0.0,0.01827534035513624,0,0.0,0.0,0.01827534035513624,3.3029998655881245,3.3029998655881245,0.16904994699969872,0.16904994699969872,6.263020547008503,200
independent_pilot,contrast,gaussian_tau2_fixed,independent_image,200,0,200,1.0,0.9817246596448638,1.0,200,1.0,0.9817246596448638,1.0,0,0.0,0.0,0.01827534035513624,0,0.0,0.0,0.01827534035513624,0,0.0,0.0,0.01827534035513624,3.3029998655881245,3.3029998655881245,0.16904994699969872,0.16904994699969872,5.574760973673422,200
independent_pilot,contrast,gaussian_tau2_pose,same_image,200,0,200,1.0,0.9817246596448638,1.0,200,1.0,0.9817246596448638,1.0,0,0.0,0.0,0.01827534035513624,0,0.0,0.0,0.01827534035513624,0,0.0,0.0,0.01827534035513624,3.304885684605423,3.304885684605423,0.1691464645951872,0.1691464645951872,6.085355787998935,200
independent_pilot,contrast,gaussian_tau2_pose,independent_image,200,0,200,1.0,0.9817246596448638,1.0,200,1.0,0.9817246596448638,1.0,0,0.0,0.0,0.01827534035513624,0,0.0,0.0,0.01827534035513624,0,0.0,0.0,0.01827534035513624,3.304885684605423,3.304885684605423,0.1691464645951872,0.1691464645951872,5.6273144211969655,200
independent_pilot,contrast,gaussian_tau1_fixed,same_image,200,0,200,1.0,0.9817246596448638,1.0,200,1.0,0.9817246596448638,1.0,0,0.0,0.0,0.01827534035513624,0,0.0,0.0,0.01827534035513624,0,0.0,0.0,0.01827534035513624,1.7591391064260637,1.7591391064260637,0.0900340250705618,0.0900340250705618,3.096668159240392,200
independent_pilot,contrast,gaussian_tau1_fixed,independent_image,200,0,200,1.0,0.9817246596448638,1.0,200,1.0,0.9817246596448638,1.0,0,0.0,0.0,0.01827534035513624,0,0.0,0.0,0.01827534035513624,0,0.0,0.0,0.01827534035513624,1.7591391064260637,1.7591391064260637,0.0900340250705618,0.0900340250705618,3.1832202177335516,200
independent_pilot,contrast,gaussian_tau1_pose,same_image,200,0,200,1.0,0.9817246596448638,1.0,200,1.0,0.9817246596448638,1.0,0,0.0,0.0,0.01827534035513624,0,0.0,0.0,0.01827534035513624,0,0.0,0.0,0.01827534035513624,1.7604737363580267,1.7604737363580267,0.09010233240584604,0.09010233240584604,3.075041044446553,200
independent_pilot,contrast,gaussian_tau1_pose,independent_image,200,0,200,1.0,0.9817246596448638,1.0,200,1.0,0.9817246596448638,1.0,0,0.0,0.0,0.01827534035513624,0,0.0,0.0,0.01827534035513624,0,0.0,0.0,0.01827534035513624,1.7604737363580267,1.7604737363580267,0.09010233240584604,0.09010233240584604,3.1449008940536993,200
