geometry,angle_deg,method,independent_designs,signal_design_pairs,minimum_analytic_coverage,mean_analytic_coverage,pooled_mc_coverage_descriptive_only,median_width_fraction_of_no_data,minimum_width_fraction_of_no_data,maximum_width_fraction_of_no_data
preferred,0.5,coarse_remainder,12,372,0.9999990194421079,0.999999997357541,1.0,1.0,0.9900749495694351,1.0
preferred,0.5,diagonal_vi,12,372,4.916444640677781e-127,0.667077129952737,0.666981182795699,0.29370993168556775,0.25646773037142445,0.3002691429097215
preferred,0.5,fixed_pose_bias_aware,12,372,0.8816687657989922,0.9850261160712754,0.9850497311827957,0.9870587673701581,0.7799198132856541,1.0
preferred,0.5,joint_gaussian,12,372,8.01734576594909e-128,0.6675781529694149,0.6675309139784946,0.2964527433746742,0.260678575216959,0.3004934341227222
preferred,0.5,linearized_nuisance,12,372,0.9466262308763469,0.9938260000777831,0.9937567204301075,0.9904825158965891,0.8153507692190082,1.0
preferred,0.5,no_data,12,372,1.0,1.0,1.0,1.0,1.0,1.0
preferred,0.5,posterior,12,372,8.380152414451274e-128,0.6675781440048826,0.6675282258064517,0.29644999292484464,0.2606702092519248,0.30049159172026246
preferred,0.5,posterior_wide,12,372,0.9566952748665538,0.9989394599439619,0.9989677419354839,1.5856111457364657,0.9282399018126309,1.7244202440522236
preferred,0.5,ridge_sampling,12,372,0.0,0.3665684529257148,0.3670483870967742,0.0684851321446586,0.05337525361600317,0.11417770383110708
preferred,0.5,structured_interaction,12,372,0.9922644793150616,0.9997963057478063,0.9998064516129033,0.9995625163100483,0.9355314369389761,1.0
preferred,0.5,unregularized,12,372,0.9275558999836775,0.949802598083297,0.9495013440860215,8601.09934546058,4.78897162863369,56562154.80880718
preferred,2.0,coarse_remainder,12,372,1.0,1.0,1.0,1.0,0.9999999999999999,1.0
preferred,2.0,diagonal_vi,12,372,4.1548662951125097e-131,0.6671027687266045,0.6670040322580645,0.29370993168556775,0.25646773037142445,0.3002691429097215
preferred,2.0,fixed_pose_bias_aware,12,372,0.7391751662233936,0.9740027695269655,0.9742594086021505,0.9870587673701581,0.7799198132856541,1.0
preferred,2.0,joint_gaussian,12,372,1.0334259900845625e-130,0.667605227299604,0.6675497311827957,0.29645841027205455,0.2606950473363306,0.3004986162223698
preferred,2.0,linearized_nuisance,12,372,0.9323473080356175,0.9950768877668912,0.9950564516129032,0.9925696264234596,0.8283112570090518,1.0
preferred,2.0,no_data,12,372,1.0,1.0,1.0,1.0,1.0,1.0
preferred,2.0,posterior,12,372,1.2961461692634763e-130,0.6676042931762712,0.6675524193548387,0.29644999292484464,0.2606702092519248,0.30049159172026246
preferred,2.0,posterior_wide,12,372,0.9333652951500477,0.9981748591347894,0.9981465053763441,1.5856111457364657,0.9282399018126309,1.7244202440522236
preferred,2.0,ridge_sampling,12,372,0.0,0.36677603202707754,0.3671424731182796,0.0684851321446586,0.05337525361600317,0.11417770383110708
preferred,2.0,structured_interaction,12,372,0.9999999975195225,0.9999999999931402,1.0,1.0,0.998746045876202,1.0
preferred,2.0,unregularized,12,372,0.8715030973159456,0.9489458084898936,0.9487271505376345,8601.09934546058,4.78897162863369,56562154.80880718
uniform,0.5,coarse_remainder,12,372,0.9999937967190616,0.9999998109624432,0.9999986559139785,0.8238329042078689,0.6740041882418979,0.9346162425713164
uniform,0.5,diagonal_vi,12,372,3.831788193817462e-17,0.6726847447040537,0.6726034946236559,0.2256511344277155,0.2066379901954598,0.2539440530653951
uniform,0.5,fixed_pose_bias_aware,12,372,0.8851209757115013,0.9618094743760284,0.9617903225806451,0.3925506093138772,0.23221428894298288,0.7448316092411686
uniform,0.5,joint_gaussian,12,372,2.7464677000178335e-18,0.6590488948814818,0.6588951612903226,0.19287969079984557,0.15652451755260013,0.23735773808260419
uniform,0.5,linearized_nuisance,12,372,0.9485068498210122,0.9725632424936282,0.972372311827957,0.42490208506012656,0.24965966262287953,0.7700628006163863
uniform,0.5,no_data,12,372,1.0,1.0,1.0,1.0,1.0,1.0
uniform,0.5,posterior,12,372,2.7673479033704694e-18,0.6590361420180297,0.6588857526881721,0.19285373654298849,0.1565141730015493,0.23734478799215664
uniform,0.5,posterior_wide,12,372,0.8969009757953863,0.9653742581972995,0.9653776881720431,0.3867564027834444,0.22986770714910917,1.0094246531678581
uniform,0.5,ridge_sampling,12,372,1.104817410277048e-28,0.5841589269325643,0.5843709677419355,0.12534745536395106,0.1065116631576304,0.14132099608984308
uniform,0.5,structured_interaction,12,372,0.9911611294565404,0.9971835723489403,0.9971975806451613,0.5566393714033433,0.37772601557207597,0.843673742892725
uniform,0.5,unregularized,12,372,0.9233745121278516,0.9471341193600137,0.9469905913978495,0.43621156750113266,0.23224486354279048,154.42263732708307
uniform,2.0,coarse_remainder,12,372,1.0,1.0,1.0,1.0,0.9486003290143933,1.0000000000000002
uniform,2.0,diagonal_vi,12,372,3.736327472449404e-18,0.6715463676324762,0.6714543010752688,0.2256511344277155,0.2066379901954598,0.2539440530653951
uniform,2.0,fixed_pose_bias_aware,12,372,0.7393769153856545,0.9505175756035007,0.9504879032258065,0.3925506093138772,0.23221428894298288,0.7448316092411686
uniform,2.0,joint_gaussian,12,372,2.410234821413117e-19,0.6583662292152949,0.6580954301075269,0.19298637519976836,0.15659414120689752,0.23738171058616753
uniform,2.0,linearized_nuisance,12,372,0.9406944462291702,0.973730027402228,0.973489247311828,0.4432756643750708,0.2685958327696944,0.7823099575132323
uniform,2.0,no_data,12,372,1.0,1.0,1.0,1.0,1.0,1.0
uniform,2.0,posterior,12,372,2.4865323085000457e-19,0.6583117076492035,0.6580483870967742,0.19285373654298849,0.1565141730015493,0.23734478799215664
uniform,2.0,posterior_wide,12,372,0.8045459425369553,0.9557483175873197,0.955771505376344,0.3867564027834444,0.22986770714910917,1.0094246531678581
uniform,2.0,ridge_sampling,12,372,5.201138158895845e-30,0.583498591989328,0.5834247311827957,0.12534745536395106,0.1065116631576304,0.14132099608984308
uniform,2.0,structured_interaction,12,372,0.9999995167049257,0.99999999673894,1.0,0.898880566068538,0.7674699801225432,0.9622394711364866
uniform,2.0,unregularized,12,372,0.8377430314186841,0.9408109359152292,0.940635752688172,0.43621156750113266,0.23224486354279048,154.42263732708307
