dataset,score,candidate,procedure,kappa,particles,probability_bound,reject_at_count,true_frequency,true_rejection,true_lower,true_upper,removed_frequency,removed_rejection,removed_lower,removed_upper
10028,power_range09_11,true,individual_ratio,1.0,1000,0.4936924952913511,521,0.4791259765625,0.004426152507373294,0.002641198568866969,0.0072199567814888186,0.46604156494140625,0.00028285176300556686,0.0001477098791748432,0.0005267877773447757
10028,power_range09_11,true,individual_ratio,1.0,10000,0.4936924952913511,5021,0.4791259765625,2.250664116728865e-06,1.4550539365310682e-07,2.6230275879525087e-05,0.46604156494140625,2.8005886187009936e-13,4.499634404140818e-15,1.3049170853654905e-11
10028,power_range09_11,true,individual_ratio,1.0,100000,0.4936924952913511,49632,0.4791259765625,7.444645064743486e-28,1.1728942537311081e-36,2.5556337068198204e-20,0.46604156494140625,3.2651553337534054e-82,3.538383311943821e-97,1.597361654261247e-68
10028,power_range09_11,true,grouped_ratio,1.0,1000,0.49172776929691225,519,0.4791259765625,0.0063657434925789074,0.0038749583565630126,0.010180810300595786,0.46604156494140625,0.0004484379518644955,0.00023902938516422485,0.0008183203603280412
10028,power_range09_11,true,grouped_ratio,1.0,10000,0.49172776929691225,5001,0.4791259765625,1.4150027827556074e-05,1.127516060838536e-06,0.00013403459387936628,0.46604156494140625,4.889700217053819e-12,9.727713352856093e-14,1.8410808674187305e-10
10028,power_range09_11,true,grouped_ratio,1.0,100000,0.49172776929691225,49435,0.4791259765625,2.973408703440039e-22,3.907990594522011e-30,1.231581230430845e-15,0.46604156494140625,3.8373842389848093e-72,3.518776260482809e-86,2.22196328044461e-59
10028,power_range09_11,true,view_variance,1.0,1000,0.4919439697894082,519,0.4791259765625,0.0063657434925789074,0.0038749583565630126,0.010180810300595786,0.46604156494140625,0.0004484379518644955,0.00023902938516422485,0.0008183203603280412
10028,power_range09_11,true,view_variance,1.0,10000,0.4919439697894082,5003,0.4791259765625,1.1855243469153478e-05,9.251635954919942e-07,0.00011464203359292917,0.46604156494140625,3.699542010772476e-12,7.20449871771475e-14,1.42293118703342e-10
10028,power_range09_11,true,view_variance,1.0,100000,0.4919439697894082,49457,0.4791259765625,7.600618816073686e-23,7.883951311673904e-31,3.98560998487138e-16,0.46604156494140625,3.1102729337959955e-73,2.246967863351275e-87,2.2854920160014713e-60
10028,power_range09_11,true,individual_ratio,1.01,1000,0.49862942024426465,526,0.4791259765625,0.001673012720849161,0.0009494596514451581,0.0028685060064807476,0.46604156494140625,8.365105745960484e-05,4.149160765003777e-05,0.00016398938716644256
10028,power_range09_11,true,individual_ratio,1.01,10000,0.49862942024426465,5070,0.4791259765625,1.296737665596958e-08,5.003338346824912e-10,2.5243402569673657e-07,0.46604156494140625,1.3045519346540939e-16,1.2400428064846736e-18,1.0262270362803265e-14
10028,power_range09_11,true,individual_ratio,1.01,100000,0.49862942024426465,50126,0.4791259765625,7.6283610619912e-45,5.813448984111869e-56,5.360497977839027e-35,0.46604156494140625,2.0153059648363195e-110,1.0289677019255745e-127,2.086253058382095e-94
10028,power_range09_11,true,grouped_ratio,1.01,1000,0.4966450469898814,524,0.4791259765625,0.0024964748708916178,0.0014456189296638178,0.0041955665200328245,0.46604156494140625,0.0001377353928343621,6.974255685466821e-05,0.00026452225042122054
10028,power_range09_11,true,grouped_ratio,1.01,10000,0.4966450469898814,5050,0.4791259765625,1.1904274464904368e-07,5.673557903391111e-09,1.8781734172219437e-06,0.46604156494140625,3.349546390857902e-15,3.945422726554507e-17,2.127271478099495e-13
10028,power_range09_11,true,grouped_ratio,1.01,100000,0.4966450469898814,49927,0.4791259765625,1.710421567269922e-37,1.1182230710930909e-47,1.4055437365972523e-28,0.46604156494140625,1.5026472229474373e-98,6.643803385705421e-115,1.7983184533493505e-83
10028,power_range09_11,true,view_variance,1.01,1000,0.494196246415653,521,0.4791259765625,0.004426152507373294,0.002641198568866969,0.0072199567814888186,0.46604156494140625,0.00028285176300556686,0.0001477098791748432,0.0005267877773447757
10028,power_range09_11,true,view_variance,1.01,10000,0.494196246415653,5026,0.4791259765625,1.3876048560274884e-06,8.512615809595649e-08,1.7035723091043516e-05,0.46604156494140625,1.3368324365356633e-13,2.0360133549905545e-15,6.570157289519615e-12
10028,power_range09_11,true,view_variance,1.01,100000,0.494196246415653,49682,0.4791259765625,2.2070081950403835e-29,2.0284341540696576e-38,1.2969719519252276e-21,0.46604156494140625,7.096630710697845e-85,4.472101248516384e-100,5.968164099640086e-71
10028,power_range09_11,true,individual_ratio,1.1,1000,0.5430617448204863,570,0.4791259765625,5.266264594919976e-09,1.89191231104751e-09,1.424350989958452e-08,0.46604156494140625,2.8522505766524787e-11,8.903172973320471e-12,8.876312433663475e-11
10028,power_range09_11,true,individual_ratio,1.1,10000,0.5430617448204863,5514,0.4791259765625,1.1910014724184312e-47,3.908681572035326e-51,2.706188761641652e-44,0.46604156494140625,1.1073391514719545e-65,8.71105000664754e-70,1.0484224067557265e-61
10028,power_range09_11,true,individual_ratio,1.1,100000,0.5430617448204863,54568,0.4791259765625,0.0,0.0,0.0,0.46604156494140625,0.0,0.0,0.0
10028,power_range09_11,true,grouped_ratio,1.1,1000,0.5409005462266036,568,0.4791259765625,1.1034573433334258e-08,4.048896069169529e-09,2.922141890299155e-08,0.46604156494140625,6.621660750850326e-11,2.111408373884615e-11,2.0173195187148514e-10
10028,power_range09_11,true,grouped_ratio,1.1,10000,0.5409005462266036,5492,0.4791259765625,6.52230609922126e-45,2.714763701819041e-48,1.168645344785291e-41,0.46604156494140625,1.9157060472149445e-62,1.912573320308261e-66,1.4293111216593152e-58
10028,power_range09_11,true,grouped_ratio,1.1,100000,0.5409005462266036,54352,0.4791259765625,0.0,0.0,0.0,0.46604156494140625,0.0,0.0,0.0
10028,power_range09_11,true,view_variance,1.1,1000,0.4990662938491016,526,0.4791259765625,0.001673012720849161,0.0009494596514451581,0.0028685060064807476,0.46604156494140625,8.365105745960484e-05,4.149160765003777e-05,0.00016398938716644256
10028,power_range09_11,true,view_variance,1.1,10000,0.4990662938491016,5074,0.4791259765625,8.16916574979413e-09,3.0213505695279837e-10,1.658712514704123e-07,0.46604156494140625,6.688582712094875e-17,6.090734664347282e-19,5.491881103002998e-15
10028,power_range09_11,true,view_variance,1.1,100000,0.4990662938491016,50169,0.4791259765625,1.6002184325400407e-46,7.662862039514125e-58,1.788488328937247e-36,0.46604156494140625,4.4537194355961466e-113,1.4262079260907289e-130,7.349402074891622e-97
10028,power_range09_11,true,individual_ratio,2.0,1000,0.9873849905827022,994,0.4791259765625,6.397194764409533e-305,2.3903379838183398e-307,1.683006591978731e-302,0.46604156494140625,0.0,0.0,0.0
10028,power_range09_11,true,individual_ratio,2.0,10000,0.9873849905827022,9893,0.4791259765625,0.0,0.0,0.0,0.46604156494140625,0.0,0.0,0.0
10028,power_range09_11,true,individual_ratio,2.0,100000,0.9873849905827022,98798,0.4791259765625,0.0,0.0,0.0,0.46604156494140625,0.0,0.0,0.0
10028,power_range09_11,true,grouped_ratio,2.0,1000,0.9834555385938245,991,0.4791259765625,1.6011961793399114e-298,6.1120211286007655e-301,4.0780199194563365e-296,0.46604156494140625,0.0,0.0,0.0
10028,power_range09_11,true,grouped_ratio,2.0,10000,0.9834555385938245,9856,0.4791259765625,0.0,0.0,0.0,0.46604156494140625,0.0,0.0,0.0
10028,power_range09_11,true,grouped_ratio,2.0,100000,0.9834555385938245,98413,0.4791259765625,0.0,0.0,0.0,0.46604156494140625,0.0,0.0,0.0
10028,power_range09_11,true,view_variance,2.0,1000,0.5144667360518564,542,0.4791259765625,3.961801041425426e-05,1.9087139688541156e-05,7.995560500894557e-05,0.46604156494140625,8.91873108725031e-07,3.74427350844433e-07,2.064683875418031e-06
10028,power_range09_11,true,view_variance,2.0,10000,0.5144667360518564,5228,0.4791259765625,1.3027617297405976e-18,9.317032477931065e-21,1.3618638427129448e-16,0.46604156494140625,3.6644576445818354e-30,6.357894312691627e-33,1.5758655178315356e-27
10028,power_range09_11,true,view_variance,2.0,100000,0.5144667360518564,51709,0.4791259765625,9.807423204800453e-128,2.7058169026125136e-146,1.8818271874543452e-110,0.46604156494140625,2.474517491000948e-229,4.355527883539612e-254,7.384703253537555e-206
10028,power_range09_11,true,individual_ratio,5.0,1000,1.0,1001,0.4791259765625,0.0,0.0,0.0,0.46604156494140625,0.0,0.0,0.0
10028,power_range09_11,true,individual_ratio,5.0,10000,1.0,10001,0.4791259765625,0.0,0.0,0.0,0.46604156494140625,0.0,0.0,0.0
10028,power_range09_11,true,individual_ratio,5.0,100000,1.0,100001,0.4791259765625,0.0,0.0,0.0,0.46604156494140625,0.0,0.0,0.0
10028,power_range09_11,true,grouped_ratio,5.0,1000,1.0,1001,0.4791259765625,0.0,0.0,0.0,0.46604156494140625,0.0,0.0,0.0
10028,power_range09_11,true,grouped_ratio,5.0,10000,1.0,10001,0.4791259765625,0.0,0.0,0.0,0.46604156494140625,0.0,0.0,0.0
10028,power_range09_11,true,grouped_ratio,5.0,100000,1.0,100001,0.4791259765625,0.0,0.0,0.0,0.46604156494140625,0.0,0.0,0.0
10028,power_range09_11,true,view_variance,5.0,1000,0.5369895023143048,564,0.4791259765625,4.619642688112225e-08,1.7681777793427714e-08,1.1728656698220405e-07,0.46604156494140625,3.402121324660029e-10,1.1319595367253823e-10,9.933569003224032e-10
10028,power_range09_11,true,view_variance,5.0,10000,0.5369895023143048,5453,0.4791259765625,2.893521411438358e-40,1.8350642969403555e-43,3.4033738269039534e-37,0.46604156494140625,6.525887073938372e-57,9.93938426426093e-61,3.1921636845254635e-53
10028,power_range09_11,true,view_variance,5.0,100000,0.5369895023143048,53961,0.4791259765625,1.131e-320,0.0,8.656671447660085e-293,0.46604156494140625,0.0,0.0,0.0
10028,power_range09_11,removed,individual_ratio,1.0,1000,0.48079964232178934,508,0.4791259765625,0.03629098807955788,0.02459040929014698,0.05220048911567277,0.46604156494140625,0.004329979348647371,0.0025797776900950975,0.007073863130758114
10028,power_range09_11,removed,individual_ratio,1.0,10000,0.48079964232178934,4892,0.4791259765625,0.022418340821642672,0.005410048642320983,0.07161068085015372,0.46604156494140625,1.841276900118466e-06,1.1632822760516118e-07,2.1951786918391733e-05
10028,power_range09_11,removed,individual_ratio,1.0,100000,0.48079964232178934,48342,0.4791259765625,0.0033166165152740752,4.727870448928062e-06,0.15862562894845783,0.46604156494140625,1.7908224650050025e-28,2.2495148073559665e-37,7.696006231389644e-21
10028,power_range09_11,removed,grouped_ratio,1.0,1000,0.4787825522526306,506,0.4791259765625,0.04756290355346888,0.03284565160080357,0.06714562068579935,0.46604156494140625,0.006232874912418892,0.003788305842970608,0.00998315181528284
10028,power_range09_11,removed,grouped_ratio,1.0,10000,0.4787825522526306,4871,0.4791259765625,0.05637004096126594,0.01665846589427439,0.14830360795246092,0.46604156494140625,1.2870242355926232e-05,1.0131488987431535e-06,0.00012337156017840444
10028,power_range09_11,removed,grouped_ratio,1.0,100000,0.4787825522526306,48141,0.4791259765625,0.07456766197683463,0.0007968910861662524,0.6071571824731843,0.46604156494140625,1.0880388906456533e-22,1.1945670294825512e-30,5.385253044809961e-16
10028,power_range09_11,removed,view_variance,1.0,1000,0.47899874908641843,506,0.4791259765625,0.04756290355346888,0.03284565160080357,0.06714562068579935,0.46604156494140625,0.006232874912418892,0.003788305842970608,0.00998315181528284
10028,power_range09_11,removed,view_variance,1.0,10000,0.47899874908641843,4874,0.4791259765625,0.04987926987976806,0.014324763879418908,0.13484820338754233,0.46604156494140625,9.850312818849812e-06,7.514909364677338e-07,9.740172941029043e-05
10028,power_range09_11,removed,view_variance,1.0,100000,0.47899874908641843,48162,0.4791259765625,0.05756973890858891,0.0005009963134722799,0.5552796145864891,0.46604156494140625,2.917178012287371e-23,2.5540967095634193e-31,1.8091254349595398e-16
10028,power_range09_11,removed,individual_ratio,1.01,1000,0.48560763874500723,513,0.4791259765625,0.017356697544925144,0.011207430537880718,0.026183026053941374,0.46604156494140625,0.0016332508166976554,0.0009253591741082676,0.0028048686597264647
10028,power_range09_11,removed,individual_ratio,1.01,10000,0.48560763874500723,4940,0.4791259765625,0.001506059828455355,0.0002250462423738324,0.007671794090707738,0.46604156494140625,1.1408873702815538e-08,4.3433291069772755e-10,2.2503643361319893e-07
10028,power_range09_11,removed,individual_ratio,1.01,100000,0.48560763874500723,48823,0.4791259765625,4.243554478638773e-09,3.912519913498915e-14,2.6306366121161456e-05,0.46604156494140625,3.8129024061686415e-45,2.644216216904791e-56,2.939043001713128e-35
10028,power_range09_11,removed,grouped_ratio,1.01,1000,0.48357037777515693,511,0.4791259765625,0.02356164085860435,0.015511972991183655,0.03486823177759701,0.46604156494140625,0.002439128764774134,0.0014101264328685637,0.004105680920518999
10028,power_range09_11,removed,grouped_ratio,1.01,10000,0.48357037777515693,4919,0.4791259765625,0.005442363366075818,0.0010052345765996095,0.022531503217790506,0.46604156494140625,1.1773318843002466e-07,5.5971339588623305e-09,1.861799577873589e-06
10028,power_range09_11,removed,grouped_ratio,1.01,100000,0.48357037777515693,48620,0.4791259765625,3.838889500228991e-06,3.034309703257699e-10,0.0028965137854226617,0.46604156494140625,1.2733384848781163e-37,7.936034212469965e-48,1.095854327202594e-28
10028,power_range09_11,removed,view_variance,1.01,1000,0.48126487718657424,508,0.4791259765625,0.03629098807955788,0.02459040929014698,0.05220048911567277,0.46604156494140625,0.004329979348647371,0.0025797776900950975,0.007073863130758114
10028,power_range09_11,removed,view_variance,1.01,10000,0.48126487718657424,4896,0.4791259765625,0.018479560992427306,0.004288211768155559,0.061302982680786974,0.46604156494140625,1.247137835809819e-06,7.55490868913382e-08,1.5501802080029184e-05
10028,power_range09_11,removed,view_variance,1.01,100000,0.48126487718657424,48389,0.4791259765625,0.0012969714907818848,1.1408548994020102e-06,0.09722144309479354,0.46604156494140625,6.311870195743105e-30,4.773366160608401e-39,4.499762338489721e-22
10028,power_range09_11,removed,individual_ratio,1.1,1000,0.5288796065539684,556,0.4791259765625,6.700913851405451e-07,2.789920166652945e-07,1.5642486104870394e-06,0.46604156494140625,7.4229633045242325e-09,2.6885442283431845e-09,1.9912602109875638e-08
10028,power_range09_11,removed,individual_ratio,1.1,10000,0.5288796065539684,5372,0.4791259765625,1.8492421545287412e-31,2.809962857416806e-34,9.083227900251779e-29,0.46604156494140625,2.8668297865063907e-46,1.0492339944759742e-49,5.8382614340909685e-43
10028,power_range09_11,removed,individual_ratio,1.1,100000,0.5288796065539684,53150,0.4791259765625,5.1491215727519926e-241,2.3367770244357133e-266,5.98159208211631e-217,0.46604156494140625,0.0,0.0,0.0
10028,power_range09_11,removed,grouped_ratio,1.1,1000,0.5266608074778937,554,0.4791259765625,1.2574405745086041e-06,5.346242070355731e-07,2.8745939238387223e-06,0.46604156494140625,1.542139896645513e-08,5.705010978016844e-09,4.050389576637271e-08
10028,power_range09_11,removed,grouped_ratio,1.1,10000,0.5266608074778937,5350,0.4791259765625,2.896737358045611e-29,5.579270338858148e-32,1.1227309216433983e-26,0.46604156494140625,1.4154327782023415e-43,6.572216450472035e-47,2.2723561805747704e-40
10028,power_range09_11,removed,grouped_ratio,1.1,100000,0.5266608074778937,52928,0.4791259765625,3.2952577553063654e-221,1.6602820426027703e-245,3.449740675651796e-198,0.46604156494140625,0.0,0.0,2.38e-321
10028,power_range09_11,removed,view_variance,1.1,1000,0.486164875352621,513,0.4791259765625,0.017356697544925144,0.011207430537880718,0.026183026053941374,0.46604156494140625,0.0016332508166976554,0.0009253591741082676,0.0028048686597264647
10028,power_range09_11,removed,view_variance,1.1,10000,0.486164875352621,4945,0.4791259765625,0.0010828188901813925,0.00015377612964809583,0.005798317536432181,0.46604156494140625,6.381458447189839e-09,2.303983348761839e-10,1.3269114076896932e-07
10028,power_range09_11,removed,view_variance,1.1,100000,0.486164875352621,48879,0.4791259765625,4.894378451837044e-10,2.4867389015623063e-15,5.462230109810412e-06,0.46604156494140625,2.4007638727049107e-47,9.082189489914618e-59,3.389616131756433e-37
10028,power_range09_11,removed,individual_ratio,2.0,1000,0.9615992846435787,972,0.4791259765625,6.721275764813806e-265,3.146758385984012e-267,1.393117442015865e-262,0.46604156494140625,0.0,0.0,0.0
10028,power_range09_11,removed,individual_ratio,2.0,10000,0.9615992846435787,9649,0.4791259765625,0.0,0.0,0.0,0.46604156494140625,0.0,0.0,0.0
10028,power_range09_11,removed,individual_ratio,2.0,100000,0.9615992846435787,96261,0.4791259765625,0.0,0.0,0.0,0.46604156494140625,0.0,0.0,0.0
10028,power_range09_11,removed,grouped_ratio,2.0,1000,0.9575651045052612,969,0.4791259765625,2.9402241972610445e-260,1.4242151778729953e-262,5.899232531306202e-258,0.46604156494140625,0.0,0.0,0.0
10028,power_range09_11,removed,grouped_ratio,2.0,10000,0.9575651045052612,9610,0.4791259765625,0.0,0.0,0.0,0.46604156494140625,0.0,0.0,0.0
10028,power_range09_11,removed,grouped_ratio,2.0,100000,0.9575651045052612,95863,0.4791259765625,0.0,0.0,0.0,0.46604156494140625,0.0,0.0,0.0
10028,power_range09_11,removed,view_variance,2.0,1000,0.5016600300879765,529,0.4791259765625,0.0008925502752464011,0.0004913798122096069,0.0015772662100394048,0.46604156494140625,3.847770819187899e-05,1.850163217732189e-05,7.780221330110098e-05
10028,power_range09_11,removed,view_variance,2.0,10000,0.5016600300879765,5100,0.4791259765625,3.4814183718979503e-10,9.773085048090006e-12,9.302494968374536e-09,0.46604156494140625,7.458047290797779e-19,5.136951695670466e-21,8.09207504585984e-17
10028,power_range09_11,removed,view_variance,2.0,100000,0.5016600300879765,50429,0.4791259765625,2.3735401047762714e-57,6.837245181307568e-70,4.3965518891072004e-46,0.46604156494140625,8.100013947510453e-130,1.544359273853286e-148,2.2421472180611614e-112
10028,power_range09_11,removed,individual_ratio,5.0,1000,1.0,1001,0.4791259765625,0.0,0.0,0.0,0.46604156494140625,0.0,0.0,0.0
10028,power_range09_11,removed,individual_ratio,5.0,10000,1.0,10001,0.4791259765625,0.0,0.0,0.0,0.46604156494140625,0.0,0.0,0.0
10028,power_range09_11,removed,individual_ratio,5.0,100000,1.0,100001,0.4791259765625,0.0,0.0,0.0,0.46604156494140625,0.0,0.0,0.0
10028,power_range09_11,removed,grouped_ratio,5.0,1000,1.0,1001,0.4791259765625,0.0,0.0,0.0,0.46604156494140625,0.0,0.0,0.0
10028,power_range09_11,removed,grouped_ratio,5.0,10000,1.0,10001,0.4791259765625,0.0,0.0,0.0,0.46604156494140625,0.0,0.0,0.0
10028,power_range09_11,removed,grouped_ratio,5.0,100000,1.0,100001,0.4791259765625,0.0,0.0,0.0,0.46604156494140625,0.0,0.0,0.0
10028,power_range09_11,removed,view_variance,5.0,1000,0.5243213110895347,551,0.4791259765625,3.139165110546412e-06,1.3772203676402343e-06,6.9551816796146326e-06,0.46604156494140625,4.4836073223485096e-08,1.7121078968350436e-08,1.1409167160763016e-07
10028,power_range09_11,removed,view_variance,5.0,10000,0.5243213110895347,5327,0.4791259765625,4.644547722200022e-27,1.1460231322586474e-29,1.4054729921047065e-24,0.46604156494140625,7.532301049929273e-41,4.485048430760847e-44,9.431098415736125e-38
10028,power_range09_11,removed,view_variance,5.0,100000,0.5243213110895347,52694,0.4791259765625,2.9212254017220886e-201,1.8607289897181356e-224,2.420395425520262e-179,0.46604156494140625,0.0,0.0,3.569685000354408e-297
10028,power_bispectrum_range09_11,true,individual_ratio,1.0,1000,0.492313014732982,519,0.47475433349609375,0.002817997577974306,0.0016417713471067092,0.00470730951068592,0.4572906494140625,5.28145081999524e-05,2.5701693781002025e-05,0.00010552007343271808
10028,power_bispectrum_range09_11,true,individual_ratio,1.0,10000,0.492313014732982,5007,0.47475433349609375,1.0946098653917345e-07,5.171532481070778e-09,1.7419549599092717e-06,0.4572906494140625,1.847558483694704e-18,1.341147907436267e-20,1.9018562084923797e-16
10028,power_bispectrum_range09_11,true,individual_ratio,1.0,100000,0.492313014732982,49494,0.47475433349609375,1.1637370077290854e-37,7.207750504161095e-48,1.0088252117628212e-28,0.4572906494140625,4.4183381093960843e-126,1.525466610303325e-144,6.742539363378523e-109
10028,power_bispectrum_range09_11,true,grouped_ratio,1.0,1000,0.48951584517324076,517,0.47475433349609375,0.004124177640642993,0.002451375352482409,0.00675354052550945,0.4572906494140625,8.815297657472582e-05,4.379684430086944e-05,0.00017252647349444766
10028,power_bispectrum_range09_11,true,grouped_ratio,1.0,10000,0.48951584517324076,4979,0.47475433349609375,1.8967584131406492e-06,1.2031259891368123e-07,2.2526227021770246e-05,0.4572906494140625,2.1919958622979694e-16,2.1500075069999795e-18,1.670842257050186e-14
10028,power_bispectrum_range09_11,true,grouped_ratio,1.0,100000,0.48951584517324076,49214,0.47475433349609375,1.8845048827528251e-28,2.396114641400408e-37,8.008083302326622e-21,0.4572906494140625,2.2849271681051256e-108,1.6527165511069948e-125,1.6669704473904372e-92
10028,power_bispectrum_range09_11,true,view_variance,1.0,1000,0.4897324730914151,517,0.47475433349609375,0.004124177640642993,0.002451375352482409,0.00675354052550945,0.4572906494140625,8.815297657472582e-05,4.379684430086944e-05,0.00017252647349444766
10028,power_bispectrum_range09_11,true,view_variance,1.0,10000,0.4897324730914151,4981,0.47475433349609375,1.5627489235365863e-06,9.706782820313531e-08,1.8950084141889575e-05,0.4572906494140625,1.5744756916058859e-16,1.5114911107285414e-18,1.2261511240982915e-14
10028,power_bispectrum_range09_11,true,view_variance,1.0,100000,0.4897324730914151,49236,0.47475433349609375,3.9862643678022506e-29,3.9980082117158055e-38,2.146209950676621e-21,0.4572906494140625,1.0382550027496597e-109,5.9133771316910216e-127,9.618291874062565e-94
10028,power_bispectrum_range09_11,true,individual_ratio,1.01,1000,0.4972361448803118,524,0.47475433349609375,0.0010193466388448834,0.0005646382595327593,0.0017903620898355854,0.4572906494140625,1.3726335776501795e-05,6.3412942655066015e-06,2.8883175628180908e-05
10028,power_bispectrum_range09_11,true,individual_ratio,1.01,10000,0.4972361448803118,5056,0.47475433349609375,3.576457240370566e-10,1.0056034651939452e-11,9.540446624653481e-09,0.4572906494140625,2.0553737843630365e-22,8.802181678002618e-25,3.583516230521467e-20
10028,power_bispectrum_range09_11,true,individual_ratio,1.01,100000,0.4972361448803118,49986,0.47475433349609375,4.0078481992369973e-57,1.2158488885075283e-69,7.045111820301783e-46,0.4572906494140625,1.6830442644251495e-160,2.7671120160210036e-181,5.380908103800539e-141
10028,power_bispectrum_range09_11,true,grouped_ratio,1.01,1000,0.49441100362497314,522,0.47475433349609375,0.0015481440849923662,0.0008750986030324549,0.0026649240016439874,0.4572906494140625,2.3802089032226063e-05,1.1227610477633622e-05,4.9055273261789116e-05
10028,power_bispectrum_range09_11,true,grouped_ratio,1.01,10000,0.49441100362497314,5028,0.47475433349609375,1.055903144927491e-08,3.9956781285435494e-10,2.0955227471744245e-07,0.4572906494140625,4.194254831610386e-20,2.42869126881349e-22,5.410522413079704e-18
10028,power_bispectrum_range09_11,true,grouped_ratio,1.01,100000,0.49441100362497314,49704,0.47475433349609375,1.8638855409476174e-45,1.1936923057774817e-56,1.5573271847480255e-35,0.4572906494140625,2.9359587622367226e-140,1.0346717556598368e-159,4.384799932696776e-122
10028,power_bispectrum_range09_11,true,view_variance,1.01,1000,0.49197691069632227,519,0.47475433349609375,0.002817997577974306,0.0016417713471067092,0.00470730951068592,0.4572906494140625,5.28145081999524e-05,2.5701693781002025e-05,0.00010552007343271808
10028,power_bispectrum_range09_11,true,view_variance,1.01,10000,0.49197691069632227,5003,0.47475433349609375,1.6760474974435806e-07,8.259757306049661e-09,2.5577003039745423e-06,0.4572906494140625,3.725195068255259e-18,2.823018848030488e-20,3.673448796861563e-16
10028,power_bispectrum_range09_11,true,view_variance,1.01,100000,0.49197691069632227,49460,0.47475433349609375,1.8043201044275394e-36,1.6133377257288583e-46,1.084140554695565e-27,0.4572906494140625,7.391341028565201e-124,3.692444080321279e-142,7.796833758519474e-107
10028,power_bispectrum_range09_11,true,individual_ratio,1.1,1000,0.5415443162062803,569,0.47475433349609375,1.4666636708001442e-09,5.081941703711021e-10,4.11255593386172e-09,0.4572906494140625,9.3415660675371e-13,2.6799658757702803e-13,3.162634691167334e-12
10028,power_bispectrum_range09_11,true,individual_ratio,1.1,10000,0.5415443162062803,5499,0.47475433349609375,2.3844017950993466e-51,5.718028263858051e-55,7.411986032381319e-48,0.4572906494140625,5.3980022394166805e-77,1.908766984384122e-81,1.1361205449333944e-72
10028,power_bispectrum_range09_11,true,individual_ratio,1.1,100000,0.5415443162062803,54416,0.47475433349609375,0.0,0.0,0.0,0.4572906494140625,0.0,0.0,0.0
10028,power_bispectrum_range09_11,true,grouped_ratio,1.1,1000,0.5384674296905648,566,0.47475433349609375,4.59930166611368e-09,1.645092667931273e-09,1.2493782954856007e-08,0.4572906494140625,3.5996283442909132e-12,1.0663312453825206e-12,1.1802583715922224e-11
10028,power_bispectrum_range09_11,true,grouped_ratio,1.1,10000,0.5384674296905648,5468,0.47475433349609375,2.319760939671535e-47,7.777665965776285e-51,5.158534890840341e-44,0.4572906494140625,4.589710728237988e-72,2.2720354916657067e-76,6.901220177401817e-68
10028,power_bispectrum_range09_11,true,grouped_ratio,1.1,100000,0.5384674296905648,54109,0.47475433349609375,0.0,0.0,0.0,0.4572906494140625,0.0,0.0,0.0
10028,power_bispectrum_range09_11,true,view_variance,1.1,1000,0.49683000798905486,524,0.47475433349609375,0.0010193466388448834,0.0005646382595327593,0.0017903620898355854,0.4572906494140625,1.3726335776501795e-05,6.3412942655066015e-06,2.8883175628180908e-05
10028,power_bispectrum_range09_11,true,view_variance,1.1,10000,0.49683000798905486,5052,0.47475433349609375,5.910349651389202e-10,1.73397671587926e-11,1.5112732376658408e-08,0.4572906494140625,4.478250118592118e-22,2.002319926901987e-24,7.478698914920538e-20
10028,power_bispectrum_range09_11,true,view_variance,1.1,100000,0.49683000798905486,49946,0.47475433349609375,2.1958431074445337e-55,1.0268565149460623e-67,2.505086871602581e-44,0.4572906494140625,1.5177879383325984e-157,3.8545004453059084e-178,3.1421136258263555e-138
10028,power_bispectrum_range09_11,true,individual_ratio,2.0,1000,0.984626029465964,992,0.47475433349609375,1.3278164829965619e-304,0.0,4.347966173590239e-302,0.4572906494140625,0.0,0.0,0.0
10028,power_bispectrum_range09_11,true,individual_ratio,2.0,10000,0.984626029465964,9867,0.47475433349609375,0.0,0.0,0.0,0.4572906494140625,0.0,0.0,0.0
10028,power_bispectrum_range09_11,true,individual_ratio,2.0,100000,0.984626029465964,98528,0.47475433349609375,0.0,0.0,0.0,0.4572906494140625,0.0,0.0,0.0
10028,power_bispectrum_range09_11,true,grouped_ratio,2.0,1000,0.9790316903464815,987,0.47475433349609375,1.642865563245376e-294,0.0,4.217758777067419e-292,0.4572906494140625,0.0,0.0,0.0
10028,power_bispectrum_range09_11,true,grouped_ratio,2.0,10000,0.9790316903464815,9815,0.47475433349609375,0.0,0.0,0.0,0.4572906494140625,0.0,0.0,0.0
10028,power_bispectrum_range09_11,true,grouped_ratio,2.0,100000,0.9790316903464815,97979,0.47475433349609375,0.0,0.0,0.0,0.4572906494140625,0.0,0.0,0.0
10028,power_bispectrum_range09_11,true,view_variance,2.0,1000,0.5121768491404868,539,0.47475433349609375,2.7443540172476916e-05,1.3031035553071693e-05,5.619251749590835e-05,0.4572906494140625,1.352620897417288e-07,5.338484257195293e-08,3.3302351389344314e-07
10028,power_bispectrum_range09_11,true,view_variance,2.0,10000,0.5121768491404868,5205,0.47475433349609375,3.032003252772662e-20,1.732490639745154e-22,3.965324457677277e-18,0.4572906494140625,5.624688769372168e-37,4.816485677804143e-40,4.896706747176787e-34
10028,power_bispectrum_range09_11,true,view_variance,2.0,100000,0.5121768491404868,51480,0.47475433349609375,6.464096696690276e-142,1.8354511757786763e-161,1.2029964035941311e-123,0.4572906494140625,9.243057572719709e-291,1.338883e-318,3.3355730628237636e-264
10028,power_bispectrum_range09_11,true,individual_ratio,5.0,1000,1.0,1001,0.47475433349609375,0.0,0.0,0.0,0.4572906494140625,0.0,0.0,0.0
10028,power_bispectrum_range09_11,true,individual_ratio,5.0,10000,1.0,10001,0.47475433349609375,0.0,0.0,0.0,0.4572906494140625,0.0,0.0,0.0
10028,power_bispectrum_range09_11,true,individual_ratio,5.0,100000,1.0,100001,0.47475433349609375,0.0,0.0,0.0,0.4572906494140625,0.0,0.0,0.0
10028,power_bispectrum_range09_11,true,grouped_ratio,5.0,1000,1.0,1001,0.47475433349609375,0.0,0.0,0.0,0.4572906494140625,0.0,0.0,0.0
10028,power_bispectrum_range09_11,true,grouped_ratio,5.0,10000,1.0,10001,0.47475433349609375,0.0,0.0,0.0,0.4572906494140625,0.0,0.0,0.0
10028,power_bispectrum_range09_11,true,grouped_ratio,5.0,100000,1.0,100001,0.47475433349609375,0.0,0.0,0.0,0.4572906494140625,0.0,0.0,0.0
10028,power_bispectrum_range09_11,true,view_variance,5.0,1000,0.5346212251895585,562,0.47475433349609375,1.9971024536511647e-08,7.451890324714872e-09,5.2007263352209883e-08,0.4572906494140625,2.0563606505848706e-11,6.357408670658961e-12,6.460909887854948e-11
10028,power_bispectrum_range09_11,true,view_variance,5.0,10000,0.5346212251895585,5430,0.47475433349609375,1.0601786264468153e-42,5.359362351346541e-46,1.563958407444319e-39,0.4572906494140625,2.9883435162114544e-66,2.234204084778985e-70,2.975670362696634e-62
10028,power_bispectrum_range09_11,true,view_variance,5.0,100000,0.5346212251895585,53724,0.47475433349609375,0.0,0.0,2.7391795539e-313,0.4572906494140625,0.0,0.0,0.0
10028,power_bispectrum_range09_11,removed,individual_ratio,1.0,1000,0.47358859358826977,501,0.47475433349609375,0.05158018842380123,0.03582683556409843,0.07240227872127306,0.4572906494140625,0.003086575905299796,0.001805774968588533,0.005134429151496619
10028,power_bispectrum_range09_11,removed,individual_ratio,1.0,10000,0.47358859358826977,4820,0.47475433349609375,0.07482018094701504,0.023680304745021846,0.18445250822220186,0.4572906494140625,3.8222472887479036e-07,2.043810087926809e-08,5.377247574550933e-06
10028,power_bispectrum_range09_11,removed,individual_ratio,1.0,100000,0.47358859358826977,47621,0.47475433349609375,0.17913619581951623,0.004230703873966218,0.7869356535846913,0.4572906494140625,1.8896154219311143e-33,4.369411477109202e-43,4.389908906206458e-25
10028,power_bispectrum_range09_11,removed,grouped_ratio,1.0,1000,0.4706904243624346,498,0.47475433349609375,0.07493981450371855,0.053531242635797664,0.1023321378228462,0.4572906494140625,0.005407857690764774,0.003260356849667465,0.008731440980299236
10028,power_bispectrum_range09_11,removed,grouped_ratio,1.0,10000,0.4706904243624346,4791,0.47475433349609375,0.19481942320552237,0.08038565070335617,0.3752267458134828,0.4572906494140625,6.4046523281462e-06,4.6461272286488306e-07,6.656640402978403e-05
10028,power_bispectrum_range09_11,removed,grouped_ratio,1.0,100000,0.4706904243624346,47331,0.47475433349609375,0.8206385064270203,0.21288644549532298,0.99575747531825,0.4572906494140625,1.53967751026015e-24,8.183071145800234e-33,1.5690871490772344e-17
10028,power_bispectrum_range09_11,removed,view_variance,1.0,1000,0.4709071035728466,498,0.47475433349609375,0.07493981450371855,0.053531242635797664,0.1023321378228462,0.4572906494140625,0.005407857690764774,0.003260356849667465,0.008731440980299236
10028,power_bispectrum_range09_11,removed,view_variance,1.0,10000,0.4709071035728466,4793,0.47475433349609375,0.18397707770167976,0.07457712121632269,0.36014252205499636,0.4572906494140625,5.328299225587758e-06,3.7851055387189396e-07,5.654270669299324e-05
10028,power_bispectrum_range09_11,removed,view_variance,1.0,100000,0.4709071035728466,47353,0.47475433349609375,0.7818541510878381,0.1746906637844524,0.9936632688238124,0.4572906494140625,3.6504392019770845e-25,1.529867643967621e-33,4.714221577272364e-18
10028,power_bispectrum_range09_11,removed,individual_ratio,1.01,1000,0.47832447952415247,505,0.47475433349609375,0.02986864384866494,0.019971906163850237,0.0435288405839062,0.4572906494140625,0.0013878761983143841,0.0007798095344387585,0.002403252612356089
10028,power_bispectrum_range09_11,removed,individual_ratio,1.01,10000,0.47832447952415247,4867,0.47475433349609375,0.008621673466474928,0.0017288923162702896,0.03294777962029255,0.4572906494140625,1.9848344408974546e-09,6.449954425701419e-11,4.58257296666679e-08
10028,power_bispectrum_range09_11,removed,individual_ratio,1.01,100000,0.47832447952415247,48095,0.47475433349609375,4.4347434041171135e-05,8.789390494187818e-09,0.013731908036256334,0.4572906494140625,3.7960862993458686e-51,5.171318205385513e-63,1.48471754940064e-40
10028,power_bispectrum_range09_11,removed,grouped_ratio,1.01,1000,0.47539732860605893,503,0.47475433349609375,0.039524908845071684,0.026938596668365,0.056525209568167395,0.4572906494140625,0.0020850979905734303,0.001195523317573094,0.0035386445139978773
10028,power_bispectrum_range09_11,removed,grouped_ratio,1.01,10000,0.47539732860605893,4838,0.47475433349609375,0.035844609728244645,0.009555125614837331,0.10405430476151954,0.4572906494140625,5.641982596023447e-08,2.4941342893116317e-09,9.58986204192469e-07
10028,power_bispectrum_range09_11,removed,grouped_ratio,1.01,100000,0.47539732860605893,47802,0.47475433349609375,0.019476073812608793,7.8662081054774e-05,0.3631320743965031,0.4572906494140625,9.49789837192315e-40,3.0956174926242e-50,1.5597008158876736e-30
10028,power_bispectrum_range09_11,removed,view_variance,1.01,1000,0.4732768223173809,500,0.47475433349609375,0.05861957715019302,0.04110051557232995,0.08152607932215292,0.4572906494140625,0.0037346726730885264,0.0022069946853832036,0.006150880878401493
10028,power_bispectrum_range09_11,removed,view_variance,1.01,10000,0.4732768223173809,4816,0.47475433349609375,0.08679867660903987,0.02852112559602569,0.20654591897039956,0.4572906494140625,5.748513700419658e-07,3.2062778475405966e-08,7.755221432160232e-06
10028,power_bispectrum_range09_11,removed,view_variance,1.01,100000,0.4732768223173809,47590,0.47475433349609375,0.2350343163741311,0.007409575757706892,0.8394283917850917,0.4572906494140625,1.9875646201754632e-32,6.427302965789006e-42,3.304145754396275e-24
10028,power_bispectrum_range09_11,removed,individual_ratio,1.1,1000,0.5209474529470968,548,0.47475433349609375,2.0751579807037926e-06,8.97135107062743e-07,4.665571565721861e-06,0.4572906494140625,5.5574490355500015e-09,1.994124513859862e-09,1.5047492634596446e-08
10028,power_bispectrum_range09_11,removed,individual_ratio,1.1,10000,0.5209474529470968,5293,0.47475433349609375,5.520646336831701e-28,1.2238229482245602e-30,1.8590423065111457e-25,0.4572906494140625,2.2231364296723502e-47,7.341092576288135e-51,5.015803648594271e-44
10028,power_bispectrum_range09_11,removed,individual_ratio,1.1,100000,0.5209474529470968,52357,0.47475433349609375,9.866338130081368e-210,2.075193319234267e-233,2.4719549025237655e-187,0.4572906494140625,0.0,0.0,0.0
10028,power_bispectrum_range09_11,removed,grouped_ratio,1.1,1000,0.5177594667986781,545,0.47475433349609375,5.0811233821015735e-06,2.26663736804715e-06,1.1072182361313572e-05,0.4572906494140625,1.668349566032684e-08,6.179806272269343e-09,4.376107213547693e-08
10028,power_bispectrum_range09_11,removed,grouped_ratio,1.1,10000,0.5177594667986781,5261,0.47475433349609375,5.140955576922377e-25,1.6085752763266797e-27,1.2269309748368697e-22,0.4572906494140625,1.928219419160632e-43,9.005274678974188e-47,3.0766296962207733e-40
10028,power_bispectrum_range09_11,removed,grouped_ratio,1.1,100000,0.5177594667986781,52038,0.47475433349609375,1.6153208679839144e-183,1.0807878053835998e-205,1.273386542850253e-162,0.4572906494140625,0.0,0.0,3.6615e-320
10028,power_bispectrum_range09_11,removed,view_variance,1.1,1000,0.47840081221956965,506,0.47475433349609375,0.025828713647539338,0.017105244170221467,0.038000590225971805,0.4572906494140625,0.0011260147564483847,0.0006262841225664582,0.0019695952531447714
10028,power_bispectrum_range09_11,removed,view_variance,1.1,10000,0.47840081221956965,4868,0.47475433349609375,0.008164237710103524,0.0016209366914673223,0.03150334937742603,0.4572906494140625,1.7581555511568554e-09,5.6528935640942995e-11,4.1024325169490384e-08
10028,power_bispectrum_range09_11,removed,view_variance,1.1,100000,0.47840081221956965,48102,0.47475433349609375,3.6865300290523615e-05,6.790141565321867e-09,0.012250855743512855,0.4572906494140625,1.9446370143992337e-51,2.4555274938241144e-63,8.204752337133398e-41
10028,power_bispectrum_range09_11,removed,individual_ratio,2.0,1000,0.9471771871765395,960,0.47475433349609375,9.691057524482105e-251,4.917640083342528e-253,1.8531617714747667e-248,0.4572906494140625,8.46965038490973e-266,3.508628858584787e-268,1.982827879486476e-263
10028,power_bispectrum_range09_11,removed,individual_ratio,2.0,10000,0.9471771871765395,9510,0.47475433349609375,0.0,0.0,0.0,0.4572906494140625,0.0,0.0,0.0
10028,power_bispectrum_range09_11,removed,individual_ratio,2.0,100000,0.9471771871765395,94835,0.47475433349609375,0.0,0.0,0.0,0.4572906494140625,0.0,0.0,0.0
10028,power_bispectrum_range09_11,removed,grouped_ratio,2.0,1000,0.9413808487248692,954,0.47475433349609375,2.043199187325916e-242,1.1065159182887247e-244,3.6609657291233484e-240,0.4572906494140625,2.719602954365127e-257,1.2025688771918407e-259,5.964847841844348e-255
10028,power_bispectrum_range09_11,removed,grouped_ratio,2.0,10000,0.9413808487248692,9453,0.47475433349609375,0.0,0.0,0.0,0.4572906494140625,0.0,0.0,0.0
10028,power_bispectrum_range09_11,removed,grouped_ratio,2.0,100000,0.9413808487248692,94262,0.47475433349609375,0.0,0.0,0.0,0.4572906494140625,0.0,0.0,0.0
10028,power_bispectrum_range09_11,removed,view_variance,2.0,1000,0.49460429101818953,522,0.47475433349609375,0.0015481440849923662,0.0008750986030324549,0.0026649240016439874,0.4572906494140625,2.3802089032226063e-05,1.1227610477633622e-05,4.9055273261789116e-05
10028,power_bispectrum_range09_11,removed,view_variance,2.0,10000,0.49460429101818953,5030,0.47475433349609375,8.375557401245686e-09,3.1030084648548035e-10,1.6976020901142147e-07,0.4572906494140625,2.8982748265199555e-20,1.642493205651321e-22,3.820000662043652e-18
10028,power_bispectrum_range09_11,removed,view_variance,2.0,100000,0.49460429101818953,49723,0.47475433349609375,3.369142984913651e-46,1.7570766081408666e-57,3.4559414513508665e-36,0.4572906494140625,1.4037502687458792e-141,4.024062866661416e-161,2.5770800788115422e-123
10028,power_bispectrum_range09_11,removed,individual_ratio,5.0,1000,1.0,1001,0.47475433349609375,0.0,0.0,0.0,0.4572906494140625,0.0,0.0,0.0
10028,power_bispectrum_range09_11,removed,individual_ratio,5.0,10000,1.0,10001,0.47475433349609375,0.0,0.0,0.0,0.4572906494140625,0.0,0.0,0.0
10028,power_bispectrum_range09_11,removed,individual_ratio,5.0,100000,1.0,100001,0.47475433349609375,0.0,0.0,0.0,0.4572906494140625,0.0,0.0,0.0
10028,power_bispectrum_range09_11,removed,grouped_ratio,5.0,1000,1.0,1001,0.47475433349609375,0.0,0.0,0.0,0.4572906494140625,0.0,0.0,0.0
10028,power_bispectrum_range09_11,removed,grouped_ratio,5.0,10000,1.0,10001,0.47475433349609375,0.0,0.0,0.0,0.4572906494140625,0.0,0.0,0.0
10028,power_bispectrum_range09_11,removed,grouped_ratio,5.0,100000,1.0,100001,0.47475433349609375,0.0,0.0,0.0,0.4572906494140625,0.0,0.0,0.0
10028,power_bispectrum_range09_11,removed,view_variance,5.0,1000,0.5183014784635325,545,0.47475433349609375,5.0811233821015735e-06,2.26663736804715e-06,1.1072182361313572e-05,0.4572906494140625,1.668349566032684e-08,6.179806272269343e-09,4.376107213547693e-08
10028,power_bispectrum_range09_11,removed,view_variance,5.0,10000,0.5183014784635325,5267,0.47475433349609375,1.4717035843730432e-25,4.316836511529609e-28,3.7464497660564336e-23,0.4572906494140625,3.6330323528989377e-44,1.5899635661241896e-47,6.185761224145216e-41
10028,power_bispectrum_range09_11,removed,view_variance,5.0,100000,0.5183014784635325,52093,0.47475433349609375,6.528281738829636e-188,2.405637774802611e-210,9.342853069439338e-167,0.4572906494140625,0.0,0.0,0.0
10049,power_range09_11,true,individual_ratio,1.0,1000,0.452371163593371,479,0.433319091796875,0.002022040482047704,0.0011566070946759475,0.0034395915250590835,0.40999603271484375,6.037420944203229e-06,2.696578980133382e-06,1.3136622243713279e-05
10049,power_range09_11,true,individual_ratio,1.0,10000,0.452371163593371,4607,0.433319091796875,1.8598484211683212e-08,7.378433959929117e-10,3.5192854611239044e-07,0.40999603271484375,6.254785845083658e-25,1.9256819582286045e-27,1.5141320562425602e-22
10049,power_range09_11,true,individual_ratio,1.0,100000,0.452371163593371,45499,0.433319091796875,1.2471236909540835e-43,1.2911421719212966e-54,6.415799142531068e-34,0.40999603271484375,1.5803442075666767e-182,9.836140484961131e-205,1.3157655590966194e-161
10049,power_range09_11,true,grouped_ratio,1.0,1000,0.4514289767700284,478,0.433319091796875,0.0024672805747705524,0.0014256847669138397,0.004154861166216511,0.40999603271484375,8.063535971936443e-06,3.63988786379292e-06,1.7360873900761875e-05
10049,power_range09_11,true,grouped_ratio,1.0,10000,0.4514289767700284,4598,0.433319091796875,5.109332461897473e-08,2.2309944976021355e-09,8.788558321966428e-07,0.40999603271484375,4.0082528140096284e-24,1.3616031594870885e-26,8.79516994670588e-22
10049,power_range09_11,true,grouped_ratio,1.0,100000,0.4514289767700284,45404,0.433319091796875,4.544390674284288e-40,1.3239638804816302e-50,8.322291787387622e-31,0.40999603271484375,4.977699500952901e-175,8.820191567633718e-197,1.4566960833186985e-154
10049,power_range09_11,true,view_variance,1.0,1000,0.45164402345005955,479,0.433319091796875,0.002022040482047704,0.0011566070946759475,0.0034395915250590835,0.40999603271484375,6.037420944203229e-06,2.696578980133382e-06,1.3136622243713279e-05
10049,power_range09_11,true,view_variance,1.0,10000,0.45164402345005955,4600,0.433319091796875,4.092815099246191e-08,1.7494711077421114e-09,7.190746576602646e-07,0.40999603271484375,2.66005931053203e-24,8.84084474056758e-27,5.965676350521015e-22
10049,power_range09_11,true,view_variance,1.0,100000,0.45164402345005955,45426,0.433319091796875,7.025585252398958e-41,1.6108013695285145e-51,1.6342078189738355e-31,0.40999603271484375,9.432665939026024e-177,1.3117821751752442e-198,3.5166514229188475e-156
10049,power_range09_11,true,individual_ratio,1.01,1000,0.4568948752293047,484,0.433319091796875,0.0007070416066187983,0.00038428918222263526,0.0012653490655650035,0.40999603271484375,1.3410004669037252e-06,5.679704178756593e-07,3.0765123416103307e-06
10049,power_range09_11,true,individual_ratio,1.01,10000,0.4568948752293047,4652,0.433319091796875,7.384044591590694e-11,1.8102409445368326e-12,2.2563563033147264e-09,0.40999603271484375,3.5650088023739854e-29,6.708819830027332e-32,1.4109755171799615e-26
10049,power_range09_11,true,individual_ratio,1.01,100000,0.4568948752293047,45951,0.433319091796875,9.914079375619119e-63,7.437890959140543e-76,6.992805334770914e-51,0.40999603271484375,2.296526123789349e-220,9.840225841937949e-245,2.768912118431068e-197
10049,power_range09_11,true,grouped_ratio,1.01,1000,0.4559432665377287,483,0.433319091796875,0.0008789247038135635,0.0004826348611047228,0.0015569986841043762,0.40999603271484375,1.8258203261841865e-06,7.815837350662569e-07,4.144573805053779e-06
10049,power_range09_11,true,grouped_ratio,1.01,10000,0.4559432665377287,4643,0.433319091796875,2.377653551575908e-10,6.419398457505428e-12,6.5995730947920435e-09,0.40999603271484375,2.6850345186034226e-28,5.575882946750753e-31,9.631259795343471e-26
10049,power_range09_11,true,grouped_ratio,1.01,100000,0.4559432665377287,45856,0.433319091796875,2.0232651561822997e-58,4.2778638130282836e-71,5.069660227340905e-47,0.40999603271484375,4.0744361037448795e-212,4.971256555049384e-236,1.7262887760145985e-189
10049,power_range09_11,true,view_variance,1.01,1000,0.45367433359085446,481,0.433319091796875,0.0013430808100476897,0.0007527514105485533,0.002331358530766078,0.40999603271484375,3.345775654371813e-06,1.4630000821755962e-06,7.4355859035910645e-06
10049,power_range09_11,true,view_variance,1.01,10000,0.45367433359085446,4620,0.433319091796875,4.085361451384313e-09,1.4107693243885037e-10,8.875088299506037e-08,0.40999603271484375,4.037850429015613e-26,1.0784244875628664e-28,1.1265466926007852e-23
10049,power_range09_11,true,view_variance,1.01,100000,0.45367433359085446,45629,0.433319091796875,9.275984394181278e-49,2.3295937580419745e-60,1.962984075307134e-38,0.40999603271484375,4.809876243825474e-193,7.151471490300187e-216,1.6748743329658063e-171
10049,power_range09_11,true,individual_ratio,1.1,1000,0.4976082799527081,525,0.433319091796875,3.5523196087360983e-09,1.2546921809515906e-09,9.769868121151346e-09,0.40999603271484375,1.5096691659339863e-13,4.1127062052944055e-14,5.380417044701592e-13
10049,power_range09_11,true,individual_ratio,1.1,10000,0.4976082799527081,5060,0.433319091796875,1.6738993153087758e-48,4.924477073391066e-52,4.23439669193035e-45,0.40999603271484375,1.1732772845782738e-83,2.5042419472571543e-88,4.079047298485014e-79
10049,power_range09_11,true,individual_ratio,1.1,100000,0.4976082799527081,50023,0.433319091796875,0.0,0.0,0.0,0.40999603271484375,0.0,0.0,0.0
10049,power_range09_11,true,grouped_ratio,1.1,1000,0.49657187444703127,524,0.433319091796875,5.1677667074138424e-09,1.8448556331719307e-09,1.4062199464387896e-08,0.40999603271484375,2.411893691471598e-13,6.642231003591591e-14,8.503314886362932e-13
10049,power_range09_11,true,grouped_ratio,1.1,10000,0.49657187444703127,5049,0.433319091796875,4.124069819398496e-47,1.36772874662318e-50,9.255110254988977e-44,0.40999603271484375,8.249010243662666e-82,1.9870817299084924e-86,2.5412961693008705e-77
10049,power_range09_11,true,grouped_ratio,1.1,100000,0.49657187444703127,49920,0.433319091796875,0.0,0.0,0.0,0.40999603271484375,0.0,0.0,0.0
10049,power_range09_11,true,view_variance,1.1,1000,0.4580644278515086,485,0.433319091796875,0.0005666479145878304,0.0003048348741569013,0.0010245103069516444,0.40999603271484375,9.811266045046283e-07,4.111473854675557e-07,2.274922543395069e-06
10049,power_range09_11,true,view_variance,1.1,10000,0.4580644278515086,4664,0.433319091796875,1.4778567529768075e-11,3.185221569719229e-13,5.134351492450873e-10,0.40999603271484375,2.2964206020018414e-30,3.789522807603187e-33,1.0363221461568967e-27
10049,power_range09_11,true,view_variance,1.1,100000,0.4580644278515086,46068,0.433319091796875,2.9668533881720413e-68,6.211241845617644e-82,7.4892199754903625e-56,0.40999603271484375,9.663556042367507e-231,1.1411417419558766e-255,4.224479350606712e-207
10049,power_range09_11,true,individual_ratio,2.0,1000,0.904742327186742,921,0.433319091796875,5.211947710806676e-236,2.470034233587513e-238,1.0658605752451055e-233,0.40999603271484375,9.2914546512979e-257,3.269791309886546e-259,2.5567350187156038e-254
10049,power_range09_11,true,individual_ratio,2.0,10000,0.904742327186742,9097,0.433319091796875,0.0,0.0,0.0,0.40999603271484375,0.0,0.0,0.0
10049,power_range09_11,true,individual_ratio,2.0,100000,0.904742327186742,90629,0.433319091796875,0.0,0.0,0.0,0.40999603271484375,0.0,0.0,0.0
10049,power_range09_11,true,grouped_ratio,2.0,1000,0.9028579535400568,919,0.433319091796875,1.167810877256007e-233,5.65679185864714e-236,2.336585359581601e-231,0.40999603271484375,2.5203677400689304e-254,9.067095253357395e-257,6.784264657793772e-252
10049,power_range09_11,true,grouped_ratio,2.0,10000,0.9028579535400568,9078,0.433319091796875,0.0,0.0,0.0,0.40999603271484375,0.0,0.0,0.0
10049,power_range09_11,true,grouped_ratio,2.0,100000,0.9028579535400568,90442,0.433319091796875,0.0,0.0,0.0,0.40999603271484375,0.0,0.0,0.0
10049,power_range09_11,true,view_variance,2.0,1000,0.4719471248580085,499,0.433319091796875,1.71949761738956e-05,7.99813737523431e-06,3.59336863937094e-05,0.40999603271484375,8.230123199109435e-09,2.969019928097865e-09,2.2159829258048256e-08
10049,power_range09_11,true,view_variance,2.0,10000,0.4719471248580085,4803,0.433319091796875,1.895173561732088e-21,9.110953808584e-24,2.941949323993655e-19,0.40999603271484375,5.594269251711209e-46,2.0111893368649237e-49,1.1570584334705499e-42
10049,power_range09_11,true,view_variance,2.0,100000,0.4719471248580085,47457,0.433319091796875,4.776455937973366e-152,2.5834985944637826e-172,4.616715697318778e-133,0.40999603271484375,0.0,0.0,0.0
10049,power_range09_11,true,individual_ratio,5.0,1000,1.0,1001,0.433319091796875,0.0,0.0,0.0,0.40999603271484375,0.0,0.0,0.0
10049,power_range09_11,true,individual_ratio,5.0,10000,1.0,10001,0.433319091796875,0.0,0.0,0.0,0.40999603271484375,0.0,0.0,0.0
10049,power_range09_11,true,individual_ratio,5.0,100000,1.0,100001,0.433319091796875,0.0,0.0,0.0,0.40999603271484375,0.0,0.0,0.0
10049,power_range09_11,true,grouped_ratio,5.0,1000,1.0,1001,0.433319091796875,0.0,0.0,0.0,0.40999603271484375,0.0,0.0,0.0
10049,power_range09_11,true,grouped_ratio,5.0,10000,1.0,10001,0.433319091796875,0.0,0.0,0.0,0.40999603271484375,0.0,0.0,0.0
10049,power_range09_11,true,grouped_ratio,5.0,100000,1.0,100001,0.433319091796875,0.0,0.0,0.0,0.40999603271484375,0.0,0.0,0.0
10049,power_range09_11,true,view_variance,5.0,1000,0.49225022626595744,519,0.433319091796875,3.1757726636444513e-08,1.1957643368676873e-08,8.194186714399527e-08,0.40999603271484375,2.366445441267409e-12,6.879906912519729e-13,7.903635478060194e-12
10049,power_range09_11,true,view_variance,5.0,10000,0.49225022626595744,5006,0.433319091796875,7.153063293115188e-42,3.789119155240844e-45,1.0053712965593686e-38,0.40999603271484375,8.617127069594177e-75,3.3306037551954605e-79,1.655020883367496e-70
10049,power_range09_11,true,view_variance,5.0,100000,0.49225022626595744,49488,0.433319091796875,0.0,0.0,2.4581474928662247e-306,0.40999603271484375,0.0,0.0,0.0
10049,power_range09_11,removed,individual_ratio,1.0,1000,0.42502178344319325,452,0.433319091796875,0.12307059233977073,0.09151063317846288,0.1615712885963138,0.40999603271484375,0.003927872011623725,0.002324052959549629,0.006460500199678052
10049,power_range09_11,removed,individual_ratio,1.0,10000,0.42502178344319325,4333,0.433319091796875,0.5053832862692363,0.29853473036493366,0.7107838855472389,0.40999603271484375,1.203095009229554e-06,7.222325143879085e-08,1.5078789681619915e-05
10049,power_range09_11,removed,individual_ratio,1.0,100000,0.42502178344319325,42762,0.433319091796875,0.9998646713912805,0.9731038418108431,0.9999999573358064,0.40999603271484375,6.1964688621015276e-30,4.5352011193810416e-39,4.537000556853131e-22
10049,power_range09_11,removed,grouped_ratio,1.0,1000,0.4243127371401306,451,0.433319091796875,0.13650745863981084,0.10242233112227259,0.17763732943623564,0.40999603271484375,0.004737098115920884,0.0028314477343849317,0.0077134472274591566
10049,power_range09_11,removed,grouped_ratio,1.0,10000,0.4243127371401306,4326,0.433319091796875,0.5614969775601201,0.349262153329351,0.7570715258996845,0.40999603271484375,2.3888157854551217e-06,1.5450989099007195e-07,2.780377398608616e-05
10049,power_range09_11,removed,grouped_ratio,1.0,100000,0.4243127371401306,42691,0.433319091796875,0.9999789355007425,0.991395859294434,0.9999999968571511,0.40999603271484375,9.936560288455842e-28,1.582599324245696e-36,3.3507515107073305e-20
10049,power_range09_11,removed,view_variance,1.0,1000,0.42452687237374764,451,0.433319091796875,0.13650745863981084,0.10242233112227259,0.17763732943623564,0.40999603271484375,0.004737098115920884,0.0028314477343849317,0.0077134472274591566
10049,power_range09_11,removed,view_variance,1.0,10000,0.42452687237374764,4328,0.433319091796875,0.5455398796459989,0.33443902799884584,0.7442674658098503,0.40999603271484375,1.967545438839634e-06,1.245798294984766e-07,2.338961730446558e-05
10049,power_range09_11,removed,view_variance,1.0,100000,0.42452687237374764,42712,0.433319091796875,0.9999627303237019,0.9877125775873542,0.9999999930589221,0.40999603271484375,2.2608412242665836e-28,2.861177056940605e-37,9.588295337640197e-21
10049,power_range09_11,removed,individual_ratio,1.01,1000,0.42927200127762516,456,0.433319091796875,0.07865271294114141,0.05637166639578209,0.10704671748123477,0.40999603271484375,0.0017891120001665521,0.0010162226691154811,0.003064478755637534
10049,power_range09_11,removed,individual_ratio,1.01,10000,0.42927200127762516,4376,0.433319091796875,0.19657240223039654,0.08131936115800602,0.37769476095386373,0.40999603271484375,1.1663444716980196e-08,4.4175082531974445e-10,2.3103492938880844e-07
10049,power_range09_11,removed,individual_ratio,1.01,100000,0.42927200127762516,43187,0.433319091796875,0.8232748129747034,0.215892985906192,0.9958814569439233,0.40999603271484375,5.448964919631072e-45,3.7719908631011594e-56,4.1765878544422434e-35
10049,power_range09_11,removed,grouped_ratio,1.01,1000,0.42855586451153194,455,0.433319091796875,0.08841168227608608,0.06395725463134949,0.11923709051429565,0.40999603271484375,0.0021899766495045337,0.0012567255831713133,0.0037131202279522936
10049,power_range09_11,removed,grouped_ratio,1.01,10000,0.42855586451153194,4368,0.433319091796875,0.24428130036256418,0.10843723751438085,0.4402847995451868,0.40999603271484375,2.9200910597412638e-08,1.2052517752752879e-09,5.310244742307469e-07
10049,power_range09_11,removed,grouped_ratio,1.01,100000,0.42855586451153194,43116,0.433319091796875,0.9163847781615446,0.36964792800077434,0.9990170090190774,0.40999603271484375,2.9708098772202036e-42,4.483009495848968e-53,1.0460055928031329e-32
10049,power_range09_11,removed,view_variance,1.01,1000,0.42655883933974853,453,0.433319091796875,0.11059097845977023,0.08148658302541865,0.14648568949944712,0.40999603271484375,0.0032448597253505467,0.0019004916895191425,0.00539125484017444
10049,power_range09_11,removed,view_variance,1.01,10000,0.42655883933974853,4348,0.433319091796875,0.3862256683136357,0.20288580172903725,0.5998985110466039,0.40999603271484375,2.593241036794959e-07,1.3262609656649768e-08,3.810777993664514e-06
10049,power_range09_11,removed,view_variance,1.01,100000,0.42655883933974853,42916,0.433319091796875,0.9960721993845794,0.8275662260794215,0.9999938461567837,0.40999603271484375,5.06014881464914e-35,6.849329997174867e-45,1.995016273589371e-26
10049,power_range09_11,removed,individual_ratio,1.1,1000,0.4675239617875126,495,0.433319091796875,5.035436843687677e-05,2.4422382560258328e-05,0.00010093421814099162,0.40999603271484375,3.4860042784731294e-08,1.3127453532482385e-08,8.992484289936021e-08
10049,power_range09_11,removed,individual_ratio,1.1,10000,0.4675239617875126,4759,0.433319091796875,5.8600419454859196e-18,4.535723624090073e-20,5.654629916544394e-16,0.40999603271484375,1.1271924993276088e-40,6.567027644576347e-44,1.439246203540009e-37
10049,power_range09_11,removed,individual_ratio,1.1,100000,0.4675239617875126,47014,0.433319091796875,1.1244518698782673e-121,7.693783123424207e-140,8.615845407940194e-105,0.40999603271484375,2.5e-323,0.0,3.0287893582951453e-295
10049,power_range09_11,removed,grouped_ratio,1.1,1000,0.46674401085414374,494,0.433319091796875,6.524714717983561e-05,3.1977183419389054e-05,0.00012943520846966466,0.40999603271484375,4.952677091555609e-08,1.885157678826294e-08,1.2639985429424293e-07
10049,power_range09_11,removed,grouped_ratio,1.1,10000,0.46674401085414374,4751,0.433319091796875,2.3266026900706944e-17,1.9634835634555344e-19,2.0593890476059755e-15,0.40999603271484375,9.558573158615907e-40,6.079527721174222e-43,1.1180459630877368e-36
10049,power_range09_11,removed,grouped_ratio,1.1,100000,0.46674401085414374,46936,0.433319091796875,1.1092809692078139e-116,1.779445818629754e-134,3.6273412469427807e-100,0.40999603271484375,3.53002082e-315,0.0,2.1836946631399516e-287
10049,power_range09_11,removed,view_variance,1.1,1000,0.43095251611653235,458,0.433319091796875,0.06161580027191055,0.043341019700899375,0.08541830648286103,0.40999603271484375,0.0011807825767607414,0.0006570429532161691,0.0020642368582755696
10049,power_range09_11,removed,view_variance,1.1,10000,0.43095251611653235,4393,0.433319091796875,0.11571492531648282,0.041009620849552925,0.25648596806696317,0.40999603271484375,1.5253995589057517e-09,4.811251279295585e-11,3.625174573918796e-08
10049,power_range09_11,removed,view_variance,1.1,100000,0.43095251611653235,43355,0.433319091796875,0.44263043476157826,0.03154017767890461,0.9418194677329245,0.40999603271484375,8.081697962975461e-52,8.84312664091318e-64,3.907616942492468e-41
10049,power_range09_11,removed,individual_ratio,2.0,1000,0.8500435668863865,870,0.433319091796875,2.4484874035463398e-182,2.0262337703651046e-184,2.8681405684148606e-180,0.40999603271484375,5.707598581379089e-201,3.522479934832638e-203,8.95817537611311e-199
10049,power_range09_11,removed,individual_ratio,2.0,10000,0.8500435668863865,8560,0.433319091796875,0.0,0.0,0.0,0.40999603271484375,0.0,0.0,0.0
10049,power_range09_11,removed,individual_ratio,2.0,100000,0.8500435668863865,85192,0.433319091796875,0.0,0.0,0.0,0.40999603271484375,0.0,0.0,0.0
10049,power_range09_11,removed,grouped_ratio,2.0,1000,0.8486254742802612,868,0.433319091796875,1.8350341199567946e-180,1.5521303354019223e-182,2.1030903278604193e-178,0.40999603271484375,5.17830881279098e-199,3.2669985809523024e-201,7.950474213621621e-197
10049,power_range09_11,removed,grouped_ratio,2.0,10000,0.8486254742802612,8546,0.433319091796875,0.0,0.0,0.0,0.40999603271484375,0.0,0.0,0.0
10049,power_range09_11,removed,grouped_ratio,2.0,100000,0.8486254742802612,85051,0.433319091796875,0.0,0.0,0.0,0.40999603271484375,0.0,0.0,0.0
10049,power_range09_11,removed,view_variance,2.0,1000,0.4448465420337564,472,0.433319091796875,0.007537261368315685,0.004626436599636792,0.011954418510699257,0.40999603271484375,4.222939319084557e-05,2.030882868182864e-05,8.535912849830747e-05
10049,power_range09_11,removed,view_variance,2.0,10000,0.4448465420337564,4532,0.433319091796875,3.224886962968933e-05,2.8294807200334876e-06,0.00027755775406375274,0.40999603271484375,1.2315927191905402e-18,8.598732212072558e-21,1.316455454682323e-16
10049,power_range09_11,removed,view_variance,2.0,100000,0.4448465420337564,44746,0.433319091796875,1.0288862137929641e-19,3.8205603619337716e-27,1.5089446337740493e-13,0.40999603271484375,1.972633765698688e-127,4.897291322207756e-146,4.140752777689699e-110
10049,power_range09_11,removed,individual_ratio,5.0,1000,1.0,1001,0.433319091796875,0.0,0.0,0.0,0.40999603271484375,0.0,0.0,0.0
10049,power_range09_11,removed,individual_ratio,5.0,10000,1.0,10001,0.433319091796875,0.0,0.0,0.0,0.40999603271484375,0.0,0.0,0.0
10049,power_range09_11,removed,individual_ratio,5.0,100000,1.0,100001,0.433319091796875,0.0,0.0,0.0,0.40999603271484375,0.0,0.0,0.0
10049,power_range09_11,removed,grouped_ratio,5.0,1000,1.0,1001,0.433319091796875,0.0,0.0,0.0,0.40999603271484375,0.0,0.0,0.0
10049,power_range09_11,removed,grouped_ratio,5.0,10000,1.0,10001,0.433319091796875,0.0,0.0,0.0,0.40999603271484375,0.0,0.0,0.0
10049,power_range09_11,removed,grouped_ratio,5.0,100000,1.0,100001,0.433319091796875,0.0,0.0,0.0,0.40999603271484375,0.0,0.0,0.0
10049,power_range09_11,removed,view_variance,5.0,1000,0.4651662116937651,492,0.433319091796875,0.00010830865713517174,5.4197649866356674e-05,0.00021045149262469815,0.40999603271484375,9.88118168896321e-08,3.8425417586812864e-08,2.468503962576556e-07
10049,power_range09_11,removed,view_variance,5.0,10000,0.4651662116937651,4735,0.433319091796875,3.3991797387969576e-16,3.4099521076556805e-18,2.5320630116512752e-14,0.40999603271484375,6.367019877202708e-38,4.826258766128322e-41,6.249974114165034e-35
10049,power_range09_11,removed,view_variance,5.0,100000,0.4651662116937651,46779,0.433319091796875,5.973015773073489e-107,5.3233697222788246e-124,3.519511557077607e-91,0.40999603271484375,6.219770245133404e-299,0.0,6.828655725646725e-272
10049,power_bispectrum_range09_11,true,individual_ratio,1.0,1000,0.4734656525992454,501,0.45139312744140625,0.0009232070360437353,0.0005085084667610293,0.0016305343153437959,0.42581939697265625,1.0141570587605539e-06,4.2607655386645293e-07,2.345676850718442e-06
10049,power_bispectrum_range09_11,true,individual_ratio,1.0,10000,0.4734656525992454,4818,0.45139312744140625,5.632943936458832e-10,1.6401809019952475e-11,1.4506297691279562e-08,0.42581939697265625,1.0301282061178526e-29,1.840478158090729e-32,4.2963645972243124e-27
10049,power_bispectrum_range09_11,true,individual_ratio,1.0,100000,0.4734656525992454,47609,0.45139312744140625,1.234782010773442e-55,5.301678120461275e-68,1.5289396209662243e-44,0.42581939697265625,3.687755023120339e-225,9.24970100431801e-250,7.63059214911218e-202
10049,power_bispectrum_range09_11,true,grouped_ratio,1.0,1000,0.47158408817861835,499,0.45139312744140625,0.0014072563247255056,0.0007910630177294956,0.002435663848412601,0.42581939697265625,1.8832826160708942e-06,8.081486552547167e-07,4.26490649654444e-06
10049,power_bispectrum_range09_11,true,grouped_ratio,1.0,10000,0.47158408817861835,4799,0.45139312744140625,5.659372865964541e-09,2.0173531913778312e-10,1.1915474766948643e-07,0.42581939697265625,7.248846080414827e-28,1.59269072927798e-30,2.458996589689385e-25
10049,power_bispectrum_range09_11,true,grouped_ratio,1.0,100000,0.47158408817861835,47421,0.45139312744140625,8.44081753209999e-48,2.7886064393097363e-59,1.3617461165332594e-37,0.42581939697265625,7.344043400229384e-209,1.4448623021514323e-232,1.9393846439065935e-186
10049,power_bispectrum_range09_11,true,view_variance,1.0,1000,0.47180006530498136,499,0.45139312744140625,0.0014072563247255056,0.0007910630177294956,0.002435663848412601,0.42581939697265625,1.8832826160708942e-06,8.081486552547167e-07,4.26490649654444e-06
10049,power_bispectrum_range09_11,true,view_variance,1.0,10000,0.47180006530498136,4802,0.45139312744140625,3.968469904385928e-09,1.3701860463293842e-10,8.625008783074945e-08,0.42581939697265625,3.7386950851545868e-28,7.95065497746997e-31,1.3103044327712809e-25
10049,power_bispectrum_range09_11,true,view_variance,1.0,100000,0.47180006530498136,47442,0.45139312744140625,1.2067724131447116e-48,3.174429096425019e-60,2.444372173595475e-38,0.42581939697265625,1.1906657762399878e-210,1.8610748318844223e-234,3.9571645734165156e-188
10049,power_bispectrum_range09_11,true,individual_ratio,1.01,1000,0.47820030912523787,505,0.45139312744140625,0.00037991531197202334,0.00020086791810266776,0.0006988745117685126,0.42581939697265625,2.8078792383684054e-07,1.1306624615559567e-07,6.775230170771141e-07
10049,power_bispectrum_range09_11,true,individual_ratio,1.01,10000,0.47820030912523787,4866,0.45139312744140625,8.827880512750159e-13,1.538876768253534e-14,3.790871150445349e-11,0.42581939697265625,1.1701068936694613e-34,1.2392766168673457e-37,8.228083590413089e-32
10049,power_bispectrum_range09_11,true,individual_ratio,1.01,100000,0.47820030912523787,48082,0.45139312744140625,4.65942170680975e-78,1.1741954995003045e-92,9.782924684246569e-65,0.42581939697265625,6.916456384229354e-269,9.736697367812581e-296,2.5433571733723025e-243
10049,power_bispectrum_range09_11,true,grouped_ratio,1.01,1000,0.4762999290604045,503,0.45139312744140625,0.0005966854003672781,0.000322012207933349,0.0010754739612028933,0.42581939697265625,5.377698529071459e-07,2.2119307527745337e-07,1.2704090869412258e-06
10049,power_bispectrum_range09_11,true,grouped_ratio,1.01,10000,0.4762999290604045,4847,0.45139312744140625,1.2677974006432216e-11,2.708452167124635e-13,4.4450228172017703e-10,0.42581939697265625,1.1832048869009752e-32,1.5414264519069694e-35,6.765524233595396e-30
10049,power_bispectrum_range09_11,true,grouped_ratio,1.01,100000,0.4762999290604045,47892,0.45139312744140625,1.3864607894795047e-68,2.753718764224397e-82,3.6998628685090353e-56,0.42581939697265625,7.44857492510217e-251,8.409735885024889e-277,3.4186543948639855e-226
10049,power_bispectrum_range09_11,true,view_variance,1.01,1000,0.47404312161922363,501,0.45139312744140625,0.0009232070360437353,0.0005085084667610293,0.0016305343153437959,0.42581939697265625,1.0141570587605539e-06,4.2607655386645293e-07,2.345676850718442e-06
10049,power_bispectrum_range09_11,true,view_variance,1.01,10000,0.47404312161922363,4824,0.45139312744140625,2.639802199299888e-10,7.210062982078434e-12,7.245572507686438e-09,0.42581939697265625,2.6095332823097374e-30,4.367453528311214e-33,1.161757765671786e-27
10049,power_bispectrum_range09_11,true,view_variance,1.01,100000,0.47404312161922363,47667,0.45139312744140625,3.5543668297627805e-58,8.130055925897046e-71,8.255708470304228e-47,0.42581939697265625,2.5953314060913873e-230,3.448065576293693e-255,1.0135209973197354e-206
10049,power_bispectrum_range09_11,true,individual_ratio,1.1,1000,0.52081221785917,548,0.45139312744140625,5.6995446427707e-10,1.9186370224017696e-10,1.6447400895355948e-09,0.42581939697265625,5.501085088489012e-15,1.396433521886909e-15,2.104114419180233e-14
10049,power_bispectrum_range09_11,true,individual_ratio,1.1,10000,0.52081221785917,5292,0.45139312744140625,5.122969126574752e-55,8.940374848073542e-59,2.1857005923822516e-51,0.42581939697265625,5.264349249896655e-96,5.307070652221246e-101,3.877028581797652e-91
10049,power_bispectrum_range09_11,true,individual_ratio,1.1,100000,0.52081221785917,52344,0.45139312744140625,0.0,0.0,0.0,0.42581939697265625,0.0,0.0,0.0
10049,power_bispectrum_range09_11,true,grouped_ratio,1.1,1000,0.5187424969964802,546,0.45139312744140625,1.2472833880663922e-09,4.289073016684478e-10,3.5236302172948285e-09,0.42581939697265625,1.476014281918944e-14,3.828647052779847e-15,5.5250801434828334e-14
10049,power_bispectrum_range09_11,true,grouped_ratio,1.1,10000,0.5187424969964802,5271,0.45139312744140625,3.3599837108435135e-52,7.364581411333212e-56,1.1415201275446675e-48,0.42581939697265625,3.038757915809718e-92,3.854756340690317e-97,1.7787388171253491e-87
10049,power_bispectrum_range09_11,true,grouped_ratio,1.1,100000,0.5187424969964802,52137,0.45139312744140625,0.0,0.0,0.0,0.42581939697265625,0.0,0.0,0.0
10049,power_bispectrum_range09_11,true,view_variance,1.1,1000,0.4788932321780092,506,0.45139312744140625,0.0003014467920340841,0.00015775093552101746,0.0005602270855286641,0.42581939697265625,2.017205687566035e-07,8.036922236754204e-08,4.919264306929148e-07
10049,power_bispectrum_range09_11,true,view_variance,1.1,10000,0.4788932321780092,4873,0.45139312744140625,3.191495797010973e-13,5.161361583456176e-15,1.4769465577449886e-11,0.42581939697265625,2.0600904480581264e-35,2.0215856595913212e-38,1.5633810758576546e-32
10049,power_bispectrum_range09_11,true,view_variance,1.1,100000,0.4788932321780092,48152,0.45139312744140625,1.047617238195743e-81,1.2336991201899665e-96,4.704246540003143e-68,0.42581939697265625,1.0920714767073677e-275,7.13916994419891e-303,8.644625109846503e-250
10049,power_bispectrum_range09_11,true,individual_ratio,2.0,1000,0.9469313051984908,959,0.45139312744140625,1.4386805224927007e-269,5.616126367442275e-272,3.573554960807426e-267,0.42581939697265625,4.7500162519536354e-293,1.3515099396996072e-295,1.6172861468582492e-290
10049,power_bispectrum_range09_11,true,individual_ratio,2.0,10000,0.9469313051984908,9507,0.45139312744140625,0.0,0.0,0.0,0.42581939697265625,0.0,0.0,0.0
10049,power_bispectrum_range09_11,true,individual_ratio,2.0,100000,0.9469313051984908,94811,0.45139312744140625,0.0,0.0,0.0,0.42581939697265625,0.0,0.0,0.0
10049,power_bispectrum_range09_11,true,grouped_ratio,2.0,1000,0.9431681763572367,956,0.45139312744140625,2.8656282126375674e-265,1.1557785489507063e-267,6.889338777706994e-263,0.42581939697265625,1.2917470524526497e-288,3.798195006058131e-291,4.255979275878167e-286
10049,power_bispectrum_range09_11,true,grouped_ratio,2.0,10000,0.9431681763572367,9471,0.45139312744140625,0.0,0.0,0.0,0.42581939697265625,0.0,0.0,0.0
10049,power_bispectrum_range09_11,true,grouped_ratio,2.0,100000,0.9431681763572367,94439,0.45139312744140625,0.0,0.0,0.0,0.42581939697265625,0.0,0.0,0.0
10049,power_bispectrum_range09_11,true,view_variance,2.0,1000,0.49423062844740373,521,0.45139312744140625,5.949191999311657e-06,2.6642073853220964e-06,1.2912544381116827e-05,0.42581939697265625,8.869957808141202e-10,3.01105348728039e-10,2.5379360110673283e-09
10049,power_bispectrum_range09_11,true,view_variance,2.0,10000,0.49423062844740373,5026,0.45139312744140625,5.613917081975149e-25,1.748109962072209e-27,1.3453529678474216e-22,0.42581939697265625,5.140896405317494e-54,9.499242607711796e-58,2.0691708787194216e-50
10049,power_bispectrum_range09_11,true,view_variance,2.0,100000,0.49423062844740373,49686,0.45139312744140625,5.364601667893294e-183,3.5793303734743215e-205,4.2144041289334167e-162,0.42581939697265625,0.0,0.0,0.0
10049,power_bispectrum_range09_11,true,individual_ratio,5.0,1000,1.0,1001,0.45139312744140625,0.0,0.0,0.0,0.42581939697265625,0.0,0.0,0.0
10049,power_bispectrum_range09_11,true,individual_ratio,5.0,10000,1.0,10001,0.45139312744140625,0.0,0.0,0.0,0.42581939697265625,0.0,0.0,0.0
10049,power_bispectrum_range09_11,true,individual_ratio,5.0,100000,1.0,100001,0.45139312744140625,0.0,0.0,0.0,0.42581939697265625,0.0,0.0,0.0
10049,power_bispectrum_range09_11,true,grouped_ratio,5.0,1000,1.0,1001,0.45139312744140625,0.0,0.0,0.0,0.42581939697265625,0.0,0.0,0.0
10049,power_bispectrum_range09_11,true,grouped_ratio,5.0,10000,1.0,10001,0.45139312744140625,0.0,0.0,0.0,0.42581939697265625,0.0,0.0,0.0
10049,power_bispectrum_range09_11,true,grouped_ratio,5.0,100000,1.0,100001,0.45139312744140625,0.0,0.0,0.0,0.42581939697265625,0.0,0.0,0.0
10049,power_bispectrum_range09_11,true,view_variance,5.0,1000,0.5166611915898262,544,0.45139312744140625,2.6869062103129767e-09,9.438181715411478e-10,7.431123631578115e-09,0.42581939697265625,3.8979500925556506e-14,1.0331646852389402e-14,1.4279597466989822e-13
10049,power_bispectrum_range09_11,true,view_variance,5.0,10000,0.5166611915898262,5250,0.45139312744140625,1.8477543921133483e-49,5.086399673991245e-53,4.99910257419648e-46,0.42581939697265625,1.4702701551612992e-88,2.3468177739372624e-93,6.840455285522982e-84
10049,power_bispectrum_range09_11,true,view_variance,5.0,100000,0.5166611915898262,51929,0.45139312744140625,0.0,0.0,0.0,0.42581939697265625,0.0,0.0,0.0
10049,power_bispectrum_range09_11,removed,individual_ratio,1.0,1000,0.44197445677252534,469,0.45139312744140625,0.1385373927092951,0.1040937918184288,0.18002937442978723,0.42581939697265625,0.0032550834610852912,0.001907770668190857,0.005404783225822624
10049,power_bispectrum_range09_11,removed,individual_ratio,1.0,10000,0.44197445677252534,4503,0.45139312744140625,0.5907222498924736,0.3772624443478636,0.7798052421835638,0.42581939697265625,4.109054944654381e-07,2.206564333017556e-08,5.753864287008773e-06
10049,power_bispectrum_range09_11,removed,individual_ratio,1.0,100000,0.44197445677252534,44458,0.45139312744140625,0.9999926980778479,0.9956173913192577,0.9999999992679085,0.42581939697265625,2.4385479692983442e-33,5.737826238039978e-43,5.547914856685364e-25
10049,power_bispectrum_range09_11,removed,grouped_ratio,1.0,1000,0.44052705157277605,468,0.45139312744140625,0.15303743855833107,0.11601731923664749,0.19715116150017575,0.42581939697265625,0.00393740928538705,0.0023311405742099146,0.006472407119764621
10049,power_bispectrum_range09_11,removed,grouped_ratio,1.0,10000,0.44052705157277605,4488,0.45139312744140625,0.7022574433652071,0.4955628417080736,0.858360655815296,0.42581939697265625,1.845803184604055e-06,1.1622735795821703e-07,2.2067463773051864e-05
10049,power_bispectrum_range09_11,removed,grouped_ratio,1.0,100000,0.44052705157277605,44314,0.45139312744140625,0.9999999242005636,0.9997978655745308,0.9999999999983477,0.42581939697265625,1.026775946516489e-28,1.1603492388067217e-37,4.8831077568574165e-21
10049,power_bispectrum_range09_11,removed,view_variance,1.0,1000,0.4407418485098213,468,0.45139312744140625,0.15303743855833107,0.11601731923664749,0.19715116150017575,0.42581939697265625,0.00393740928538705,0.0023311405742099146,0.006472407119764621
10049,power_bispectrum_range09_11,removed,view_variance,1.0,10000,0.4407418485098213,4491,0.45139312744140625,0.6810365060313606,0.4715243073489839,0.8443955861206367,0.42581939697265625,1.3763936360745455e-06,8.3956534353076e-08,1.6983049741610116e-05
10049,power_bispectrum_range09_11,removed,view_variance,1.0,100000,0.4407418485098213,44335,0.45139312744140625,0.9999998447894826,0.9996675479700547,0.9999999999957703,0.42581939697265625,2.28901056424275e-29,2.0578587440159662e-38,1.3675451568608814e-21
10049,power_bispectrum_range09_11,removed,individual_ratio,1.01,1000,0.4463942013402506,473,0.45139312744140625,0.09003500797921034,0.06523809758706364,0.12123339455015754,0.42581939697265625,0.0014652368186287043,0.0008245060413256955,0.0025332704223072116
10049,power_bispectrum_range09_11,removed,individual_ratio,1.01,10000,0.4463942013402506,4547,0.45139312744140625,0.25634416625662726,0.11567358910281404,0.4552638596543173,0.42581939697265625,3.0164367239041807e-09,1.0127470359008078e-10,6.738227239186891e-08
10049,power_bispectrum_range09_11,removed,individual_ratio,1.01,100000,0.4463942013402506,44901,0.45139312744140625,0.9354560167957748,0.4221791166603473,0.999385154139799,0.42581939697265625,7.747590170650388e-50,1.4492004557989149e-61,2.1980827677977504e-39
10049,power_bispectrum_range09_11,removed,grouped_ratio,1.01,1000,0.4449323220885038,472,0.45139312744140625,0.10077609559040389,0.07369391900883115,0.13448141087846108,0.42581939697265625,0.0017988195736826022,0.0010226045758336075,0.0030786173997983182
10049,power_bispectrum_range09_11,removed,grouped_ratio,1.01,10000,0.4449323220885038,4533,0.45139312744140625,0.3544181406661341,0.17993606346834382,0.5670298736843782,0.42581939697265625,1.56430676595063e-08,6.100807540140771e-10,3.010451089265734e-07
10049,power_bispectrum_range09_11,removed,grouped_ratio,1.01,100000,0.4449323220885038,44754,0.45139312744140625,0.9929013655626272,0.7698568520679672,0.9999845180495116,0.42581939697265625,5.544303162703234e-44,5.163657689621718e-55,3.1669353877968616e-34
10049,power_bispectrum_range09_11,removed,view_variance,1.01,1000,0.4429140847245412,470,0.45139312744140625,0.12500415021426867,0.09308587132610459,0.16387417587938266,0.42581939697265625,0.0026810892378301013,0.0015555027674617108,0.004496764701122969
10049,power_bispectrum_range09_11,removed,view_variance,1.01,10000,0.4429140847245412,4512,0.45139312744140625,0.5193537337112158,0.3108004392343367,0.72263784463488,0.42581939697265625,1.5994620799685228e-07,7.804684865992175e-09,2.4632986474034478e-06
10049,power_bispectrum_range09_11,removed,view_variance,1.01,100000,0.4429140847245412,44552,0.45139312744140625,0.9999067825647256,0.9784688794058235,0.9999999748876178,0.42581939697265625,1.4895698957884804e-36,1.2574801655436553e-46,9.42480654589994e-28
10049,power_bispectrum_range09_11,removed,individual_ratio,1.1,1000,0.4861719024497779,513,0.45139312744140625,5.369684170028869e-05,2.6139122578579287e-05,0.00010724803590637862,0.42581939697265625,1.7873574213815718e-08,6.609467928148832e-09,4.695459605657625e-08
10049,power_bispectrum_range09_11,removed,individual_ratio,1.1,10000,0.4861719024497779,4945,0.45139312744140625,2.9693132204326464e-18,2.2152267869063297e-20,2.973779539046373e-16,0.42581939697265625,1.1578201079537577e-43,5.180644654012471e-47,1.9257007256802708e-40
10049,power_bispectrum_range09_11,removed,individual_ratio,1.1,100000,0.4861719024497779,48880,0.45139312744140625,1.0970553960463146e-124,4.712870175025945e-143,1.343872728548849e-107,0.42581939697265625,0.0,0.0,4.15e-322
10049,power_bispectrum_range09_11,removed,grouped_ratio,1.1,1000,0.4845797567300537,512,0.45139312744140625,6.949043481945014e-05,3.418012387689086e-05,0.00013736507934054257,0.42581939697265625,2.5564263559731317e-08,9.554824633528293e-09,6.644689291703954e-08
10049,power_bispectrum_range09_11,removed,grouped_ratio,1.1,10000,0.4845797567300537,4929,0.45139312744140625,4.650145862623763e-17,4.1211997129656297e-19,3.921573321226688e-15,0.42581939697265625,9.428462965693086e-42,5.023518514979561e-45,1.3171202998202134e-38
10049,power_bispectrum_range09_11,removed,grouped_ratio,1.1,100000,0.4845797567300537,48720,0.45139312744140625,1.8825168749821464e-114,4.609133400953812e-132,4.049928701806355e-98,0.42581939697265625,0.0,0.0,1.9933540565444985e-305
10049,power_bispectrum_range09_11,removed,view_variance,1.1,1000,0.44761106256423877,475,0.45139312744140625,0.07114474210272119,0.050604221184988564,0.09755578103726077,0.42581939697265625,0.0009613818549969832,0.0005300131950198758,0.0016963320615046402
10049,power_bispectrum_range09_11,removed,view_variance,1.1,10000,0.44761106256423877,4559,0.45139312744140625,0.18521194679549619,0.07522278552765774,0.36191120848727104,0.42581939697265625,6.920873125236263e-10,2.043159176911486e-11,1.7572459663836464e-08
10049,power_bispectrum_range09_11,removed,view_variance,1.1,100000,0.44761106256423877,45022,0.45139312744140625,0.7729549634609529,0.16713305381429533,0.9931099268963358,0.42581939697265625,6.118676805164597e-55,3.051598796994065e-67,6.499080294284123e-44
10049,power_bispectrum_range09_11,removed,individual_ratio,2.0,1000,0.8839489135450507,901,0.45139312744140625,6.797722459358245e-199,4.98878485804303e-201,8.982891170707179e-197,0.42581939697265625,9.229933012657233e-220,4.957823263139987e-222,1.6650842592535179e-217
10049,power_bispectrum_range09_11,removed,individual_ratio,2.0,10000,0.8839489135450507,8893,0.45139312744140625,0.0,0.0,0.0,0.42581939697265625,0.0,0.0,0.0
10049,power_bispectrum_range09_11,removed,individual_ratio,2.0,100000,0.8839489135450507,88563,0.45139312744140625,0.0,0.0,0.0,0.42581939697265625,0.0,0.0,0.0
10049,power_bispectrum_range09_11,removed,grouped_ratio,2.0,1000,0.8810541031455521,899,0.45139312744140625,8.079607260186386e-197,6.060019199928646e-199,1.044703820653482e-194,0.42581939697265625,1.3500659119947515e-217,7.41246181292487e-220,2.3827670844284457e-215
10049,power_bispectrum_range09_11,removed,grouped_ratio,2.0,10000,0.8810541031455521,8865,0.45139312744140625,0.0,0.0,0.0,0.42581939697265625,0.0,0.0,0.0
10049,power_bispectrum_range09_11,removed,grouped_ratio,2.0,100000,0.8810541031455521,88276,0.45139312744140625,0.0,0.0,0.0,0.42581939697265625,0.0,0.0,0.0
10049,power_bispectrum_range09_11,removed,view_variance,2.0,1000,0.46246421065702026,490,0.45139312744140625,0.007812604545595294,0.0048075008806821124,0.012360701421537364,0.42581939697265625,2.52337490294284e-05,1.1904978219208219e-05,5.199151701802828e-05
10049,power_bispectrum_range09_11,removed,view_variance,2.0,10000,0.46246421065702026,4708,0.45139312744140625,5.1024564295452696e-05,4.746351654213538e-06,0.00041455797780697604,0.42581939697265625,6.994653515281495e-20,4.1315872162906276e-22,8.838361144901652e-18
10049,power_bispectrum_range09_11,removed,view_variance,2.0,100000,0.46246421065702026,46508,0.45139312744140625,1.856894855539157e-18,1.2014539995680006e-25,1.5693845200924559e-12,0.42581939697265625,1.8708844598135065e-138,8.10937822385253e-158,2.2550997558088615e-120
10049,power_bispectrum_range09_11,removed,individual_ratio,5.0,1000,1.0,1001,0.45139312744140625,0.0,0.0,0.0,0.42581939697265625,0.0,0.0,0.0
10049,power_bispectrum_range09_11,removed,individual_ratio,5.0,10000,1.0,10001,0.45139312744140625,0.0,0.0,0.0,0.42581939697265625,0.0,0.0,0.0
10049,power_bispectrum_range09_11,removed,individual_ratio,5.0,100000,1.0,100001,0.45139312744140625,0.0,0.0,0.0,0.42581939697265625,0.0,0.0,0.0
10049,power_bispectrum_range09_11,removed,grouped_ratio,5.0,1000,1.0,1001,0.45139312744140625,0.0,0.0,0.0,0.42581939697265625,0.0,0.0,0.0
10049,power_bispectrum_range09_11,removed,grouped_ratio,5.0,10000,1.0,10001,0.45139312744140625,0.0,0.0,0.0,0.42581939697265625,0.0,0.0,0.0
10049,power_bispectrum_range09_11,removed,grouped_ratio,5.0,100000,1.0,100001,0.45139312744140625,0.0,0.0,0.0,0.42581939697265625,0.0,0.0,0.0
10049,power_bispectrum_range09_11,removed,view_variance,5.0,1000,0.4841865728042193,511,0.45139312744140625,8.958822687735659e-05,4.4524623646679975e-05,0.00017527466332489526,0.42581939697265625,3.642225381018267e-08,1.3759037559198168e-08,9.366679035734296e-08
10049,power_bispectrum_range09_11,removed,view_variance,5.0,10000,0.4841865728042193,4926,0.45139312744140625,7.702059746596986e-17,7.049866188641825e-19,6.289419958163917e-15,0.42581939697265625,2.1271120263844513e-41,1.171042417332739e-44,2.875884675284753e-38
10049,power_bispectrum_range09_11,removed,view_variance,5.0,100000,0.4841865728042193,48681,0.45139312744140625,5.035878144250945e-112,1.884389710943206e-129,7.09040216737197e-96,0.42581939697265625,0.0,0.0,1.9904906431634484e-301
