dataset,features,amplitude,distance_lower,distance_upper,status,finite_union_separation,adversarial_separation,finite_catalog_sufficient_particles,maximum_null_noise_variance,alternative_variance
10028,power,1,0.17236098919807263,0.18102152249079484,iteration_limit,0.1523975951335994,0.14652007425382418,8813.51510010846,5.148204784274392,4.877348238255789
10028,power,"[.9,1.1]",0.023099745208788214,0.04016289370270776,iteration_limit,9.819454307949393e-05,-0.003692442620212358,22685929371.256237,5.7582094517277485,4.687619945466386
10028,power_bispectrum,1,0.21431768537653717,0.2221086138817826,iteration_limit,0.12716156429609793,0.10287886037682359,16653.29513481442,7.016123824635011,5.9147786844344665
10028,power_bispectrum,"[.9,1.1]",0.047378846742581415,0.06759740356595238,iteration_limit,-0.03764348055838651,-0.041064461764462434,,8.81383397052536,5.765924716057384
10049,power,1,0.054166382139056335,0.055490632561587636,iteration_limit,0.045626287955936956,0.04365579523750959,23163.808148545464,1.194156921620648,1.1890497161317974
10049,power,"[.9,1.1]",0.02401403396172966,0.027211244032649386,iteration_limit,0.018051009912464222,0.017434009294074418,139784.47075059492,1.1279714443476876,1.1230237677218249
10049,power_bispectrum,1,0.06939883698610394,0.0697392178806839,iteration_limit,0.05256731134548656,0.050792385032215476,18221.07470761736,1.2458575352262609,1.2437908599345306
10049,power_bispectrum,"[.9,1.1]",0.04180720362728679,0.04292890091044097,iteration_limit,0.030511350041982008,0.029619312437112702,56011.24941040538,1.3141250170465772,1.236757394388831
10076,power,1,0.0,3.742269431338279e-05,iteration_limit,0.0,,,0.0,0.0
10076,power,"[.9,1.1]",0.0,3.107609022572868e-05,iteration_limit,0.0,,,0.0,0.0
10076,power_bispectrum,1,0.0,0.0027097441389724608,iteration_limit,0.0,,,0.0,0.0
10076,power_bispectrum,"[.9,1.1]",0.0,0.0011592339925022,iteration_limit,0.0,,,0.0,0.0
