dataset,target,pose_class,calibration,bias_intercept,bias_slope,declared_density_radius,raw_center,noise_sd_upper,raw_half_width,raw_half_width_over_abs_center,selected_center,selected_half_width,selected_half_width_over_abs_center,uses_no_data,declared_excludes_zero,registered_reference_inside,noise_sd_breakdown_over_reported,width_replay_absolute_error,density_radius_breakdown,density_radius_breakdown_already_fails_at_zero,noise_sd_breakdown,noise_sd_breakdown_already_fails_at_zero
10028,pilot_region_1,fixed_pose,raw,0.0,0.15868656136200043,2.0,1.3039526752270296,0.2831222884480894,1.0743952125327436,0.8239526118888341,1.3039526752270296,1.0743952125327436,0.8239526118888341,False,True,,1.3030150472338669,0.0,3.446679895646573,False,0.3689126020551477,False
10028,pilot_region_1,fixed_pose,centered,0.0,0.15868656136200043,2.0,1.3039526752270296,0.20092801151674608,0.8546134377023941,0.6554021890047492,1.3039526752270296,0.8546134377023941,0.6554021890047492,False,True,True,1.83604366195801,0.0,4.831615245937892,False,0.3689126020551477,False
10028,pilot_region_1,shift_only,raw,0.07850719449767045,0.9086750120061228,2.0,1.3039526752270296,0.2831222884480894,2.652868112188926,2.034481896919333,1.3039526752270296,2.652868112188926,2.034481896919333,False,False,,0.0,0.0,0.5155138856782674,False,0.0,True
10028,pilot_region_1,shift_only,centered,0.07850719449767045,0.9086750120061228,2.0,1.3039526752270296,0.20092801151674608,2.4330974845348456,1.8659400227935588,1.3039526752270296,2.4330974845348456,1.8659400227935588,False,False,True,0.0,0.0,0.7573722239649224,False,0.0,True
10028,pilot_region_1,pose_1deg,raw,14.204659195104567,19.819561744319017,2.0,1.3039526752270296,0.2831222884480894,54.60079357742162,41.87329388155528,2.1053099814281313,35.49674813609611,16.86058036547045,True,False,,0.0,0.0,0.0,True,0.0,True
10028,pilot_region_1,pose_1deg,centered,14.204659195104567,19.819561744319017,2.0,1.3039526752270296,0.20092801151674608,54.38102294976754,41.704752007429505,2.1053099814281313,35.49674813609611,16.86058036547045,True,False,True,0.0,0.0,0.0,True,0.0,True
10028,pilot_region_1,pose_2deg,raw,116.38871859036296,129.33750649651859,2.0,1.3039526752270296,0.2831222884480894,375.8207424770792,288.2165508128165,2.1053099814281313,35.49674813609611,16.86058036547045,True,False,,0.0,5.684341886080802e-14,0.0,True,0.0,True
10028,pilot_region_1,pose_2deg,centered,116.38871859036296,129.33750649651859,2.0,1.3039526752270296,0.20092801151674608,375.6009718494251,288.0480089386907,2.1053099814281313,35.49674813609611,16.86058036547045,True,False,True,0.0,5.684341886080802e-14,0.0,True,0.0,True
10028,pilot_region_2,fixed_pose,raw,0.0,0.15909110888498854,2.0,1.3006932793156771,0.2815505017347125,1.0710006176688094,0.8234075125169295,1.3006932793156771,1.0710006176688094,0.8234075125169295,False,True,,1.3048983428952612,0.0,3.4438443726736176,False,0.3673947831549557,False
10028,pilot_region_2,fixed_pose,centered,0.0,0.15909110888498854,2.0,1.3006932793156771,0.19679642820399426,0.8443755085312267,0.6491734230959284,1.3006932793156771,0.8443755085312267,0.6491734230959284,False,True,True,1.8668772929868598,0.0,4.868279720758201,False,0.3673947831549557,False
10028,pilot_region_2,shift_only,raw,0.08523190143086912,0.8536858716131959,2.0,1.3006932793156771,0.2815505017347125,2.5454119032449527,1.9569655227127405,1.3006932793156771,2.5454119032449527,1.9569655227127405,False,False,,0.0,0.0,0.5419477281155382,False,0.0,True
10028,pilot_region_2,shift_only,centered,0.08523190143086912,0.8536858716131959,2.0,1.3006932793156771,0.19679642820399426,2.3187969048352133,1.782739206629239,1.3006932793156771,2.3187969048352133,1.782739206629239,False,False,True,0.0,0.0,0.8074025125944244,False,0.0,True
10028,pilot_region_2,pose_1deg,raw,14.10328005034346,19.279643810919932,2.0,1.3006932793156771,0.2815505017347125,53.41537593077103,41.06685010233467,1.9866827301931902,35.49674813609611,17.867346203107285,True,False,,0.0,7.105427357601002e-15,0.0,True,0.0,True
10028,pilot_region_2,pose_1deg,centered,14.10328005034346,19.279643810919932,2.0,1.3006932793156771,0.19679642820399426,53.18876093236129,40.892623786251164,1.9866827301931902,35.49674813609611,17.867346203107285,True,False,True,0.0,7.105427357601002e-15,0.0,True,0.0,True
10028,pilot_region_2,pose_2deg,raw,115.72458591967622,127.52969521787689,2.0,1.3006932793156771,0.2815505017347125,371.53678461401773,285.6451943916334,1.9866827301931902,35.49674813609611,17.867346203107285,True,False,,0.0,0.0,0.0,True,0.0,True
10028,pilot_region_2,pose_2deg,centered,115.72458591967622,127.52969521787689,2.0,1.3006932793156771,0.19679642820399426,371.310169615608,285.47096807554993,1.9866827301931902,35.49674813609611,17.867346203107285,True,False,True,0.0,0.0,0.0,True,0.0,True
10028,pilot_region_3,fixed_pose,raw,0.0,0.15804294891321774,2.0,0.9941036066017557,0.27749875590577383,1.0580697382499682,1.064345538255187,0.9941036066017557,1.0580697382499682,1.064345538255187,False,False,,0.9137979889164277,0.0,1.5947609666274845,False,0.2535778050735068,False
10028,pilot_region_3,fixed_pose,centered,0.0,0.15804294891321774,2.0,0.9941036066017557,0.20172932346096378,0.8554687647203401,0.8605428639824323,0.9941036066017557,0.8554687647203401,0.8605428639824323,False,True,True,1.257020054015975,0.0,2.8771976226284437,False,0.2535778050735068,False
10028,pilot_region_3,shift_only,raw,0.0695665375031286,0.9748998599186233,2.0,0.9941036066017557,0.27749875590577383,2.761340979127634,2.777719506085491,0.9941036066017557,2.761340979127634,2.777719506085491,False,False,,0.0,0.0,0.18717223786412693,False,0.0,True
10028,pilot_region_3,shift_only,centered,0.0695665375031286,0.9748998599186233,2.0,0.9941036066017557,0.20172932346096378,2.5587490670496362,2.573925947011163,0.9941036066017557,2.5587490670496362,2.573925947011163,False,False,True,0.0,0.0,0.3950705864449676,False,0.0,True
10028,pilot_region_3,pose_1deg,raw,14.326238991600517,20.368267875932936,2.0,0.9941036066017557,0.27749875590577383,55.80474946525366,56.13574791868691,1.6453601201126125,35.49674813609611,21.573847391941545,True,False,,0.0,7.105427357601002e-15,0.0,True,0.0,True
10028,pilot_region_3,pose_1deg,centered,14.326238991600517,20.368267875932936,2.0,0.9941036066017557,0.20172932346096378,55.60215755317566,55.93195435961258,1.6453601201126125,35.49674813609611,21.573847391941545,True,False,True,0.0,7.105427357601002e-15,0.0,True,0.0,True
10028,pilot_region_3,pose_2deg,raw,117.48575922399364,131.3365591703319,2.0,0.9941036066017557,0.27749875590577383,380.9008522864447,383.1601150593512,1.6453601201126125,35.49674813609611,21.573847391941545,True,False,,0.0,0.0,0.0,True,0.0,True
10028,pilot_region_3,pose_2deg,centered,117.48575922399364,131.3365591703319,2.0,0.9941036066017557,0.20172932346096378,380.6982603743667,382.9563215002769,1.6453601201126125,35.49674813609611,21.573847391941545,True,False,True,0.0,0.0,0.0,True,0.0,True
10028,matched_center,fixed_pose,raw,0.0,0.16010137523577428,2.0,1.006378001280678,0.2798615565769372,1.0685038430809366,1.0617321142962184,1.006378001280678,1.0685038430809366,1.0617321142962184,False,False,,0.9169845704280278,0.0,1.6115254560450505,False,0.25662872923702196,False
10028,matched_center,fixed_pose,centered,0.0,0.16010137523577428,2.0,1.006378001280678,0.19347966885045492,0.8375276957104798,0.8322197967808063,1.006378001280678,0.8375276957104798,0.8322197967808063,False,True,True,1.3263860268200918,0.0,3.054646308877409,False,0.25662872923702196,False
10028,matched_center,shift_only,raw,0.08957964454681736,0.8741604653525487,2.0,1.006378001280678,0.2798615565769372,2.586192941112578,2.569802735971462,1.006378001280678,2.586192941112578,2.569802735971462,False,False,,0.0,0.0,0.19267377543267966,False,0.0,True
10028,matched_center,shift_only,centered,0.08957964454681736,0.8741604653525487,2.0,1.006378001280678,0.19347966885045492,2.355225501622226,2.3402990711492664,1.006378001280678,2.355225501622226,2.3402990711492664,False,False,True,0.0,0.0,0.4569795205761777,False,0.0,True
10028,matched_center,pose_1deg,raw,14.075951028690648,19.58638006907548,2.0,1.006378001280678,0.2798615565769372,53.99700353270228,53.654793193002796,0.3717919110418707,35.49674813609611,95.47477253236559,True,False,,0.0,7.105427357601002e-15,0.0,True,0.0,True
10028,matched_center,pose_1deg,centered,14.075951028690648,19.58638006907548,2.0,1.006378001280678,0.19347966885045492,53.76603609321193,53.4252895281806,0.3717919110418707,35.49674813609611,95.47477253236559,True,False,True,0.0,1.4210854715202004e-14,0.0,True,0.0,True
10028,matched_center,pose_2deg,raw,115.4064076166186,127.95153040800818,2.0,1.006378001280678,0.2798615565769372,372.0577607984957,369.6998149055616,0.3717919110418707,35.49674813609611,95.47477253236559,True,False,,0.0,0.0,0.0,True,0.0,True
10028,matched_center,pose_2deg,centered,115.4064076166186,127.95153040800818,2.0,1.006378001280678,0.19347966885045492,371.8267933590053,369.47031124073936,0.3717919110418707,35.49674813609611,95.47477253236559,True,False,True,0.0,0.0,0.0,True,0.0,True
10049,pilot_region_1,fixed_pose,raw,0.0,0.006072963478175375,2.0,2.4594060536681717,1.024005311299962,2.9682544402934523,1.2068988916516408,2.4594060536681717,2.9682544402934523,1.2068988916516408,False,False,,0.8285432168227925,0.0,0.0,True,0.8484326546680957,False
10049,pilot_region_1,fixed_pose,centered,0.0,0.006072963478175375,2.0,2.4594060536681717,0.5719214422807254,1.6580691026885448,0.6741746041551604,2.4594060536681717,1.6580691026885448,0.6741746041551604,False,True,True,1.4834776106394798,0.0,153.17158050464113,False,0.8484326546680957,False
10049,pilot_region_1,shift_only,raw,0.028424294917682592,0.26516137085363484,2.0,2.4594060536681717,1.024005311299962,3.3042036710213663,1.3434965999588355,2.4594060536681717,3.3042036710213663,1.3434965999588355,False,False,,0.6939316068427309,0.0,0.0,True,0.7105896510858736,False
10049,pilot_region_1,shift_only,centered,0.028424294917682592,0.26516137085363484,2.0,2.4594060536681717,0.5719214422807254,2.0880420958723866,0.849002584489088,2.4594060536681717,2.0880420958723866,0.849002584489088,False,True,True,1.2424602376371183,0.0,3.400876667963011,False,0.7105896510858736,False
10049,pilot_region_1,pose_1deg,raw,1.2257986423912068,1.9647792566256077,2.0,2.4594060536681717,1.024005311299962,7.893337199842888,3.2094485528609966,2.4594060536681717,7.893337199842888,3.2094485528609966,False,False,,0.0,0.0,0.0,True,0.0,True
10049,pilot_region_1,pose_1deg,centered,1.2257986423912068,1.9647792566256077,2.0,2.4594060536681717,0.5719214422807254,6.6845577159667355,2.717956112207175,2.4594060536681717,6.6845577159667355,2.717956112207175,False,False,True,0.0,0.0,0.0,True,0.0,True
10049,pilot_region_1,pose_2deg,raw,9.819816980364164,11.45245826519078,2.0,2.4594060536681717,1.024005311299962,35.46271355494619,14.419218616646901,2.503250298185857,12.158699482674121,4.857164899365323,True,False,,0.0,0.0,0.0,True,0.0,True
10049,pilot_region_1,pose_2deg,centered,9.819816980364164,11.45245826519078,2.0,2.4594060536681717,0.5719214422807254,34.25393407107004,13.927726175993081,2.503250298185857,12.158699482674121,4.857164899365323,True,False,True,0.0,0.0,0.0,True,0.0,True
10049,pilot_region_2,fixed_pose,raw,0.0,0.005851621241635142,2.0,1.1350353055218803,0.7663488440495193,2.221495845467788,1.957204180927537,1.1350353055218803,2.221495845467788,1.957204180927537,False,False,,0.5107643918677685,0.0,0.0,True,0.3914237012895201,False
10049,pilot_region_2,fixed_pose,centered,0.0,0.005851621241635142,2.0,1.1350353055218803,0.587852806282662,1.7042095181396413,1.501459478704109,1.1350353055218803,1.7042095181396413,1.501459478704109,False,False,True,0.6658532494974748,0.0,0.0,True,0.3914237012895201,False
10049,pilot_region_2,shift_only,raw,0.03656993496024183,0.2615818160383234,2.0,1.1350353055218803,0.7663488440495193,2.6100059639809308,2.29949319750972,1.1350353055218803,2.610005963980931,2.2994931975097206,False,False,,0.28076379922507916,4.440892098500626e-16,0.0,True,0.21516301298709073,False
10049,pilot_region_2,shift_only,centered,0.03656993496024183,0.2615818160383234,2.0,1.1350353055218803,0.587852806282662,2.131654566909929,1.8780513315661234,1.1350353055218803,2.131654566909929,1.8780513315661234,False,False,True,0.3660151158377428,0.0,0.0,True,0.21516301298709073,False
10049,pilot_region_2,pose_1deg,raw,1.2182472948260563,1.950243282361523,2.0,1.1350353055218803,0.7663488440495193,7.167793389562653,6.315040029760976,1.1350353055218803,7.167793389562651,6.315040029760974,False,False,,0.0,1.7763568394002505e-15,0.0,True,0.0,True
10049,pilot_region_2,pose_1deg,centered,1.2182472948260563,1.950243282361523,2.0,1.1350353055218803,0.587852806282662,6.690531617595781,5.894558156073856,1.1350353055218803,6.69053161759578,5.894558156073856,False,False,True,0.0,8.881784197001252e-16,0.0,True,0.0,True
10049,pilot_region_2,pose_2deg,raw,9.719160960971033,11.311911705244052,2.0,1.1350353055218803,0.7663488440495193,34.3920439014727,30.3004177351642,1.344624705255792,12.158699482558166,9.042448376140152,True,False,,0.0,7.105427357601002e-15,0.0,True,0.0,True
10049,pilot_region_2,pose_2deg,centered,9.719160960971033,11.311911705244052,2.0,1.1350353055218803,0.587852806282662,33.914782129505824,29.87993586147708,1.344624705255792,12.158699482558166,9.042448376140152,True,False,True,0.0,7.105427357601002e-15,0.0,True,0.0,True
10049,pilot_region_3,fixed_pose,raw,0.0,0.005775116028048863,2.0,0.6811492718389229,0.7138789887212366,2.0694254991711256,3.0381380186816083,0.6811492718389229,2.0694254991711256,3.0381380186816083,False,False,,0.32879505816032345,0.0,0.0,True,0.23471988361603188,False
10049,pilot_region_3,fixed_pose,centered,0.0,0.005775116028048863,2.0,0.6811492718389229,0.5878263684510955,1.7041241400178813,2.501836543724398,0.6811492718389229,1.7041241400178813,2.501836543724398,False,False,True,0.3993013859424367,0.0,0.0,True,0.23471988361603188,False
10049,pilot_region_3,shift_only,raw,0.04214377414294726,0.25246859641180475,2.0,0.6811492718389229,0.7138789887212366,2.4566718975547963,3.6066571588962164,0.6811492718389229,2.4566718975547963,3.6066571588962164,False,False,,0.0702382122907405,0.0,0.0,True,0.05014158395970135,False
10049,pilot_region_3,shift_only,centered,0.04214377414294726,0.25246859641180475,2.0,0.6811492718389229,0.5878263684510955,2.1189592053688626,3.110858798466059,0.6811492718389229,2.1189592053688626,3.110858798466059,False,False,True,0.08529999103616752,0.0,0.0,True,0.05014158395970135,False
10049,pilot_region_3,pose_1deg,raw,1.1955645340338061,1.8767311225701113,2.0,0.6811492718389229,0.7138789887212366,6.85779268451043,10.067973303408522,0.6811492718389229,6.8577926845104304,10.067973303408522,False,False,,0.0,8.881784197001252e-16,0.0,True,0.0,True
10049,pilot_region_3,pose_1deg,centered,1.1955645340338061,1.8767311225701113,2.0,0.6811492718389229,0.5878263684510955,6.520753847884976,9.573164235029811,0.6811492718389229,6.5207538478849765,9.573164235029813,False,False,True,0.0,8.881784197001252e-16,0.0,True,0.0,True
10049,pilot_region_3,pose_2deg,raw,9.492906441415611,11.001870471322226,2.0,0.6811492718389229,0.7138789887212366,33.40541328939647,49.04272039990689,1.2336003712424408,12.15869892409644,9.856270480731622,True,False,,0.0,7.105427357601002e-15,0.0,True,0.0,True
10049,pilot_region_3,pose_2deg,centered,9.492906441415611,11.001870471322226,2.0,0.6811492718389229,0.5878263684510955,33.06837445277102,48.547911331528184,1.2336003712424408,12.15869892409644,9.856270480731622,True,False,True,0.0,7.105427357601002e-15,0.0,True,0.0,True
10049,matched_center,fixed_pose,raw,0.0,0.0059899937091990475,2.0,2.328058280963271,1.0000800116286102,2.8989069395133766,1.2452037662536128,2.328058280963271,2.8989069395133766,1.2452037662536128,False,False,,0.8030497011168665,0.0,0.0,True,0.8031139544313077,False
10049,matched_center,fixed_pose,centered,0.0,0.0059899937091990475,2.0,2.328058280963271,0.571273376929123,1.656180984291262,0.7114001388341494,2.328058280963271,1.656180984291262,0.7114001388341494,False,True,True,1.4058312304845058,0.0,133.65446538907835,False,0.8031139544313077,False
10049,matched_center,shift_only,raw,0.03550721458728713,0.2680284200910331,2.0,2.328058280963271,1.0000800116286102,3.2515211436297995,1.396666556940504,2.328058280963271,3.2515211436297995,1.396666556940504,False,False,,0.6567655821287463,0.0,0.0,True,0.6568181310125875,False
10049,matched_center,shift_only,centered,0.03550721458728713,0.2680284200910331,2.0,2.328058280963271,0.571273376929123,2.09910694939922,0.9016556701195133,2.328058280963271,2.09910694939922,0.9016556701195133,False,True,True,1.1497439886719558,0.0,2.8544815957935774,False,0.6568181310125875,False
10049,matched_center,pose_1deg,raw,1.222233174089656,1.9628704161868884,2.0,2.328058280963271,1.0000800116286102,7.821982709569469,3.359874094875752,2.328058280963271,7.821982709569469,3.359874094875752,False,False,,0.0,0.0,0.0,True,0.0,True
10049,matched_center,pose_1deg,centered,1.222233174089656,1.9628704161868884,2.0,2.328058280963271,0.571273376929123,6.67544177304103,2.867386021916496,2.328058280963271,6.67544177304103,2.867386021916496,False,False,True,0.0,0.0,0.0,True,0.0,True
10049,matched_center,pose_2deg,raw,9.742175403760386,11.376606574048798,2.0,2.328058280963271,1.0000800116286102,35.169397254964025,15.106751210889845,2.2632773450804757,12.158699482674967,5.3721650636867215,True,False,,0.0,0.0,0.0,True,0.0,True
10049,matched_center,pose_2deg,centered,9.742175403760386,11.376606574048798,2.0,2.328058280963271,0.571273376929123,34.022856318435586,14.61426313793059,2.2632773450804757,12.158699482674967,5.3721650636867215,True,False,True,0.0,0.0,0.0,True,0.0,True
10076,pilot_region_1,fixed_pose,raw,0.0,0.022475246393180295,2.0,5.4771108147826775,1.0475212532860174,3.0389953710612185,0.5548537310691241,5.4771108147826775,3.0389953710612185,0.5548537310691241,False,True,,1.803422428032946,0.0,119.07562307022393,False,1.8891233220171841,False
10076,pilot_region_1,fixed_pose,centered,0.0,0.022475246393180295,2.0,5.4771108147826775,0.48176930524943073,1.402410425838717,0.25604930651642516,5.4771108147826775,1.402410425838717,0.25604930651642516,False,True,False,3.921219765213376,0.0,186.38098526415584,False,1.8891233220171841,False
10076,pilot_region_1,shift_only,raw,0.03850057585080304,0.36930205268511235,2.0,5.4771108147826775,1.0475212532860174,3.5794621786624825,0.653531085951656,5.4771108147826775,3.5794621786624825,0.653531085951656,False,True,,1.6682300108843808,0.0,7.142536503372765,False,1.747506391770953,False
10076,pilot_region_1,shift_only,centered,0.03850057585080304,0.36930205268511235,2.0,5.4771108147826775,0.48176930524943073,2.065257007576476,0.37707051717894113,5.4771108147826775,2.065257007576476,0.37707051717894113,False,True,False,3.627268015479319,0.0,11.238653998231952,False,1.747506391770953,False
10076,pilot_region_1,pose_1deg,raw,3.8899307927991775,5.557012271372596,2.0,5.4771108147826775,1.0475212532860174,17.804812182401903,3.250767199076356,5.4771108147826775,17.804812182401903,3.250767199076356,False,False,,0.0,0.0,0.0,True,0.0,True
10076,pilot_region_1,pose_1deg,centered,3.8899307927991775,5.557012271372596,2.0,5.4771108147826775,0.48176930524943073,16.29210758351144,2.9745806017908523,5.4771108147826775,16.29210758351144,2.9745806017908523,False,False,True,0.0,0.0,0.053810889631627626,False,0.0,True
10076,pilot_region_1,pose_2deg,raw,31.401941426027086,35.081520771265666,2.0,5.4771108147826775,1.0475212532860174,104.36583981541595,19.05490747671809,5.253032182896754,28.75474275394351,5.473932340937397,True,False,,0.0,0.0,0.0,True,0.0,True
10076,pilot_region_1,pose_2deg,centered,31.401941426027086,35.081520771265666,2.0,5.4771108147826775,0.48176930524943073,102.85313521652549,18.778720879432587,5.253032182896754,28.75474275394351,5.473932340937397,True,False,True,0.0,0.0,0.0,True,0.0,True
10076,pilot_region_2,fixed_pose,raw,0.0,0.02249270953810601,2.0,4.164178881424577,0.9785710439987225,2.83934571691217,0.6818500832367754,4.164178881424577,2.83934571691217,0.6818500832367754,False,True,,1.4674247073976372,0.0,68.80809571449143,False,1.4359793279076258,False
10076,pilot_region_2,fixed_pose,centered,0.0,0.02249270953810601,2.0,4.164178881424577,0.4970570051466327,1.44654871132631,0.34737909982182175,4.164178881424577,1.44654871132631,0.34737909982182175,False,True,True,2.8889630626652356,0.0,126.04752916263119,False,1.4359793279076258,False
10076,pilot_region_2,shift_only,raw,0.0333103897799256,0.3642350582505774,2.0,4.164178881424577,0.9785710439987225,3.3792947260119925,0.8115152644105257,4.164178881424577,3.3792947260119925,0.8115152644105257,False,True,,1.2980620250530552,0.0,4.157672598211321,False,1.2702459110312643,False
10076,pilot_region_2,shift_only,centered,0.0333103897799256,0.3642350582505774,2.0,4.164178881424577,0.4970570051466327,2.0908091379948206,0.5020939775957821,4.164178881424577,2.0908091379948206,0.5020939775957821,False,True,True,2.5555336669212405,0.0,7.692395358997935,False,1.2702459110312643,False
10076,pilot_region_2,pose_1deg,raw,3.861528711402975,5.588000841927558,2.0,4.164178881424577,0.9785710439987225,17.654028533240965,4.239498118582619,4.164178881424577,17.654028533240965,4.239498118582619,False,False,,0.0,0.0,0.0,True,0.0,True
10076,pilot_region_2,pose_1deg,centered,3.861528711402975,5.588000841927558,2.0,4.164178881424577,0.4970570051466327,16.36655881523166,3.9303207862272758,4.164178881424577,16.36655881523166,3.9303207862272758,False,False,True,0.0,0.0,0.0,True,0.0,True
10076,pilot_region_2,pose_2deg,raw,31.27000423760574,35.05019594541091,2.0,4.164178881424577,0.9785710439987225,103.98689426641045,24.971764476850776,5.0990371935563275,28.75474275394351,5.639249462679148,True,False,,0.0,0.0,0.0,True,0.0,True
10076,pilot_region_2,pose_2deg,centered,31.27000423760574,35.05019594541091,2.0,4.164178881424577,0.4970570051466327,102.69942454840114,24.662587144495433,5.0990371935563275,28.75474275394351,5.639249462679148,True,False,True,0.0,0.0,0.0,True,0.0,True
10076,pilot_region_3,fixed_pose,raw,0.0,0.022448046949066013,2.0,5.297279192398724,1.0487414671179631,3.042522163181929,0.5743556366724571,5.297279192398724,3.042522163181929,0.5743556366724571,False,True,,1.7421479806138453,0.0,111.06354819342286,False,1.827062829125561,False
10076,pilot_region_3,fixed_pose,centered,0.0,0.022448046949066013,2.0,5.297279192398724,0.48559200497370875,1.41342964107112,0.2668218135640852,5.297279192398724,1.41342964107112,0.2668218135640852,False,True,False,3.7625471803731263,0.0,178.1404787232047,False,1.827062829125561,False
10076,pilot_region_3,shift_only,raw,0.052044430536971435,0.3684295380166073,2.0,5.297279192398724,1.0487414671179631,3.59439499581359,0.6785360682841354,5.297279192398724,3.59439499581359,0.6785360682841354,False,True,,1.5999659797235315,0.0,6.625731820473102,False,1.6779506689140857,False
10076,pilot_region_3,shift_only,centered,0.052044430536971435,0.3684295380166073,2.0,5.297279192398724,0.48559200497370875,2.087276937690003,0.394028115543753,5.297279192398724,2.087276937690003,0.394028115543753,False,True,False,3.4554742494266035,0.0,10.712662781106095,False,1.6779506689140857,False
10076,pilot_region_3,pose_1deg,raw,3.9092251459348537,5.608897595980857,2.0,5.297279192398724,1.0487414671179631,17.931139786114326,3.3849716306900395,5.297279192398724,17.931139786114326,3.3849716306900395,False,False,,0.0,0.0,0.0,True,0.0,True
10076,pilot_region_3,pose_1deg,centered,3.9092251459348537,5.608897595980857,2.0,5.297279192398724,0.48559200497370875,16.4253937003877,3.100722673624065,5.297279192398724,16.4253937003877,3.100722673624065,False,False,True,0.0,0.0,0.015989003621139787,False,0.0,True
10076,pilot_region_3,pose_2deg,raw,31.586094397584496,35.324080300237874,2.0,5.297279192398724,1.0487414671179631,105.03837444627801,19.82874049700868,4.949306867716908,28.75474275394351,5.809852474798746,True,False,,0.0,0.0,0.0,True,0.0,True
10076,pilot_region_3,pose_2deg,centered,31.586094397584496,35.324080300237874,2.0,5.297279192398724,0.48559200497370875,103.53262836055139,19.544491539942705,4.949306867716908,28.75474275394351,5.809852474798746,True,False,True,0.0,0.0,0.0,True,0.0,True
10076,matched_center,fixed_pose,raw,0.0,0.022648084802106935,2.0,4.932392467602579,1.0895718115195947,3.160811632667496,0.640827276707733,4.932392467602579,3.160811632667496,0.640827276707733,False,True,,1.5612756525922133,0.0,89.15107247017887,False,1.7011219410763354,False
10076,matched_center,fixed_pose,centered,0.0,0.022648084802106935,2.0,4.932392467602579,0.47657199937967587,1.3875034623230242,0.28130435107030916,4.932392467602579,1.3875034623230242,0.28130435107030916,False,True,False,3.569496200554334,0.0,161.5207988156106,False,1.7011219410763354,False
10076,matched_center,shift_only,raw,0.04186673366769077,0.3708103725888213,2.0,4.932392467602579,1.0895718115195947,3.698680488036715,0.7498755446430406,4.932392467602579,3.698680488036715,0.7498755446430406,False,True,,1.4188891013963318,0.0,5.332197969629583,False,1.5459815685538112,False
10076,matched_center,shift_only,centered,0.04186673366769077,0.3708103725888213,2.0,4.932392467602579,0.47657199937967587,2.057743250731923,0.41718968315027505,4.932392467602579,2.057743250731923,0.41718968315027505,False,True,True,3.2439622356456512,0.0,9.752343198938144,False,1.5459815685538112,False
10076,matched_center,pose_1deg,raw,3.875065265286692,5.6657806944401,2.0,4.932392467602579,1.0895718115195947,18.119918063639012,3.673656989514931,4.932392467602579,18.119918063639012,3.673656989514931,False,False,,0.0,0.0,0.0,True,0.0,True
10076,matched_center,pose_1deg,centered,3.875065265286692,5.6657806944401,2.0,4.932392467602579,0.47657199937967587,16.48088237288947,3.341356650173483,4.932392467602579,16.48088237288947,3.341356650173483,False,False,True,0.0,0.0,0.0,True,0.0,True
10076,matched_center,pose_2deg,raw,31.37012794945969,35.29144188621274,2.0,4.932392467602579,1.0895718115195947,104.8663031313573,21.260737830606622,4.961024843604282,28.75474275394351,5.796129562022638,True,False,,0.0,1.4210854715202004e-14,0.0,True,0.0,True
10076,matched_center,pose_2deg,centered,31.37012794945969,35.29144188621274,2.0,4.932392467602579,0.47657199937967587,103.22726744060775,20.92843749126517,4.961024843604282,28.75474275394351,5.796129562022638,True,False,True,0.0,1.4210854715202004e-14,0.0,True,0.0,True
