dataset,shift_sd_pixels,catalog_lower,spectral_upper,fresh_union_lower,adversarial_repaired_lower
10028,0.0,0.010895210434422911,0.24620433583726017,0.00021309374895692014,
10028,0.5,0.008004865195312396,0.1823273125098818,0.0,
10028,1.0,0.0063557592390990035,0.14520140795940686,0.0,
10028,2.0,0.0053052606080727744,0.10396198737462861,0.0,
10049,0.0,0.04366765149737113,0.18099737674474572,0.027465773839817024,0.0
10049,0.5,0.036912579441217286,0.15561438978636868,0.016085092752211858,0.0
10049,1.0,0.030485920995260738,0.12463268760220905,0.009162567645324702,0.0
10049,2.0,0.02289176999589021,0.07788745521899526,0.001692309666050158,4.1318639837390115e-05
10076,0.0,0.007939630375085707,0.011290268952199253,0.0,
10076,0.5,0.005993235504958968,0.008158928314090414,0.0,
10076,1.0,0.004106180818786749,0.005365315893802889,0.0,
10076,2.0,0.002692210962811608,0.00334241696350545,0.0,
