shell,frequency_inv_A,fsc,voxel_count
1.000000000000000000e+00,2.072968439242530922e-03,9.988572084017132147e-01,1.800000000000000000e+01
2.000000000000000000e+00,4.145936878485061844e-03,9.965655727142287423e-01,6.200000000000000000e+01
3.000000000000000000e+00,6.218905317727591898e-03,9.857069404828314729e-01,9.800000000000000000e+01
4.000000000000000000e+00,8.291873756970123688e-03,9.971076600675244928e-01,2.100000000000000000e+02
5.000000000000000000e+00,1.036484219621265461e-02,9.955736906980892087e-01,3.500000000000000000e+02
6.000000000000000000e+00,1.243781063545518380e-02,9.971192374514074031e-01,4.500000000000000000e+02
7.000000000000000000e+00,1.451077907469771472e-02,9.957825527385482101e-01,6.020000000000000000e+02
8.000000000000000000e+00,1.658374751394024738e-02,9.957682810366188519e-01,7.620000000000000000e+02
9.000000000000000000e+00,1.865671595318277656e-02,9.963433887463934990e-01,1.142000000000000000e+03
1.000000000000000000e+01,2.072968439242530922e-02,9.956122486460894372e-01,1.250000000000000000e+03
1.100000000000000000e+01,2.280265283166783841e-02,9.956335782452185867e-01,1.458000000000000000e+03
1.200000000000000000e+01,2.487562127091036759e-02,9.946814865912055881e-01,1.814000000000000000e+03
1.300000000000000000e+01,2.694858971015290025e-02,9.944105657568359513e-01,2.178000000000000000e+03
1.400000000000000000e+01,2.902155814939542944e-02,9.941270978688833138e-01,2.498000000000000000e+03
1.500000000000000000e+01,3.109452658863796209e-02,9.937893824251343711e-01,2.622000000000000000e+03
1.600000000000000000e+01,3.316749502788049475e-02,9.926548452100947273e-01,3.338000000000000000e+03
1.700000000000000000e+01,3.524046346712302047e-02,9.922546849067755970e-01,3.722000000000000000e+03
1.800000000000000000e+01,3.731343190636555313e-02,9.914296502822176338e-01,4.170000000000000000e+03
1.900000000000000000e+01,3.938640034560808578e-02,9.898468339904893387e-01,4.358000000000000000e+03
2.000000000000000000e+01,4.145936878485061844e-02,9.876128201422401665e-01,5.034000000000000000e+03
2.100000000000000000e+01,4.353233722409314416e-02,9.849479719232555608e-01,5.714000000000000000e+03
2.200000000000000000e+01,4.560530566333567681e-02,9.830469934487686690e-01,5.982000000000000000e+03
2.300000000000000000e+01,4.767827410257820947e-02,9.804319051400280927e-01,6.602000000000000000e+03
2.400000000000000000e+01,4.975124254182073519e-02,9.797642004126388970e-01,7.130000000000000000e+03
2.500000000000000000e+01,5.182421098106326784e-02,9.789291494484508860e-01,8.034000000000000000e+03
2.600000000000000000e+01,5.389717942030580050e-02,9.778323553247114663e-01,8.606000000000000000e+03
2.700000000000000000e+01,5.597014785954833316e-02,9.753831117395385109e-01,9.066000000000000000e+03
2.800000000000000000e+01,5.804311629879085888e-02,9.744197959145861621e-01,9.962000000000000000e+03
2.900000000000000000e+01,6.011608473803339153e-02,9.738790820256298941e-01,1.055000000000000000e+04
3.000000000000000000e+01,6.218905317727592419e-02,9.694490676417943931e-01,1.122600000000000000e+04
