dataset,feature,width_A,band_endpoint_A,pose_class,relative_width,minimum_reference_power,minimum_reference_coverage,uses_no_data
10028,pilot_region_1,20.0,40.20000100135803,fixed_pose,0.020157784669229382,1.0,0.9999978741347398,False
10028,pilot_region_1,20.0,40.20000100135803,shift_only,0.06462619878104307,0.999999994676658,1.0,False
10028,pilot_region_1,20.0,40.20000100135803,pose_1deg,1.0,0.0,1.0,True
10028,pilot_region_1,20.0,40.20000100135803,pose_2deg,1.0,0.0,1.0,True
10028,pilot_region_2,20.0,40.20000100135803,fixed_pose,0.02015588261316504,1.0,0.9999979774692206,False
10028,pilot_region_2,20.0,40.20000100135803,shift_only,0.06169268539840354,0.3107860518384742,1.0,False
10028,pilot_region_2,20.0,40.20000100135803,pose_1deg,1.0,0.0,1.0,True
10028,pilot_region_2,20.0,40.20000100135803,pose_2deg,1.0,0.0,1.0,True
10028,pilot_region_3,20.0,40.20000100135803,fixed_pose,0.02015584385568144,1.0,0.9999977130788773,False
10028,pilot_region_3,20.0,40.20000100135803,shift_only,0.06813996772317335,0.6886396479738075,1.0,False
10028,pilot_region_3,20.0,40.20000100135803,pose_1deg,1.0,0.0,1.0,True
10028,pilot_region_3,20.0,40.20000100135803,pose_2deg,1.0,0.0,1.0,True
10028,matched_center,20.0,40.20000100135803,fixed_pose,0.020232040740371215,1.0,0.9999980726684062,False
10028,matched_center,20.0,40.20000100135803,shift_only,0.06298800866525421,0.9984716814759163,1.0,False
10028,matched_center,20.0,40.20000100135803,pose_1deg,1.0,0.0,1.0,True
10028,matched_center,20.0,40.20000100135803,pose_2deg,1.0,0.0,1.0,True
10049,pilot_region_1,20.0,19.68000030517578,fixed_pose,0.05377039301673784,0.999991238445584,0.9958864825546986,False
10049,pilot_region_1,20.0,19.68000030517578,shift_only,0.09539488504141432,0.9806578801119527,0.9999996428082852,False
10049,pilot_region_1,20.0,19.68000030517578,pose_1deg,0.4734460183527616,1.574981326599388e-73,1.0,False
10049,pilot_region_1,20.0,19.68000030517578,pose_2deg,1.0,0.0,1.0,True
10049,pilot_region_2,20.0,19.68000030517578,fixed_pose,0.053599479097192496,0.9999998220743715,0.9958830215650296,False
10049,pilot_region_2,20.0,19.68000030517578,shift_only,0.09532344606285877,0.9978669593946383,0.9999996647064004,False
10049,pilot_region_2,20.0,19.68000030517578,pose_1deg,0.47028133519004817,1.0633571354037657e-66,1.0,False
10049,pilot_region_2,20.0,19.68000030517578,pose_2deg,1.0,0.0,1.0,True
10049,pilot_region_3,20.0,19.68000030517578,fixed_pose,0.05325294037568255,0.015787154298346748,0.9958823831840429,False
10049,pilot_region_3,20.0,19.68000030517578,shift_only,0.0939650225561402,7.0234552870861855e-06,0.9999995857070317,False
10049,pilot_region_3,20.0,19.68000030517578,pose_1deg,0.45600588232962536,5.296009421512142e-126,1.0,False
10049,pilot_region_3,20.0,19.68000030517578,pose_2deg,1.0,0.0,1.0,True
10049,matched_center,20.0,19.68000030517578,fixed_pose,0.05388675790402507,0.9999999994393196,0.9958848493354987,False
10049,matched_center,20.0,19.68000030517578,shift_only,0.09655821827700653,0.9999322840647116,0.9999997270452597,False
10049,matched_center,20.0,19.68000030517578,pose_1deg,0.4729479759328192,1.7686707786931573e-59,1.0,False
10049,matched_center,20.0,19.68000030517578,pose_2deg,1.0,0.0,1.0,True
10076,pilot_region_1,20.0,34.93333180745443,fixed_pose,0.03468042092600988,0.9999999999997503,0.9961366557047595,False
10076,pilot_region_1,20.0,34.93333180745443,shift_only,0.058694550418379086,0.9999999086917999,0.9999989891697707,False
10076,pilot_region_1,20.0,34.93333180745443,pose_1deg,0.553459910555681,4.431125888672098e-284,1.0,False
10076,pilot_region_1,20.0,34.93333180745443,pose_2deg,1.0,0.0,1.0,True
10076,pilot_region_2,20.0,34.93333180745443,fixed_pose,0.034670286170950554,0.9999999996069265,0.996137281280174,False
10076,pilot_region_2,20.0,34.93333180745443,shift_only,0.05815181080466981,0.9999860458046376,0.9999987398251496,False
10076,pilot_region_2,20.0,34.93333180745443,pose_1deg,0.5546177333521674,6.960282520302842e-303,1.0,False
10076,pilot_region_2,20.0,34.93333180745443,pose_2deg,1.0,0.0,1.0,True
10076,pilot_region_3,20.0,34.93333180745443,fixed_pose,0.034680442124381566,0.9999999999980869,0.9961359773067123,False
10076,pilot_region_3,20.0,34.93333180745443,shift_only,0.05910552714869271,0.9999995231785567,0.9999991505848953,False
10076,pilot_region_3,20.0,34.93333180745443,pose_1deg,0.5577403768502125,3.801110143999648e-294,1.0,False
10076,pilot_region_3,20.0,34.93333180745443,pose_2deg,1.0,0.0,1.0,True
10076,matched_center,20.0,34.93333180745443,fixed_pose,0.03468800078477121,0.9999999989716397,0.9961410586941439,False
10076,matched_center,20.0,34.93333180745443,shift_only,0.058919535105850115,0.9999638292416927,0.9999990792023882,False
10076,matched_center,20.0,34.93333180745443,pose_1deg,0.5605111959574696,0.0,1.0,False
10076,matched_center,20.0,34.93333180745443,pose_2deg,1.0,0.0,1.0,True
