dataset,feature,width_A,band_endpoint_A,pose_class,relative_width,center,half_width,no_data_half_width,approximate_reference,approximate_reference_inside,excludes_zero,uses_no_data,reference_inside_declared_class,inference_groups,maximum_group_size,calibrated_noise_sd
10028,pilot_region_1,20.0,40.20000100135803,fixed_pose,0.03406132935625312,1.3039526752270296,1.2090664293395335,35.49674813609611,0.81546669153106,True,True,False,True,45,7,0.33346729499189454
10028,pilot_region_1,20.0,40.20000100135803,shift_only,0.07852776588478205,1.3039526752270296,2.787480327302429,35.49674813609611,0.81546669153106,True,False,False,True,45,7,0.33346729499189454
10028,pilot_region_1,20.0,40.20000100135803,pose_1deg,1.0,2.1053099814281313,35.49674813609611,35.49674813609611,0.81546669153106,True,False,True,True,45,7,0.33346729499189454
10028,pilot_region_1,20.0,40.20000100135803,pose_2deg,1.0,2.1053099814281313,35.49674813609611,35.49674813609611,0.81546669153106,True,False,True,True,45,7,0.33346729499189454
10028,pilot_region_2,20.0,40.20000100135803,fixed_pose,0.03372382635561688,1.3006932793156771,1.1970861703307725,35.49674813609611,0.5467700831619715,True,True,False,True,45,7,0.3286881913020815
10028,pilot_region_2,20.0,40.20000100135803,shift_only,0.0752589617720391,1.3006932793156771,2.6714484110061574,35.49674813609611,0.5467700831619715,True,False,False,True,45,7,0.3286881913020815
10028,pilot_region_2,20.0,40.20000100135803,pose_1deg,1.0,1.9866827301931902,35.49674813609611,35.49674813609611,0.5467700831619715,True,False,True,True,45,7,0.3286881913020815
10028,pilot_region_2,20.0,40.20000100135803,pose_2deg,1.0,1.9866827301931902,35.49674813609611,35.49674813609611,0.5467700831619715,True,False,True,True,45,7,0.3286881913020815
10028,pilot_region_3,20.0,40.20000100135803,fixed_pose,0.03300458441213948,0.9941036066017557,1.1715554202142386,35.49674813609611,0.6437711743129646,True,False,False,True,45,7,0.3199280726319997
10028,pilot_region_3,20.0,40.20000100135803,shift_only,0.08098736969359269,0.9941036066017557,2.874788264218363,35.49674813609611,0.6437711743129646,True,False,False,True,45,7,0.3199280726319997
10028,pilot_region_3,20.0,40.20000100135803,pose_1deg,1.0,1.6453601201126125,35.49674813609611,35.49674813609611,0.6437711743129646,True,False,True,True,45,7,0.3199280726319997
10028,pilot_region_3,20.0,40.20000100135803,pose_2deg,1.0,1.6453601201126125,35.49674813609611,35.49674813609611,0.6437711743129646,True,False,True,True,45,7,0.3199280726319997
10028,matched_center,20.0,40.20000100135803,fixed_pose,0.03412550225075375,1.006378001280678,1.2113443584127868,35.49674813609611,0.6931089653620419,True,False,False,True,45,7,0.33326315751367397
10028,matched_center,20.0,40.20000100135803,shift_only,0.07687965815516673,1.006378001280678,2.7289778623231205,35.49674813609611,0.6931089653620419,True,False,False,True,45,7,0.33326315751367397
10028,matched_center,20.0,40.20000100135803,pose_1deg,1.0,0.3717919110418707,35.49674813609611,35.49674813609611,0.6931089653620419,True,False,True,True,45,7,0.33326315751367397
10028,matched_center,20.0,40.20000100135803,pose_2deg,1.0,0.3717919110418707,35.49674813609611,35.49674813609611,0.6931089653620419,True,False,True,True,45,7,0.33326315751367397
10049,pilot_region_1,20.0,19.68000030517578,fixed_pose,0.3300016420776272,2.4594060536681717,4.012390794810857,12.158699482674121,0.7101186148382819,True,False,False,True,26,12,1.3842614881307598
10049,pilot_region_1,20.0,19.68000030517578,shift_only,0.3527803965776205,2.4594060536681717,4.289350825365886,12.158699482674121,0.7101186148382819,True,False,False,True,26,12,1.3842614881307598
10049,pilot_region_1,20.0,19.68000030517578,pose_1deg,0.7284157564194137,2.4594060536681717,8.856588280748404,12.158699482674121,0.7101186148382819,True,False,False,True,26,12,1.3842614881307598
10049,pilot_region_1,20.0,19.68000030517578,pose_2deg,1.0,2.503250298185857,12.158699482674121,12.158699482674121,0.7101186148382819,True,False,True,True,26,12,1.3842614881307598
10049,pilot_region_2,20.0,19.68000030517578,fixed_pose,0.2459960828813257,1.1350353055218803,2.9909924456405106,12.158699482558166,0.7868744042302112,True,False,False,True,26,12,1.0318558115689482
10049,pilot_region_2,20.0,19.68000030517578,shift_only,0.2735843328929893,1.1350353055218803,3.3264296867820096,12.158699482558166,0.7868744042302112,True,False,False,True,26,12,1.0318558115689482
10049,pilot_region_2,20.0,19.68000030517578,pose_1deg,0.6479068375362875,1.1350353055218803,7.877704530298357,12.158699482558166,0.7868744042302112,True,False,False,True,26,12,1.0318558115689482
10049,pilot_region_2,20.0,19.68000030517578,pose_2deg,1.0,1.344624705255792,12.158699482558166,12.158699482558166,0.7868744042302112,True,False,True,True,26,12,1.0318558115689482
10049,pilot_region_3,20.0,19.68000030517578,fixed_pose,0.23332806773806866,0.6811492718389229,2.8369657261683567,12.15869892409644,-0.07058370450969512,True,False,False,True,26,12,0.9787132750331599
10049,pilot_region_3,20.0,19.68000030517578,shift_only,0.2607508721609357,0.6811492718389229,3.1703913488003765,12.15869892409644,-0.07058370450969512,True,False,False,True,26,12,0.9787132750331599
10049,pilot_region_3,20.0,19.68000030517578,pose_1deg,0.6222627323025796,0.6811492718389229,7.565905213752685,12.15869892409644,-0.07058370450969512,True,False,False,True,26,12,0.9787132750331599
10049,pilot_region_3,20.0,19.68000030517578,pose_2deg,1.0,1.2336003712424408,12.15869892409644,12.15869892409644,-0.07058370450969512,True,False,True,True,26,12,0.9787132750331599
10049,matched_center,20.0,19.68000030517578,fixed_pose,0.32315317464201193,2.328058280963271,3.929122337344604,12.158699482674967,0.8902779577186207,True,False,False,True,26,12,1.355533388768687
10049,matched_center,20.0,19.68000030517578,shift_only,0.3471795501688479,2.328058280963271,4.221251817033298,12.158699482674967,0.8902779577186207,True,False,False,True,26,12,1.355533388768687
10049,matched_center,20.0,19.68000030517578,pose_1deg,0.7214909869503695,2.328058280963271,8.77239208978811,12.158699482674967,0.8902779577186207,True,False,False,True,26,12,1.355533388768687
10049,matched_center,20.0,19.68000030517578,pose_2deg,1.0,2.2632773450804757,12.158699482674967,12.158699482674967,0.8902779577186207,True,False,True,True,26,12,1.355533388768687
10076,pilot_region_1,20.0,34.93333180745443,fixed_pose,0.11137075406278778,5.4771108147826775,3.2024373833881716,28.75474275394351,2.602104999822647,True,True,False,True,61,7,1.1039593838362507
10076,pilot_region_1,20.0,34.93333180745443,shift_only,0.12975459920240887,5.4771108147826775,3.7310601212063106,28.75474275394351,2.602104999822647,True,True,False,True,61,7,1.1039593838362507
10076,pilot_region_1,20.0,34.93333180745443,pose_1deg,0.6244436374985376,5.4771108147826775,17.955716160607203,28.75474275394351,2.602104999822647,True,False,False,True,61,7,1.1039593838362507
10076,pilot_region_1,20.0,34.93333180745443,pose_2deg,1.0,5.253032182896754,28.75474275394351,28.75474275394351,2.602104999822647,True,False,True,True,61,7,1.1039593838362507
10076,pilot_region_2,20.0,34.93333180745443,fixed_pose,0.10428521366898841,4.164178881424577,2.9986944920917953,28.75474275394351,2.324086130702635,True,True,False,True,61,7,1.0336026319053377
10076,pilot_region_2,20.0,34.93333180745443,shift_only,0.12265685133545648,4.164178881424577,3.5269662071597434,28.75474275394351,2.324086130702635,True,True,False,True,61,7,1.0336026319053377
10076,pilot_region_2,20.0,34.93333180745443,pose_1deg,0.6190690647942895,4.164178881424577,17.80117170508418,28.75474275394351,2.324086130702635,True,False,False,True,61,7,1.0336026319053377
10076,pilot_region_2,20.0,34.93333180745443,pose_2deg,1.0,5.0990371935563275,28.75474275394351,28.75474275394351,2.324086130702635,True,False,True,True,61,7,1.0336026319053377
10076,pilot_region_3,20.0,34.93333180745443,fixed_pose,0.11078454169299834,5.297279192398724,3.1855809974956966,28.75474275394351,2.5298000617325855,True,True,False,True,61,7,1.0981411588891463
10076,pilot_region_3,20.0,34.93333180745443,shift_only,0.1296146321980838,5.297279192398724,3.7270354060029036,28.75474275394351,2.5298000617325855,True,True,False,True,61,7,1.0981411588891463
10076,pilot_region_3,20.0,34.93333180745443,pose_1deg,0.6281824385668353,5.297279192398724,18.063224423534272,28.75474275394351,2.5298000617325855,True,False,False,True,61,7,1.0981411588891463
10076,pilot_region_3,20.0,34.93333180745443,pose_2deg,1.0,4.949306867716908,28.75474275394351,28.75474275394351,2.5298000617325855,True,False,True,True,61,7,1.0981411588891463
10076,matched_center,20.0,34.93333180745443,fixed_pose,0.11654914920619894,4.932392467602579,3.35134080361523,28.75474275394351,2.2855151154200293,True,True,False,True,61,7,1.1553595839306223
10076,matched_center,20.0,34.93333180745443,shift_only,0.13477923204425973,4.932392467602579,3.8755421460067487,28.75474275394351,2.2855151154200293,True,True,False,True,61,7,1.1553595839306223
10076,matched_center,20.0,34.93333180745443,pose_1deg,0.6362714221405884,4.932392467602579,18.295821065338416,28.75474275394351,2.2855151154200293,True,False,False,True,61,7,1.1553595839306223
10076,matched_center,20.0,34.93333180745443,pose_2deg,1.0,4.961024843604282,28.75474275394351,28.75474275394351,2.2855151154200293,True,False,True,True,61,7,1.1553595839306223
