dataset,position,state,source_index,old_bank_difference,new_bank_difference,bank0_logratio,bank0_model0_ess,bank0_model0_log_integral,bank0_model1_ess,bank0_model1_log_integral,bank1_logratio,bank1_model0_ess,bank1_model0_log_integral,bank1_model1_ess,bank1_model1_log_integral
10028,0,0,0,0.00022260573246057902,5.62440951341614e-05,-0.2207686234586106,2183.84542182007,-236.96027645375085,2185.3896946312107,-237.18104507720946,-0.22071237936347643,2198.2374689682083,-236.9486159892914,2200.030138161308,-237.16932836865487
10028,0,1,0,0.0001219399833018997,0.000279436121161325,-0.16780728978898196,2255.064064979796,-236.75990537198444,2256.8759670695235,-236.92771266177343,-0.1680867259101433,2198.679941799132,-236.77888039141203,2200.0801137428343,-236.94696711732217
10028,1,0,130,0.00018098852521575282,2.8799279391478194e-05,0.011282617986154264,2118.86980892588,-253.08811501951843,2109.577673679041,-253.07683240153227,0.011253818706762786,2193.3344267703264,-253.07016244607684,2185.1524609958824,-253.05890862737007
10028,1,1,130,8.02023660071427e-05,0.0002421271371133571,0.05422310027512367,2158.694128597228,-253.13741681065846,2150.1149292944338,-253.08319371038334,0.05446522741223703,2158.513010147651,-253.1504833848896,2150.0127094788427,-253.09601815747737
10028,2,0,260,2.3562044049185715e-05,0.00011835603297072339,0.015481488286440026,2331.664110552709,-238.42350077620077,2331.244034985549,-238.40801928791433,0.01559984431941075,2297.744117084879,-238.4402431556682,2297.147557619614,-238.4246433113488
10028,2,1,260,9.363003292151006e-05,2.2481572273136408e-05,0.06788214641537138,2385.426150547527,-238.46045280530842,2384.5467979553187,-238.39257065889305,0.06790462798764452,2289.6191065532107,-238.51141403434806,2288.666321937209,-238.44350940636042
10028,3,0,390,7.422582461913407e-05,0.0008315022770659652,-0.1285821847948796,2294.6494642551124,-235.20455355687986,2300.277450671517,-235.33313574167474,-0.12775068251781363,2359.8136827682606,-235.17025663433563,2366.1909209219975,-235.29800731685344
10028,3,1,390,8.157266304920086e-05,3.743410275092174e-06,-0.07594968268020352,2273.6112131608875,-235.12992450954144,2280.7076289115453,-235.20587419222164,-0.07595342609047862,2324.8210554922853,-235.11303841490505,2331.70597651822,-235.18899184099553
10028,4,0,520,0.000882572103222401,0.0006454275346925442,0.14646846657436186,2235.7119099958895,-233.63846271501723,2232.3253448479136,-233.49199424844286,0.1471138941090544,2247.0803702842045,-233.6345173435741,2243.768033794199,-233.48740344946503
10028,4,1,520,0.0016957740010070665,0.0024903065262265045,0.19563170386697948,2144.543851125197,-233.89005599754762,2140.159092396239,-233.69442429368064,0.19314139734075297,2190.5943866741486,-233.8725942628827,2186.6988971147784,-233.67945286554195
10028,5,0,650,0.00045681284834131475,0.00029611512158567166,0.06594865138313821,2267.0497324630587,-237.55860320033872,2254.1995394779474,-237.49265454895558,0.06624476650472388,2314.69141378391,-237.53527857338975,2301.825972543797,-237.46903380688502
10028,5,1,650,0.002232835597169469,0.0017277335560663687,0.1160361387533726,2242.5673120036467,-237.68190964714447,2228.4647109514535,-237.5658735083911,0.11430840519730623,2257.124175266621,-237.6706567444003,2240.975275253445,-237.556348339203
10028,6,0,780,1.557361451887118e-05,0.00027335262223004975,0.3258137646033106,2181.4865938868156,-239.59812557726258,2181.901705999375,-239.27231181265927,0.3260871172255406,2188.70034761384,-239.60229587261583,2189.0779141190337,-239.2762087553903
10028,6,1,780,1.1322148679937527e-05,0.00017818485727616462,0.3793988828590784,2164.1259578473387,-239.9951627075391,2164.035851233525,-239.61576382468002,0.37922069800180225,2188.1401648982455,-239.98414303654553,2188.104278509948,-239.60492233854373
10028,7,0,910,0.0005718824904761277,0.00093532334258839,-0.1604042859328274,2146.826412885534,-228.23132248948752,2152.497865503833,-228.39172677542035,-0.15946896259023902,2092.542316734352,-228.27051435634812,2096.054704883406,-228.42998331893835
10028,7,1,910,0.0003459269952941213,0.00011997407182207098,-0.11317144275631108,2144.656628877168,-228.11325540225135,2150.314540624815,-228.22642684500767,-0.11329141682813315,2126.128004753618,-228.15453379343236,2129.9483471570848,-228.2678252102605
10028,8,0,1040,0.00015727940683518682,2.694168131256447e-06,0.4063176086351632,2291.0940728433948,-231.54109413650244,2273.6026634632335,-231.13477652786727,0.40632030280329445,2308.645052129657,-231.5414222797052,2291.440990994051,-231.1351019769019
10028,8,1,1040,5.781712343377876e-05,0.00014875926203217205,0.4579126563950524,2316.5086117931246,-232.00547605789453,2298.7684881257414,-231.54756340149947,0.45776389713302024,2260.9454409591835,-232.03716138695856,2242.8642423556967,-231.57939748982554
10028,9,0,1170,0.0012314576059395677,0.0006839553388999775,-0.16583560147640242,2320.108473480337,-244.08906634364294,2328.011608649816,-244.25490194511934,-0.16515164613750244,2256.0067470889644,-244.12543915087124,2261.6070883196603,-244.29059079700875
10028,9,1,1170,0.0001278569949363373,5.6278544434462674e-05,-0.11121984100370241,2197.7930997437334,-244.05927992585927,2203.4600537302304,-244.17049976686297,-0.11127611954813688,2227.13299378121,-244.0318529224552,2233.8668700551666,-244.14312904200332
10028,10,0,1300,0.00034305108277976615,0.0005223475964157842,-0.16305790984839064,2289.961153568689,-232.9236079804003,2291.0521261830186,-233.0866658902487,-0.16358025744480642,2248.805890885705,-232.9396805427303,2250.185468149678,-233.1032608001751
10028,10,1,1300,0.00025491702228919166,1.8976039939389011e-06,-0.1123802687126556,2298.9595479792997,-232.79399211458082,2300.9220376140775,-232.90637238329347,-0.11238216631664955,2321.7582189474274,-232.7732586473171,2323.7633911776393,-232.88564081363376
10028,11,0,1430,0.00019459026975710003,0.0001218357949142046,0.0794461432146818,2267.659415340336,-269.39722130368375,2269.515151485497,-269.31777516046907,0.079567979009596,2198.8828103682104,-269.44699309822835,2199.573914270561,-269.36742511921875
10028,11,1,1430,0.0004190100667642582,9.692240075764857e-05,0.13226085737954918,2204.874096981395,-269.562200299603,2206.6724407882643,-269.42993944222343,0.13216393497879153,2264.7593722545353,-269.5306719720001,2265.334295177617,-269.3985080370213
10028,12,0,1560,0.0007759255040866719,0.0007895564674242905,-0.11356379174691256,2269.995074981263,-239.26096341830856,2255.5055442998896,-239.37452721005548,-0.11277423527948827,2160.942294273523,-239.27711935849652,2145.4558559427055,-239.389893593776
10028,12,1,1560,0.00035047788023234716,0.00048711839724546735,-0.06905657650051467,2197.794475605257,-239.22587029720918,2183.673911574046,-239.2949268737097,-0.06954369489776013,2174.7172836179743,-239.25830275663807,2161.486785364425,-239.32784645153583
10028,13,0,1690,0.0001707137814150883,0.0003162991006036009,0.05088898010680509,2219.2338196685196,-202.74876410646218,2202.352671405682,-202.69787512635537,0.051205279207408694,2241.542781781579,-202.75192064664492,2223.4503121730804,-202.7007153674375
10028,13,1,1690,0.0009397929001124794,0.0007591489236062898,0.0960339225664768,2234.0445259386956,-202.836845864476,2217.648540267213,-202.74081194190953,0.0967930714900831,2251.1547260270545,-202.81478997823447,2232.6892176928854,-202.7179969067444
10028,14,0,1820,0.00019859147263900923,0.00021870183994110448,0.34271470334812193,2261.6948391672445,-249.11215953745466,2265.966523497584,-248.76944483410654,0.34293340518806303,2260.470639487266,-249.12645081537687,2265.213735522993,-248.7835174101888
10028,14,1,1820,0.0003315538053243472,0.000862774735281846,0.387539168216847,2320.684741321597,-249.48237228924722,2324.158026030083,-249.09483312103038,0.3884019429521288,2258.767086469484,-249.50778646300708,2260.8561467232976,-249.11938452005495
10028,15,0,1950,0.0013537277980333329,0.0011779625198755639,-0.42561344381695676,2250.8980416433224,-246.69295823387884,2281.717067510713,-247.1185716776958,-0.4267914063368323,2140.557774088895,-246.76192519757595,2170.825676332654,-247.18871660391278
10028,15,1,1950,0.0008096329945033176,0.0014310780315156535,-0.37817906862642303,2104.5274786917007,-246.3833537751875,2130.28362643886,-246.7615328438139,-0.3796101466579387,2189.927892409115,-246.33637477968412,2223.3480235223033,-246.71598492634206
10028,16,0,2080,0.0006412398027180188,2.6942225503034933e-05,0.47749979587544544,2330.009783845962,-240.98735778641893,2334.2595237145824,-240.50985799054348,0.4774728536499424,2343.7475199632927,-240.9787615066292,2348.462215439908,-240.50128865297927
10028,16,1,2080,0.00022781553155937218,0.0004206751540323239,0.533978732495342,2310.794590071126,-241.5102234083019,2315.77267350793,-240.97624467580656,0.5343994076493743,2316.1159441552636,-241.50952550717844,2321.1541267152816,-240.97512609952906
10028,17,0,2210,0.0002200980296436228,0.00047148014004960714,-0.006001905037209099,1100.0244874736711,-238.73979818301876,1144.9090632770055,-238.74580008805597,-0.006473385177258706,1081.1264818146292,-238.70858426307692,1127.0264552206706,-238.71505764825417
10028,17,1,2210,0.00019482957512195753,0.0021378379002783277,0.03444566161587659,1077.480685520588,-238.7113353786903,1123.0872049165632,-238.67688971707443,0.036583499516154916,1175.5034358796092,-238.74552508385577,1221.5094588279903,-238.7089415843396
10028,18,0,2340,0.00031797725247884046,1.9335627257532906e-05,-0.4983414548894416,2312.186357079601,-206.32897354163518,2310.974373592219,-206.82731499652462,-0.49832211926218406,2258.086522333994,-206.34431017108534,2257.1012859105977,-206.84263229034752
10028,18,1,2340,0.00043584981489175334,0.0003856784520621659,-0.4449321613983557,2293.6272388681427,-205.88538323389525,2292.3573763521595,-206.3303153952936,-0.4445464829462935,2264.264299827977,-205.90653080370524,2262.5825974874942,-206.35107728665153
10028,19,0,2470,0.00034790971895404255,0.00017597539371649873,0.14577508268058637,2256.4048110515023,-246.32480822345866,2245.482911169588,-246.17903314077807,0.14559910728686987,2232.3417378515064,-246.33397348447065,2220.022140882228,-246.18837437718378
10028,19,1,2470,0.00011897124647930468,5.426166694633139e-06,0.19970522097077037,2200.7989844023596,-246.55063212259358,2188.4968864545194,-246.3509269016228,0.19969979480407574,2250.3347355007304,-246.52363263377316,2235.5030991053263,-246.32393283896909
10028,20,0,2600,0.001106970112232375,0.0021188646708196757,-0.03951546044706333,2275.9625847858215,-232.5794815099865,2273.397900715486,-232.61899697043356,-0.04163432511788301,2230.4933625288563,-232.5970848553385,2228.407839930652,-232.63871918045638
10028,20,1,2600,0.0015107283964255203,0.001606762406481721,0.00839812695747355,2239.4050646349274,-232.627587192957,2237.414961995988,-232.61918906599954,0.010004889363955272,2234.2841097800965,-232.62642217478526,2232.625001195086,-232.6164172854213
10028,21,0,2730,0.0003017416344164303,0.0005646711248346037,-0.3274575646982214,2160.461260669735,-197.8596913867251,2155.039673712136,-198.18714895142332,-0.328022235823056,2139.5762383750375,-197.8768503392588,2133.693094112109,-198.20487257508185
10028,21,1,2730,0.00040634300427200287,0.0011784970727148902,-0.2777718072510993,2190.2785742127294,-197.56537425875283,2185.3048369336843,-197.84314606600392,-0.2789503043238142,2227.0778396945943,-197.54142375506524,2222.8416149211425,-197.82037405938905
10028,22,0,2860,0.0011643997479779955,0.0006017094873129736,0.01792774493850402,2274.566962884529,-241.52794867558063,2269.279826644167,-241.51002093064213,0.018529454425816994,2292.154406785602,-241.51904591655008,2286.954753933449,-241.50051646212427
10028,22,1,2860,0.0005326908680842735,7.71646846828844e-05,0.06986712940334883,2237.480590441506,-241.6195065762342,2233.030786480175,-241.54963944683084,0.06994429408803171,2257.9600307971577,-241.60673990271576,2254.086233856857,-241.53679560862773
10028,23,0,2990,0.0006265654194805848,0.0004603004277328182,-0.2693216916239294,2270.409294309374,-237.49275368698378,2267.969592089388,-237.7620753786077,-0.26886139119619656,2218.461694752336,-237.5141581821096,2216.112505208127,-237.7830195733058
10028,23,1,2990,6.441434422299608e-05,0.0002501969987065422,-0.21757209657201315,2156.729607950624,-237.3311537369206,2155.1582375926555,-237.54872583349263,-0.2173218995733066,2254.170146007216,-237.28305372806815,2251.7067916250776,-237.50037562764146
10028,24,0,3120,0.0009756839863825917,0.0015929680470776475,0.10821837625462649,2269.131950308052,-231.99857173249615,2260.3042400995705,-231.89035335624152,0.10981134430170414,2200.986043177247,-232.0231254563705,2192.334496332545,-231.9133141120688
10028,24,1,3120,0.00017499927344033495,0.0003919245390875403,0.16090633978060964,2162.3460988359507,-232.17351425022946,2153.974545246664,-232.01260791044885,0.16129826431969718,2173.7895140117002,-232.1828081609579,2166.123106244142,-232.0215098966382
10028,25,0,3250,7.732322785614087e-06,0.00029565901243699955,0.41156538995826963,2402.5214516929955,-225.42108639767824,2408.8120130653856,-225.00952100771997,0.41126973094583263,2375.229245254591,-225.41896455334916,2381.2270392706478,-225.00769482240332
10028,25,1,3250,0.0002548860242086448,0.00011781586923120813,0.46485909668194836,2381.6420513112894,-225.88180754776184,2387.3809363945443,-225.4169484510799,0.46474128081271715,2388.821520549441,-225.89260379464568,2394.01525921814,-225.42786251383296
10028,26,0,3380,0.0009165535462329899,0.0010551335467141598,-0.3311044898564717,2281.3240547904925,-263.9124589888774,2292.118037733032,-264.24356347873385,-0.33215962340318583,2234.5128055690743,-263.92648004747844,2246.151007389725,-264.2586396708816
10028,26,1,3380,0.00018440749875026086,0.0010998969718514218,-0.2791959257122585,2279.139101001907,-263.63677609303886,2290.5218244259004,-263.9159720187511,-0.27809602874040706,2215.4989050248405,-263.6575130233741,2226.922376283299,-263.93560905211456
10028,27,0,3510,0.00013097762411007352,0.0001353113626691993,-0.2848993527446453,2269.245861048057,-212.92522984513403,2267.128870062128,-213.21012919787867,-0.2850346641073145,2362.4168979539527,-212.88030265334268,2360.065288326135,-213.16533731745
10028,27,1,3510,0.0005085401625422037,0.0008751693468980193,-0.2293815457528865,2321.16562829,-212.6670939675722,2318.7136759851983,-212.8964755133251,-0.22850637640598848,2291.9744786616307,-212.68013561850634,2289.385906773549,-212.90864199491233
10028,28,0,3640,4.158753264960069e-05,0.00028497662265181134,0.33198856929229237,2305.3969518142267,-220.60978496919003,2304.984700692708,-220.27779639989774,0.33170359266964056,2255.1215907396986,-220.62503738599366,2255.2013958583975,-220.29333379332402
10028,28,1,3640,0.0002872767664428011,0.0001901031393458652,0.38161049857677654,2268.1129035623694,-221.0093183017649,2267.5375749067466,-220.62770780318812,0.38142039543743067,2356.7254248198465,-220.95157817991867,2356.6205615587764,-220.57015778448124
10028,29,0,3770,0.00027860935028911626,0.0007718069265649774,-0.2715145758065489,2281.2938378088347,-215.02917743082276,2283.3389791161485,-215.3006920066293,-0.2722863827331139,2247.587425296213,-215.0527501921019,2250.896040389825,-215.32503657483502
10028,29,1,3770,1.1451064978018621e-05,0.0008807219354594054,-0.2196448217217153,2132.4733928228025,-214.87066572191952,2134.3634496273603,-215.09031054364124,-0.2205255436571747,2195.3765858172005,-214.8436649993818,2197.348458935427,-215.06419054303896
10028,30,0,3900,0.0003400253580707613,0.00047809336277282455,0.12074117821444474,2206.9010087929482,-220.30736967430147,2210.5437787100873,-220.18662849608702,0.12026308485167192,2173.5894490464707,-220.3164987132629,2177.5439326569017,-220.19623562841122
10028,30,1,3900,0.00015414929865187332,0.00027635349766796935,0.16847148678834856,2244.7794879383855,-220.49556881467817,2249.00467765761,-220.32709732788982,0.16874784028601653,2233.088095979971,-220.48978692864534,2238.7104032152697,-220.32103908835933
10028,31,0,4030,0.0008026760743291561,0.0005639708583942138,0.1020309849530463,2260.572713178397,-229.2137468951684,2263.6574754190283,-229.11171591021537,0.10146701409465209,2342.730360936159,-229.1824451762166,2347.158851432628,-229.08097816212194
10028,31,1,4030,0.0002377856252451238,0.0011820621228082473,0.15819287600515963,2234.1698807609428,-229.33309426587186,2238.256052373212,-229.1749013898667,0.15701081388235139,2262.840975973092,-229.30982199781295,2266.7114299903374,-229.1528111839306
10028,32,0,4160,0.0003144177771332579,0.0003700715180912084,-0.13587127095058804,2312.92704484792,-235.65073045031832,2318.9783338018383,-235.7866017212689,-0.13550119943249683,2246.4161505406228,-235.68580268191354,2251.1261318263655,-235.82130388134604
10028,32,1,4160,0.0008821531715739184,0.0006396405265149951,-0.08403016181242151,2288.339261135257,-235.59943982877544,2292.4150456894686,-235.68346999058787,-0.08339052128590652,2208.9418611847886,-235.63498038053316,2213.019664255969,-235.71837090181907
10028,33,0,4290,0.0008144984843738712,0.00016547471247463363,0.2205866182987677,2315.1904378258414,-241.4717090982118,2304.103967027459,-241.25112247991302,0.22075209301124232,2202.7272740335643,-241.52989227058487,2193.8154553579225,-241.30914017757362
10028,33,1,4290,0.00023791226138314414,0.00012768187028200373,0.27154086026533264,2229.906697053824,-241.7830628296773,2221.583380079038,-241.51152196941197,0.27166854213561464,2259.869686650904,-241.75921553990509,2252.8016832078465,-241.48754699776947
10028,34,0,4420,0.00014335583301772203,0.00042445525764378544,0.04279778531787315,2429.970445858796,-214.72694578535453,2425.8187194881593,-214.68414800003666,0.042373330060229364,2400.7056121962196,-214.7537335261281,2394.2564944668707,-214.71136019606786
10028,34,1,4420,0.00011737244338405617,0.0022493092884587895,0.09050390764139138,2408.4537834385665,-214.8384090082954,2401.70808247601,-214.747905100654,0.09275321692985017,2399.336820152526,-214.8433650602315,2392.441023116331,-214.75061184330164
10028,35,0,4550,0.0002083346012682341,0.0012060050501077058,0.28096948237259767,2287.5619416813856,-239.07095486455546,2290.500895733089,-238.78998538218286,0.2821754874227054,2245.36611734176,-239.07801891553166,2247.5815420487056,-238.79584342810895
10028,35,1,4550,0.00029536073887470593,0.00032905852970088745,0.3374441908638346,2242.0169076319435,-239.42331569854798,2245.466161920788,-239.08587150768415,0.3377732493935355,2233.7327528987526,-239.42788002986686,2236.591392292412,-239.09010678047332
10028,36,0,4680,0.0006561671783913425,0.0005021567534413407,0.17613924209069864,2258.7788127310832,-220.8697941999084,2257.9681580974193,-220.6936549578177,0.17664139884413999,2282.4009150254005,-220.85802709337645,2281.26430207065,-220.6813856945323
10028,36,1,4680,0.00021908002278792083,0.000581751781425055,0.22108180434420888,2304.488191713496,-221.06699922818615,2303.599470552271,-220.84591742384194,0.22166355612563393,2277.9385578456377,-221.07531350298194,2277.574774716608,-220.8536499468563
10028,37,0,4810,0.0015394295909345601,0.0013051527592153889,0.049984104995758116,2346.3512995267565,-232.14256282952388,2342.5301653013944,-232.09257872452812,0.051289257754973505,2292.5774863396227,-232.16905694904358,2286.5176447724193,-232.1177676912886
10028,37,1,4810,0.0006494454133871841,0.0007414033791235397,0.09592477981064462,2294.3391301232186,-232.26092081186596,2291.7097779767205,-232.1649960320553,0.09666618318976816,2253.5206913614475,-232.27106869933212,2249.561060110542,-232.17440251614235
10028,38,0,4940,0.00027834529407755326,0.0005181136932606023,0.034189665040202044,1823.6641037483475,-227.5415944680859,1863.2001661247093,-227.5074048030457,0.034707778733462646,1856.5923262692354,-227.56765490171247,1896.2254806886972,-227.532947122979
10028,38,1,4940,9.717390867081122e-06,0.0002930894302721754,0.08633586427026785,1893.1804101746134,-227.60263001011117,1931.2415820675315,-227.5162941458409,0.08662895370054002,1779.5581722357279,-227.66008486221457,1819.936025660465,-227.57345590851403
10028,39,0,5070,0.0014126028975738336,0.0016730622594138822,-0.329573245007623,2248.3020334605153,-234.2892479431867,2255.266476932248,-234.61882118819432,-0.33124630726703685,2373.74579069057,-234.22366343673926,2380.644741215969,-234.5549097440063
10028,39,1,5070,0.0002039794993606847,0.00011641213268376305,-0.2871776601814702,2293.26963225375,-233.989764105623,2299.397314354731,-234.27694176580448,-0.2870612480487864,2262.4407764965404,-234.02612765091254,2267.9005659003788,-234.31318889896133
10028,40,0,5200,0.00022655549042838175,0.0003988596845658776,0.004851112630404941,2249.761256904519,-242.0546444818689,2256.643909559169,-242.0497933692385,0.005249972314970819,2328.135502888112,-242.02736119624473,2331.6790456716194,-242.02211122392976
10028,40,1,5200,0.0004663746751703002,0.0011300890475922643,0.05751319244802744,2295.460952119904,-242.10967437417986,2297.823395023287,-242.05216118173183,0.056383103400435175,2178.0730696316978,-242.1637147208894,2180.667983845655,-242.10733161748897
10028,41,0,5330,0.0005041833991299427,4.0694516997064056e-05,-0.20135976867496197,2258.8476832860147,-239.12521002706805,2247.1547244583708,-239.326569795743,-0.2013190741579649,2344.39185220326,-239.07866007446611,2331.6607414878913,-239.27997914862408
10028,41,1,5330,0.0004538377643257263,0.0009056513598864058,-0.1498971775824316,2301.2378175758404,-238.95300620955524,2290.8189804801905,-239.10290338713767,-0.1489915262225452,2293.2482247249186,-238.97673359812825,2280.9659093697965,-239.1257251243508
10028,42,0,5460,0.0015785091631244086,0.0002951030299414015,-0.15641797548749992,1717.6394278780824,-240.4381862180532,1819.9286252130114,-240.5946041935407,-0.15671307851744132,1650.19499972103,-240.421593144443,1751.9623272617719,-240.57830622296044
10028,42,1,5460,0.00023070366094657402,0.001941344414831292,-0.11240807847264023,1502.7063293288252,-240.37264907216635,1601.5478633217379,-240.485057150639,-0.11434942288747152,1471.9447842417887,-240.368731378223,1569.8624985381155,-240.48308080111048
10028,43,0,5590,0.0006842889468430258,0.0007793002751554923,-0.1905255434656965,2219.5248624262813,-231.0542507153217,2220.636113728038,-231.2447762587874,-0.189746243190541,2193.0458714831884,-231.08217126891694,2193.2274513793172,-231.27191751210748
10028,43,1,5590,3.513806797172947e-05,0.00033908231060308935,-0.1373568908106222,2243.6351462451294,-230.91617672468257,2244.6612614687247,-231.0535336154932,-0.1370178085000191,2260.2519632034655,-230.9127778123972,2260.752542388911,-231.0497956208972
10028,44,0,5720,0.0013995405163598207,0.001403879764524163,0.007284460418816252,2223.947549694678,-233.63392291801932,2231.390342026246,-233.6266384576005,0.005880580654292089,2178.2544163940975,-233.64837560934544,2185.1409180945147,-233.64249502869114
10028,44,1,5720,0.0011361843351096468,0.0010166925471253307,0.05715014939721641,2208.132225468064,-233.68341360588417,2213.661313636254,-233.62626345648695,0.05613345685009108,2170.2714571067686,-233.68362338235556,2178.243729912041,-233.62748992550547
10028,45,0,5850,0.0005435556896031812,0.00036014175427112605,0.08930580992171144,2374.7366513764837,-244.96404885993738,2381.4788200396583,-244.87474305001567,0.08966595167598257,2307.5329537735165,-244.99293199799652,2314.097068185234,-244.90326604632054
10028,45,1,5850,0.0003063554158870829,0.0005790397591738383,0.1418840167881399,2262.0912916383363,-245.19147278478576,2269.0624147249737,-245.04958876799762,0.14246305654731373,2344.718743912446,-245.14235226610887,2351.223252837562,-244.99988920956156
10028,46,0,5980,0.0002388327006315194,0.00038742539996405867,0.01587816433811895,2228.681163127495,-225.1961488706317,2232.8675378867833,-225.18027070629358,0.015490738938154891,2251.6631441210825,-225.17060403867256,2256.486503932814,-225.1551132997344
10028,46,1,5980,0.0001430568667899479,0.00023573685990641025,0.05931338593748592,2230.2889705576886,-225.25098123279963,2234.9205183970103,-225.19166784686215,0.05954912279739233,2317.6140708468524,-225.20113015625108,2322.3531483747506,-225.1415810334537
10028,47,0,6110,0.0002954605977834035,5.698880053728317e-05,-0.3158678093740832,2176.318544152158,-238.26845581617468,2194.1483762754915,-238.58432362554876,-0.3158108205735459,2232.185042357887,-238.25005780356653,2249.9193452023947,-238.56586862414008
10028,47,1,6110,0.00027831429159164145,0.0008198806050359053,-0.2675608357054955,2125.9383491874087,-237.9710549839728,2149.7987054029963,-238.2386158196783,-0.2683807163105314,2165.6990243464606,-237.92259535520785,2190.7240843780264,-238.19097607151838
10028,48,0,6240,0.0005442422581722894,0.0003140789746112205,0.301957948391987,2267.0637908285075,-214.37575654723344,2264.234090559598,-214.07379859884145,0.30164386941737575,2251.4918026523355,-214.39590004560438,2248.1377588889986,-214.094256176187
10028,48,1,6240,0.0002166590500678467,0.0001454180668929439,0.35416276496968635,2232.337396287413,-214.7478458706203,2229.797278276599,-214.3936831056506,0.3543081830365793,2188.1581974520604,-214.76357822454972,2185.4611177482852,-214.40927004151314
10028,49,0,6370,0.0001299592180998843,0.0005366754392071016,-0.1122885808935905,2319.8762315232357,-231.41914067034196,2327.0626521774293,-231.53142925123555,-0.1117519054543834,2262.8381938475914,-231.45055122904176,2268.47414984644,-231.56230313449615
10028,49,1,6370,0.0010199202152705311,0.0010815516594391283,-0.06802837961745922,2283.948403127261,-231.385010855257,2290.838580354075,-231.45303923487447,-0.0669468279580201,2310.3377503410425,-231.36411674883988,2316.370744399079,-231.4310635767979
10028,50,0,6500,0.00024707076576646614,0.0005300913489918457,0.1752836093685346,2262.4569870850637,-225.10923652940508,2289.897717455952,-224.93395292003655,0.17475351801954275,2259.393228184068,-225.09447848120956,2288.7312624006145,-224.91972496319002
10028,50,1,6500,7.831707435457247e-05,0.0007203441909666708,0.2243058833141447,2233.29612281882,-225.36155656515135,2261.830710592676,-225.1372506818372,0.22502622750511136,2247.5527059448837,-225.35527459927698,2277.2146585886467,-225.13024837177187
10028,51,0,6630,0.0003806678629700855,0.0009993378271531128,0.047947444192146804,2264.456548673422,-224.2387129399753,2260.854502607519,-224.19076549578315,0.04894678201929992,2277.403051794071,-224.23540902106612,2272.933159749682,-224.18646223904682
10028,51,1,6630,0.0005042823991914247,0.0005395989604721763,0.09264498630628282,2192.7757373195404,-224.3851510004398,2189.304135492113,-224.29250601413352,0.093184585266755,2283.4686267594243,-224.3349877834597,2279.406624618949,-224.24180319819294
10028,52,0,6760,7.427227117773327e-05,0.0003266235578962551,0.11373393967514289,2167.2417347023606,-220.17139425974904,2176.981719628983,-220.0576603200739,0.11340731611724664,2203.840749050312,-220.1660711282273,2213.420238574206,-220.05266381211004
10028,52,1,6760,0.0003962295428721063,0.0005935583156428947,0.1636060914986217,2150.2783611983937,-220.36995396040106,2158.90584652127,-220.20634786890244,0.1641996498142646,2209.059762669806,-220.35058843100632,2217.5095763221425,-220.18638878119205
10028,53,0,6890,4.6072754628312396e-05,0.00029828241818563583,0.14560372096801188,2279.421539105475,-210.2868856663546,2278.8177859574353,-210.1412819453866,0.14530543854982625,2250.8798590183583,-210.30383761274456,2250.601920365583,-210.15853217419473
10028,53,1,6890,0.0005145972302784685,0.0006589267201206894,0.19796435949410807,2263.0124691354176,-210.48955029959748,2262.2590078398816,-210.29158594010337,0.19862328621422876,2320.10879970984,-210.46016710252061,2319.7429128307886,-210.26154381630639
10028,54,0,7020,0.003533967848454722,9.160320925616361e-05,-0.28514856528184396,1413.4650682414783,-232.61641576937768,1423.923824674359,-232.90156433465953,-0.2850569620725878,1354.497742330408,-232.68228326685087,1363.1621956605322,-232.96734022892346
10028,54,1,7020,0.0027672055298921805,0.004418460319101314,-0.23402761120047444,1793.3492101783308,-232.39171026773715,1742.4770456052029,-232.62573787893763,-0.23844607151957575,1744.8667794724993,-232.42277098426047,1698.4971660180038,-232.66121705578004
10028,55,0,7150,0.0005040907708462328,0.0006019006529811577,-0.31318985064976346,2363.1455315027406,-237.25194475356827,2362.77834394035,-237.56513460421803,-0.3125879499967823,2392.053763635768,-237.26167196130098,2391.8619278856045,-237.57425991129776
10028,55,1,7150,3.842405300247265e-05,0.0001880807419922803,-0.2616749047512599,2292.975994456153,-237.04142131145997,2294.4561639430085,-237.30309621621123,-0.2614868240092676,2285.883168989698,-237.03017594470901,2284.5912251752884,-237.29166276871828
10028,56,0,7280,0.00036769208924170016,0.0010876501495999946,0.47488204457815186,2190.4206362104546,-227.48036634308508,2196.4226379056067,-227.00548429850693,0.47379439442855187,2265.8308877454883,-227.4319183488242,2272.1236511728775,-226.95812395439566
10028,56,1,7280,0.00023300141748450187,0.0007694428162210443,0.5270638091137982,2338.7842196366646,-227.9468025427628,2345.8862671174174,-227.419738733649,0.5262943662975772,2311.668540075316,-227.95028601649986,2320.0840757415863,-227.42399165020228
10028,57,0,7410,7.28356563968191e-05,2.240829738298089e-05,-0.24224594372159913,2248.654380450371,-240.50053695041973,2246.531550680891,-240.74278289414133,-0.24222353542421615,2262.6315583124974,-240.49098955597609,2260.630478120323,-240.7332130914003
10028,57,1,7410,0.0002721904225211347,0.0005834752764712903,-0.19004399846670594,2339.29255902469,-240.29077689377408,2337.2478768660258,-240.48082089224079,-0.19062747374317723,2237.383930127959,-240.3358662020864,2235.9798041540967,-240.52649367582958
10028,58,0,7540,0.00019052604267244533,0.000345745633325123,-0.34212679441390037,2206.8092785640615,-251.56178362835146,2217.49772612991,-251.90391042276536,-0.34178104878057525,2215.8170729979947,-251.57723793810578,2226.436488016989,-251.91901898688636
10028,58,1,7540,8.69198879911437e-05,0.001357573574637172,-0.29066424696253534,2304.5744161452376,-251.2469415064498,2316.690411163593,-251.53760575341232,-0.2920218205371725,2211.782884632837,-251.2938675279828,2222.7794832328955,-251.58588934851997
10028,59,0,7670,0.00011708437057222909,0.0001748696602135169,-0.2377114906951192,2229.195209790427,-262.842963141926,2222.634202807432,-263.08067463262114,-0.2375366210349057,2162.4854883691937,-262.8856246429218,2155.882306222804,-263.1231612639567
10028,59,1,7670,0.0001175078938047136,0.0002958567251596378,-0.18424387170037448,2218.045630657551,-262.6683522546162,2210.7863242052895,-262.8525961263166,-0.18453972842553412,2160.522119526491,-262.70226587511706,2154.022864606833,-262.8868056035426
10028,60,0,7800,0.00026170319557650146,0.00042207896791524036,-0.15708784918027163,2174.189003028801,-211.00572667543753,2165.1722989926548,-211.1628145246178,-0.1566657702123564,2184.484126604961,-210.99747691257835,2175.576634933705,-211.1541426827907
10028,60,1,7800,0.00010258903270710107,0.0005093222159189281,-0.10681196363438517,2225.1216426896876,-210.87872669101012,2216.091138549708,-210.9855386546445,-0.10630264141846624,2181.647466267835,-210.90647566938733,2174.3312132999085,-211.0127783108058
10028,61,0,7930,0.00032102256844268595,0.000262444621597524,-0.34809055764088725,2217.9335740450856,-218.64665585032998,2213.49200343019,-218.99474640797087,-0.34782811301928973,2134.3409433440456,-218.6727706815798,2128.746232632451,-219.0205987945991
10028,61,1,7930,0.0009427783093656217,0.0010467741523711993,-0.2975406483338645,2200.549041626988,-218.35811101751918,2195.8990876263592,-218.65565166585304,-0.2964938741814933,2167.0459635124025,-218.35701978766136,2162.8265213855725,-218.65351366184285
10028,62,0,8060,8.04147683481915e-05,0.0002812555925686411,-0.058087470184744916,2273.2719259821283,-247.53128073462784,2272.872995297945,-247.5893682048126,-0.05836872577731356,2251.748833177341,-247.558516750372,2251.5339648563527,-247.61688547614932
10028,62,1,8060,1.0629828466335312e-05,0.0003139090737818151,-0.006032241445410591,2200.5146902026936,-247.5525113052706,2200.196841599406,-247.558543546716,-0.005718332371628776,2176.346177219301,-247.56014205989578,2176.335672490561,-247.5658603922674
10028,63,0,8191,0.0012627732512839884,0.0018222443844706504,0.21960673061826697,1649.2397161551696,-227.97783584883425,1586.6434328089063,-227.75822911821598,0.22142897500273762,1613.335209033917,-227.9603408452222,1541.1381053454922,-227.73891187021945
10028,63,1,8191,0.0015362801007654525,0.00039611561385299865,0.27319236697144333,1567.3724527081824,-228.24622998579216,1503.6604037454558,-227.9730376188207,0.27279625135759034,1743.2771600115047,-228.19783598959629,1677.4722096319979,-227.9250397382387
10049,0,0,0,0.006133678351346816,0.004733480593245076,0.28036108620059963,1884.880032082896,-232.1102298409367,1819.6365735096122,-231.8298687547361,0.2850945667938447,1833.7464474139363,-232.09713628486497,1770.9700194019395,-231.81204171807113
10049,0,1,0,0.00020556298539986528,0.002990989392941401,0.3528139322203572,1875.7189457705801,-232.39125587936695,1822.8120397671835,-232.0384419471466,0.3558049216132986,1838.8215356970206,-232.4169921403519,1796.6123477878255,-232.0611872187386
10049,1,0,130,0.008898082778074468,0.0015363347982315645,-0.750170728945136,2023.4034329240953,-227.64581871123522,1886.7619402657492,-228.39598944018036,-0.7517070637433676,1997.8571714627958,-227.6364123708062,1756.0389418642883,-228.38811943454957
10049,1,1,130,0.0004286095503402976,0.006866383524709363,-0.6929472977816715,2238.9608579475725,-226.7696526674111,2160.2777745088097,-227.46259996519277,-0.6860809142569622,1824.5229831545835,-226.77256871930524,1497.6587782878455,-227.4586496335622
10049,2,0,260,0.0011053046948177325,0.0015095122759021251,0.19833410567704846,2845.2962234658767,-227.42082871831147,2862.5951976687134,-227.22249461263442,0.19682459340114633,2852.17048129264,-227.42283174475548,2880.1557754540017,-227.22600715135434
10049,2,1,260,0.0013698491212608133,0.001031511336435642,0.24911954577268602,2762.2129870589188,-227.62288883508558,2791.0958873017016,-227.3737692893129,0.24808803443625038,2822.611372478588,-227.58814236014263,2848.985895500261,-227.34005432570638
10049,3,0,390,0.004523938734308786,0.004759271802498688,-0.07018637181107579,2332.755761707379,-244.80191755814954,2430.8407558091003,-244.87210392996062,-0.0654271000085771,2360.8709910619714,-244.78967613199814,2458.8770602961927,-244.8551032320067
10049,3,1,390,0.001725156858498167,0.0022493313400673287,0.03888012269749197,2294.337094828769,-244.71661031123818,2407.9009756694113,-244.6777301885407,0.0411294540375593,2285.8251071678346,-244.75193382787003,2392.735041641506,-244.71080437383247
10049,4,0,520,0.0014379473818735278,0.0006547172672242141,-0.12900276213036932,2391.141213680171,-235.35777929568235,2329.6009473171293,-235.48678205781272,-0.1283480448631451,2381.6811565091725,-235.37330354671866,2323.5972235851145,-235.5016515915818
10049,4,1,520,0.0015383307271861213,0.00010381035269801941,-0.06022524606663637,2356.0404578652156,-235.33616029683657,2286.0316291788936,-235.3963855429032,-0.06032905641933439,2436.377474286134,-235.28405649635738,2377.2762881677963,-235.3443855527767
10049,5,0,650,0.004914957794369457,0.00205522276235115,0.055432985248188515,1709.1165568419103,-227.55168567209614,1491.9279469709213,-227.49625268684795,0.053377762485837366,1728.0062180076322,-227.5836084557303,1606.7624121825318,-227.53023069324448
10049,5,1,650,0.008589825808769547,0.005965632177264979,0.15681585494257888,1780.508844027775,-227.44673566670477,1707.6473041455426,-227.2899198117622,0.16278148711984386,1760.302131191848,-227.4661468672431,1719.9412464095747,-227.30336538012327
10049,6,0,780,0.00100042106902265,0.0012364231330934672,-0.3683731988069212,2672.989729401267,-213.55891365369146,2669.7891888521704,-213.92728685249838,-0.36713677567382774,2591.459492945786,-213.56879954124236,2589.62031500199,-213.93593631691618
10049,6,1,780,0.00179769419324316,0.0006084148211584761,-0.29920726942916076,2715.489563607515,-213.20035058753402,2719.5594366641126,-213.49955785696318,-0.2985988546080023,2651.787862665529,-213.2108584351626,2658.000269077768,-213.5094572897706
10049,7,0,910,0.0006118143444098223,0.0003926309302642039,-0.026883470814681232,2440.917901069762,-198.62131073734608,2465.8883055880433,-198.64819420816076,-0.027276101744945436,2422.387053846599,-198.63563778276458,2449.251919321538,-198.66291388450952
10049,7,1,910,0.0009144528782201178,0.001120261058105143,0.08063776544841517,2503.592838116278,-198.65780586889198,2530.4027293595223,-198.57716810344357,0.08175802650652031,2411.6681120197086,-198.68752428890713,2436.7821534231575,-198.6057662624006
10049,8,0,1040,0.0006861002578659736,0.0008969852557640934,-0.08451023422276194,2632.963301592848,-245.7764260014006,2708.0085691910867,-245.86093623562337,-0.08540721947852603,2545.8918701167304,-245.80614700909183,2612.6504088415136,-245.89155422857036
10049,8,1,1040,0.001489654897454784,0.00010716929972431899,0.004847889017042917,2656.5213487699634,-245.7244660363719,2720.7608616598486,-245.71961814735485,0.004740719717318598,2668.4810068418183,-245.70280100181986,2734.104634528589,-245.69806028210255
10049,9,0,1170,0.04557954591874136,0.01755642835368576,0.22369016359451166,1002.9958117410382,-224.88688531139823,836.8461560539565,-224.66319514780372,0.24124659194819742,731.8114356818652,-224.8819260595607,507.58862819928476,-224.6406794676125
10049,9,1,1170,0.03417390667445375,0.009578449291581137,0.23870512423422952,1035.7449558053017,-224.85664932125368,723.5859733761208,-224.61794419701945,0.24828357352581065,854.8224995049918,-224.833547713658,589.6739337621498,-224.58526414013218
10049,10,0,1300,0.03540091043493021,0.0005853389981211876,-0.3194054840200806,2155.368981873458,-230.62805524499134,2222.784808597279,-230.94746072901142,-0.31882014502195943,2134.510413131593,-230.65023924388467,2144.782876354532,-230.96905938890663
10049,10,1,1300,0.0040628089818994795,0.0036851321777646717,-0.23811570104345492,1995.5799531633195,-230.24602651669136,1995.4747379626351,-230.4841422177348,-0.2418008332212196,2172.515531339071,-230.2592810207032,2210.564528307218,-230.50108185392443
10049,11,0,1430,0.0033631779828056096,0.0017101493326947548,-0.22034878431517768,2109.464109539407,-216.4282355956428,2133.2019201889916,-216.64858437995798,-0.21863863498248293,2046.824945862803,-216.50054376439448,2070.0520394460136,-216.71918239937696
10049,11,1,1430,0.015567426898400072,0.0011080367657427814,-0.148617596313386,2085.9566200968497,-216.26281871269705,2101.7282096418,-216.41143630901044,-0.14972563307912878,2058.7991383957533,-216.26397397475606,2081.5679019778054,-216.41369960783518
10049,12,0,1560,0.0031397531632535447,0.00825913818661661,0.11890294326209983,2268.6961515436187,-231.3375532983655,2170.570820104724,-231.2186503551034,0.12716208144871644,2293.0746430261047,-231.32019658219238,2161.715452787161,-231.19303450074366
10049,12,1,1560,0.0518094291931277,0.001183216769362616,0.20954685431962616,1948.4993539840025,-231.34705079354814,1822.7006866427723,-231.1375039392285,0.21073007108898878,1967.9856684400258,-231.32961371860114,1808.0263289032916,-231.11888364751215
10049,13,0,1690,0.008926069563159444,0.00018937112287176205,-0.0027434664811778475,2158.3410943112926,-220.8594192677647,2205.564781280684,-220.86216273424589,-0.0029328376040496096,2135.459641595025,-220.82132659228023,2188.5452849616236,-220.82425942988428
10049,13,1,1690,0.0006178627281201443,0.004067475026261036,0.053575536279396374,2156.9651236380155,-220.23509814704695,2176.343471822108,-220.18152261076756,0.04950806125313534,2188.8544732923724,-220.18080588677503,2207.520569455359,-220.1312978255219
10049,14,0,1820,0.0018988619734443546,0.00042699456136574554,-0.2807950404166206,2478.914901432621,-255.58889205998992,2481.0827069198253,-255.86968710040654,-0.2803680458552549,2484.1987325892087,-255.58440503823766,2483.6608977220985,-255.86477308409292
10049,14,1,1820,0.0009442734133529029,0.0003009815520158554,-0.2013523254396432,2562.84664711745,-255.34176519953579,2562.1854940070766,-255.54311752497543,-0.20165330699165906,2467.447469544485,-255.36610915438783,2465.381928122257,-255.5677624613795
10049,15,0,1950,0.0008223728611085335,0.00016796949202557698,-0.4385733783097123,2363.397672851125,-234.07684553930696,2372.6580732175257,-234.51541891761667,-0.4387413478017379,2360.087684021794,-234.079442213751,2369.309877120927,-234.51818356155275
10049,15,1,1950,0.00025073650476770126,0.0010074881679997816,-0.3438229567230735,2398.189562935322,-233.6917325905772,2408.8094024273323,-234.03555554730028,-0.3448304448910733,2369.9487547960193,-233.70462237135345,2378.7233984757872,-234.04945281624452
10049,16,0,2080,0.053977907676113546,0.009955287364562082,-0.4337099403774687,1912.567075544562,-229.36841023363627,1894.683934182486,-229.80212017401374,-0.4237546530129066,1866.856318741943,-229.37878035939767,1804.4339618575016,-229.80253501241057
10049,16,1,2080,0.00615412359152856,0.0024929631496775073,-0.37836947480627714,1792.91976245547,-228.85164526802143,1814.7939041983404,-229.2300147428277,-0.38086243795595465,1805.561397611123,-228.8778339611505,1797.933098983381,-229.25869639910644
10049,17,0,2210,0.003796861766289794,0.007989539856254169,-0.11691285973046206,2479.515634968673,-227.41096410754184,2416.878079822713,-227.5278769672723,-0.12490239958671623,2517.9353994016365,-227.4035459627131,2463.5833487974537,-227.52844836229983
10049,17,1,2210,0.004161093677851113,0.0006123388570529187,-0.0453532702961752,2491.59035465323,-227.0898648282381,2411.0846465769073,-227.13521809853427,-0.045965609153228115,2511.3992223924165,-227.08123857791784,2433.6548117914713,-227.12720418707107
10049,18,0,2340,0.007484248464436405,0.0020733817240454755,0.0966540643225926,2204.2729049165478,-234.59618613244217,2252.0693944152054,-234.49953206811958,0.09458068259854713,2188.913306784378,-234.58719038020618,2249.2330321093773,-234.49260969760763
10049,18,1,2340,0.0021895681999524186,0.004663471366228578,0.1631118023931606,2021.1412259446483,-234.68018188334997,1965.246143052584,-234.5170700809568,0.158448331026932,2085.72737292838,-234.6693798439068,2170.776211932769,-234.51093151287986
10049,19,0,2470,0.0001442912772802174,7.372819217721371e-05,-0.11758887089126802,2503.0690147277533,-235.23438547652106,2526.290556020686,-235.35197434741232,-0.11766259908344523,2480.870426003192,-235.23466629282257,2508.7553189137298,-235.352328891906
10049,19,1,2470,0.0018824637860177518,0.0006469678906171339,-0.027480024394122893,2442.395030425584,-235.24378037880416,2458.578478704976,-235.27126040319828,-0.02683305650350576,2557.0183220296635,-235.18501835042105,2572.4799956225243,-235.21185140692455
10049,20,0,2600,0.0005834820244388084,0.0015437311355981365,-0.4616831906444361,2166.0779525291828,-228.26483604426568,2262.3972474054844,-228.7265192349101,-0.4632269217800342,2076.5808360050614,-228.2369766670182,2184.0102587709416,-228.70020358879825
10049,20,1,2600,0.012962309463091515,0.001497318102593681,-0.37406114031844595,2168.0383716656465,-227.75903707250544,2267.665059523763,-228.13309821282388,-0.37256382221585227,2181.0190636027173,-227.7267362692961,2282.621337899558,-228.09930009151196
10049,21,0,2730,0.004794085633136547,0.0037749603153258704,0.25233125646187204,2145.700114479206,-227.42853808026777,2247.439254635047,-227.1762068238059,0.2561062167771979,2231.364705035362,-227.38282829269323,2317.185708426266,-227.12672207591604
10049,21,1,2730,0.0035642225127787697,0.0003121101995304798,0.3136268222138483,2151.0508879486356,-227.53546963543934,2248.299479854209,-227.2218428132255,0.3133147120143178,2313.9371701285095,-227.51846042930353,2420.1466343522884,-227.2051457172892
10049,22,0,2860,0.004833581361367578,0.004214973634731223,-0.1618706706401838,2702.1131257180814,-248.44270217740328,2680.863427906803,-248.60457284804346,-0.15765569700545257,2654.0588851173015,-248.4818956645141,2635.8439262999627,-248.63955136151955
10049,22,1,2860,0.0001865955636333183,0.0013948098123819364,-0.08447702252871636,2717.859457922246,-248.2888398371291,2699.776643951094,-248.37331685965782,-0.08308221271633442,2715.458284021748,-248.2783063301165,2701.100181015982,-248.36138854283283
10049,23,0,2990,0.0028722885653564845,0.0024710530628340166,0.17940258382103025,2642.7187926483903,-237.80670632786627,2652.629758297448,-237.62730374404524,0.17693153075819623,2566.513547505115,-237.81689615352968,2583.5969822401303,-237.6399646227715
10049,23,1,2990,0.0006468628473896842,0.0010211161321649342,0.2630824684636366,2637.8431675828792,-237.98413269526822,2685.257684638327,-237.72105022680458,0.26206135233147165,2529.096812038714,-238.02115907206795,2570.2071010197064,-237.75909771973647
10049,24,0,3120,0.006004819429392683,0.0025074185109303926,-0.15350851224192752,2285.8786915899245,-226.05568772351762,2212.0265360736994,-226.20919623575955,-0.1560159307528579,2352.87441219691,-226.03926394823608,2291.4557021950773,-226.19527987898894
10049,24,1,3120,0.004189898863785402,1.2360174252989964e-06,-0.04880547633825927,2377.884960399746,-225.9116981818233,2284.2767041711927,-225.96050365816157,-0.04880671235568457,2293.9736987036026,-225.94050175857802,2215.783969788586,-225.9893084709337
10049,25,0,3250,0.057787470716590406,0.008040881207989514,-0.06430301257017845,2036.0976953105214,-227.478359082099,1703.898899055442,-227.54266209466917,-0.05626213136218894,2115.5986103391233,-227.47661074014553,1761.3831642785756,-227.53287287150772
10049,25,1,3250,0.003360529267297352,0.0027243764635329626,-0.02521968856220269,1961.1502879772365,-227.06307574994383,1663.7267562862874,-227.08829543850604,-0.02249531209866973,2009.455868182025,-227.0632724912058,1739.2736382617695,-227.08576780330446
10049,26,0,3380,0.0011185779827087572,8.398812838095182e-05,-0.5105425384699629,2237.7638934950123,-269.38440449126017,2211.462543151418,-269.89494702973013,-0.5106265265983438,2258.8917349403696,-269.39444383612295,2232.5572415187053,-269.9050703627213
10049,26,1,3380,4.7839231172019936e-05,0.002443826850537789,-0.42897353250953074,2179.7747993874445,-268.9976567568495,2156.528150215574,-269.426630289359,-0.43141735936006853,2286.6161161403793,-268.967428610334,2248.836997376054,-269.3988459696941
10049,27,0,3510,0.0008042276526794012,0.001459351895277905,0.2761913438955901,2303.490838165313,-227.77895394909035,2329.988247494623,-227.50276260519476,0.2747319920003122,2350.052757059225,-227.77219904467935,2374.3955192458056,-227.49746705267904
10049,27,1,3510,0.0031291593911930704,0.006007438836377332,0.31764961436164185,2250.6394664111313,-227.84915436583557,2308.705825338393,-227.53150475147393,0.3236570531980192,2375.420041747779,-227.86309337588506,2419.2450994623873,-227.53943632268704
10049,28,0,3640,0.004587724758209788,0.001013569891000543,0.7710226726676979,2502.4933244014037,-224.55609883476856,2490.803425757064,-223.78507616210086,0.7720362425586984,2591.9567241159207,-224.53195611152643,2571.6398340897667,-223.75991986896773
10049,28,1,3640,0.0021354924905665484,0.00034519879167760337,0.8677133992128176,2529.995157852765,-225.31254700128983,2511.109511063583,-224.444833602077,0.8680585980044953,2524.199012214855,-225.2829035106622,2507.002659529054,-224.4148449126577
10049,29,0,3770,1.7568409788282224e-05,0.0021019142995157836,-0.03123027888986485,2416.0834465520948,-219.0151475125125,2462.8102266728874,-219.04637779140236,-0.029128364590349065,2436.9223693214312,-219.01697239706587,2481.160010299788,-219.04610076165622
10049,29,1,3770,0.0013435191319217665,0.0032183258975635454,0.0561313013154745,2320.861004216292,-219.05104005073557,2365.2981411509336,-218.9949087494201,0.05934962721303805,2390.7010766781523,-219.02986184769998,2434.209149964945,-218.97051222048694
10049,30,0,3900,0.0006415766122813693,0.0034069531812974674,-0.11844656082467964,2578.926676205545,-209.25573197678926,2629.1957535069664,-209.37417853761394,-0.1218535140059771,2382.448527010213,-209.2339870436557,2268.2540071224325,-209.35584055766168
10049,30,1,3900,0.0004914487079759056,0.0014409730492559447,-0.046865673574700395,2696.555481990039,-208.97891113105965,2738.4684339535493,-209.02577680463435,-0.04830664662395634,2396.170655614919,-208.95584533484956,2490.7975109461445,-209.0041519814735
10049,31,0,4030,0.005097187444818019,0.0037899613802494514,-0.1263879705664408,2229.9004643005223,-246.1340864928705,2404.706093725272,-246.26047446343694,-0.13017793194669025,2224.735526271812,-246.1441762915828,2384.9501046026494,-246.27435422352949
10049,31,1,4030,0.0004172921996143941,0.006290968574177214,-0.04853001822272063,2016.9424024568023,-246.0305554125678,2174.5321799811954,-246.0790854307905,-0.042239049648543414,2024.90502686832,-246.02450086339826,2185.6628373369044,-246.0667399130468
10049,32,0,4160,0.006794311609240822,0.0003989394008101499,0.45266828897027267,2086.924220009667,-202.43878535282212,2136.3487555453894,-201.98611706385185,0.4522693495694625,1994.5366561630628,-202.46715679356416,2046.5112950192718,-202.0148874439947
10049,32,1,4160,0.0013905548769344023,0.001050659553470723,0.5270377831933502,2007.6570458200995,-202.9207099563408,2031.872767548622,-202.39367217314745,0.5280884427468209,2015.3647990931563,-202.90522843720183,2040.3760326697327,-202.377139994455
10049,33,0,4290,0.0008205423718550264,0.001811440050374813,0.42792502404830657,2521.5335976493307,-211.4926548976357,2505.438478476615,-211.0647298735874,0.42611358399793176,2481.107255899054,-211.50816347138394,2477.6241139088283,-211.082049887386
10049,33,1,4290,0.0040421939902728354,0.007328143749731453,0.5196752991769813,2477.0951748225625,-211.99091575477954,2457.5595149259716,-211.47124045560255,0.5270034429267128,2542.8167411893473,-211.9631091997531,2517.0435098339494,-211.43610575682638
10049,34,0,4420,0.07138418929571344,0.0027159513799404067,0.11987910745745012,828.6296977448947,-221.04412703755204,769.8874290612252,-220.9242479300946,0.12259505883739052,732.6650331838327,-220.99616434141487,704.199093015607,-220.87356928257748
10049,34,1,4420,0.058616622404542795,0.008682638907146156,0.15079215833381454,808.4957369427461,-220.80602506165184,749.4159960254815,-220.65523290331802,0.14210951942666838,571.3052114798319,-220.68763162879614,508.2740332999188,-220.54552210936947
10049,35,0,4550,0.003427468318022875,0.003314525056879347,-0.2859417753877551,2476.141880420061,-224.0760011347032,2589.2611984478754,-224.36194291009096,-0.28262725033087577,2421.990786241971,-224.09873245206137,2505.413831871688,-224.38135970239225
10049,35,1,4550,0.007393245634375489,0.0013123677104829312,-0.21548611141358265,2346.0678638718514,-223.64687566289638,2437.1250656556654,-223.86236177430996,-0.21679847912406558,2363.4441881314547,-223.60753046930856,2445.7773368198486,-223.82432894843262
10049,36,0,4680,0.004045167111797809,0.005105127492157635,0.2032660197146754,2400.8702158791552,-212.52653333022664,2455.57861027709,-212.32326731051197,0.19816089222251776,2409.033728402657,-212.48325871713732,2480.3726134439303,-212.2850978249148
10049,36,1,4680,0.001855289939527438,0.0006120597886933865,0.2879710880593507,2432.1360593466134,-212.70343317366405,2494.0026882533034,-212.4154620856047,0.2873590282706573,2437.2463064762746,-212.6922110417515,2512.7507966950157,-212.40485201348085
10049,37,0,4810,0.0011111531605649816,0.0017676822193095632,0.09912810743227851,1989.6780122086345,-217.71143129232203,2146.439357167126,-217.61230318488975,0.09736042521296895,1974.0501763466893,-217.73691646587278,2114.8441743372323,-217.6395560406598
10049,37,1,4810,0.003286589908896076,0.00031947420504252477,0.14001789854094682,1531.6008708002068,-217.7477593759212,1693.72938093894,-217.60774147738024,0.1396984243359043,1822.440784039592,-217.7727024132496,2009.4098754215481,-217.63300398891369
10049,38,0,4940,0.000288659775776523,0.0018937159059930764,-0.2621416348566754,2477.8042008882553,-241.53904054979046,2499.0499625645716,-241.80118218464713,-0.26024791895068233,2424.454928185596,-241.57447961188063,2447.3483490629756,-241.83472753083132
10049,38,1,4940,0.0014328341803491185,0.00018270159389999208,-0.17221772290449167,2403.8106306886502,-241.3650503091118,2427.331600832549,-241.5372680320163,-0.17240042449839166,2381.6064914088856,-241.3736384329295,2402.985321492423,-241.5460388574279
10049,39,0,5070,0.0034900042999481684,0.009917629198383793,-0.13888154631089833,2035.646618200185,-247.25463375641024,2103.4977360181147,-247.39351530272114,-0.14879917550928212,2087.819382474575,-247.2155026084093,2150.1627214237205,-247.3643017839186
10049,39,1,5070,0.0037434559652922417,0.005693861677912082,-0.05295919494159307,2193.8080903881128,-247.1580706687409,2242.657118948284,-247.21102986368248,-0.047265333263680986,2196.9567454766034,-247.20136896266973,2250.9057299126653,-247.2486342959334
10049,40,0,5200,0.0005075921257002847,0.0034015514991097007,-0.039431848470570685,2022.3839571214924,-224.20757645094017,2024.016791000156,-224.24700829941074,-0.042833399969680386,2015.0794673482735,-224.20520523932854,2021.3809731222157,-224.24803863929822
10049,40,1,5200,0.0064555086075301915,0.0008508437670116109,0.024265217533383066,1696.3146922215801,-224.19739607055067,1737.4340264697641,-224.17313085301728,0.023414373766371455,1733.4610598481418,-224.23562263714118,1770.3168398518212,-224.2122082633748
10049,41,0,5330,0.007200193542814759,0.0047883601283160715,-0.6439802313957443,2396.4148671099783,-234.25665478208208,2284.725781716099,-234.90063501347782,-0.6487685915240604,2455.88737383088,-234.23014389304183,2352.7658845225246,-234.8789124845659
10049,41,1,5330,0.00544637890584454,0.002251905969018253,-0.5058032192227984,2361.6523033962408,-233.55412149991434,2248.9208578609914,-234.05992471913714,-0.5080551251918166,2419.421293544882,-233.52143846646575,2302.3283178063507,-234.02949359165757
10049,42,0,5460,0.005599221440775182,0.0028805332110835025,0.15801311946489704,1764.0813140555354,-232.2145364778216,1794.9316395338396,-232.0565233583567,0.16089365267598055,1649.0627416634036,-232.2250959907988,1649.662579234708,-232.0642023381228
10049,42,1,5460,0.013657862007420363,0.0021123329000545255,0.24389354874134028,1875.8887323373062,-232.03438089619672,1898.1833545037032,-231.79048734745538,0.2460058816413948,1838.3057365316783,-232.01948727289016,1827.8573864163068,-231.77348139124877
10049,43,0,5590,0.02110615502164137,0.003960920432376724,0.20003498597768044,1905.7349141431973,-231.84267009015826,1840.2808492268887,-231.64263510418058,0.1960740655453037,1296.133048384678,-231.81127382783373,1345.7992140182678,-231.61519976228843
10049,43,1,5590,0.0004250586070213558,0.0008373519974895771,0.26925001632608314,2057.7545979054125,-231.63236883218582,2045.1209580998107,-231.36311881585974,0.26841266432859356,1874.6236327998056,-231.64392517175986,1917.9309801251702,-231.37551250743127
10049,44,0,5720,0.004357017510358219,0.0008624422544301069,-0.5882132191486278,2518.7591368383373,-212.9898601621212,2537.9171732307796,-213.57807338126983,-0.5873507768941977,2503.8330241479703,-212.98604148360846,2524.5195178003837,-213.57339226050266
10049,44,1,5720,1.9149655287264977e-05,0.0023111257541756913,-0.49702539903586285,2473.6948141164544,-212.48958457194763,2500.7649553269684,-212.9866099709835,-0.49933652479003854,2448.786743869696,-212.49252123308378,2470.323015949535,-212.99185775787382
10049,45,0,5850,0.04517596369427679,0.012346938408825281,0.08863052056949527,1351.018764941485,-225.072021650966,1580.7803630428903,-224.9833911303965,0.10097745897832056,1463.0279669541296,-225.1079520105055,1636.2809076788876,-225.00697455152718
10049,45,1,5850,0.03186410897279757,0.009139565380337444,0.12953252789716885,1279.8813280296365,-225.03781494978398,1507.6116410028446,-224.9082824218868,0.1203929625168314,1310.600473582491,-224.9753501157622,1504.770663848879,-224.85495715324538
10049,46,0,5980,0.003635296501784069,0.0009185374186415629,0.041021414259517996,2503.6706325535065,-231.12512507137285,2519.676371535685,-231.08410365711333,0.04193995167815956,2480.835784738661,-231.1156625133847,2496.067199001619,-231.07372256170655
10049,46,1,5980,0.001648173970835387,0.0002874650376156751,0.1420929234479047,2576.6713940833743,-231.09601665066157,2578.2017683009676,-230.95392372721366,0.14238038848552037,2553.725857676788,-231.12794625223447,2554.726883627682,-230.98556586374895
10049,47,0,6110,0.002869073887069362,0.0036115811445824875,0.2094561342711927,1086.2449473017118,-195.5067019087775,1528.3193677720199,-195.2972457745063,0.2058445531266102,940.6534118753665,-195.52745955244708,1377.2986902309945,-195.32161499932047
10049,47,1,6110,0.0023785464872787543,0.001641996861650341,0.26422485487995573,1022.9750459317528,-195.3615794768122,1430.4393588290113,-195.09735462193225,0.2625828580183054,1114.3155097745175,-195.3710035678109,1535.3270496200919,-195.1084207097926
10049,48,0,6240,0.0702285352653007,0.0011294957140819406,0.039421621858480194,2272.8854563633763,-223.50562393252463,2246.5525474684737,-223.46620231066615,0.03829212614439825,2319.478080557792,-223.53302767000184,2313.721123095271,-223.49473554385744
10049,48,1,6240,0.004248140067545592,0.0003781586097488798,0.11696328335040107,2308.7561266386547,-223.4690039308659,2302.137914843631,-223.3520406475155,0.11734144196014995,2064.977482364285,-223.47347592825884,1921.39001602313,-223.35613448629869
10049,49,0,6370,0.001543289912575574,0.00660875486465784,-0.17840230898968912,919.2949830219168,-223.1605826505606,863.0446074209367,-223.3389849595503,-0.17179355412503128,607.5590511178048,-223.15882144000858,543.1758684090747,-223.3306149941336
10049,49,1,6370,0.010223304815923484,0.0037544987650619532,-0.15237710403732763,1349.8796925443585,-222.9782408063799,1330.3517687016715,-223.13061791041721,-0.14862260527226567,908.0506570114776,-222.964756732244,837.1683243427367,-223.11337933751628
10049,50,0,6500,0.0937662723327719,0.01531100902172966,-0.05154201743235376,1480.2303867198023,-235.47070158602565,1767.7517056053298,-235.522243603458,-0.0362310084106241,1902.8380398276222,-235.46597205679413,2030.9176438150507,-235.50220306520475
10049,50,1,6500,0.05713388493910543,0.012986772875080987,0.02304802543687856,1649.202256132134,-235.16638337214314,1764.021699684483,-235.14333534670627,0.010061252561797573,1382.9448328676804,-235.14273384289143,1639.544643464004,-235.13267259032963
10049,51,0,6630,0.026349952317559655,0.00764212779424156,0.3829120895853464,900.4990976622015,-192.0235623770175,711.356750413086,-191.64065028743215,0.37526996179110483,1436.8373762428687,-192.03409456201024,1445.3851845129018,-191.65882460021913
10049,51,1,6630,0.012402874207879222,0.005456566816206987,0.41485829742819647,1341.7665202483226,-192.1320390966885,1326.7115932078996,-191.7171807992603,0.4094017306119895,1405.2156373377932,-192.12664440917496,1486.7661293270735,-191.71724267856297
10049,52,0,6760,0.0039078883540923925,0.0040080888369971035,-0.1379769224851941,2563.9190536365904,-223.75457713068576,2545.0188004728734,-223.89255405317095,-0.1419850113221912,2550.8841030793074,-223.75573954240815,2542.8325888133195,-223.89772455373034
10049,52,1,6760,0.008574461060959493,0.004987861322433673,-0.07570498164480455,2573.770661200767,-223.63795894437104,2518.377761820904,-223.71366392601584,-0.07071712032237087,2584.7118942208294,-223.6052939224295,2467.0000080069026,-223.67601104275187
10049,53,0,6890,0.0013951718044893369,0.0018147204725664778,-0.2724754898773085,2264.302243944688,-215.3542485274621,2209.84274159337,-215.6267240173394,-0.27066076940474204,2202.6259071191885,-215.35425475097918,2147.89443633783,-215.62491552038392
10049,53,1,6890,0.0022058733700021094,0.0002496391517183838,-0.19760744620475634,2140.716870017709,-215.0617205172926,2081.19131288752,-215.25932796349736,-0.19735780705303796,2092.894854557137,-215.07133220937754,2039.4884288379478,-215.26869001643058
10049,54,0,7020,0.00972723409930154,0.0023819823318262934,0.018082971660220437,1850.707308579376,-232.62363716456517,1887.4151925562533,-232.60555419290495,0.015700989328394144,1848.7907561327584,-232.58785351927943,1892.5414552400264,-232.57215252995104
10049,54,1,7020,0.0007083655258952604,0.0009082789244416745,0.0381367208247525,1904.498276951589,-232.4633905251731,1904.9310794320468,-232.42525380434836,0.039044999749194176,1989.940067793925,-232.51783600121504,1989.3771750499939,-232.47879100146585
10049,55,0,7150,0.0031827525305629933,0.005717079334431219,-0.2510995570356158,2376.782660573671,-205.9644916185574,2411.7205826730656,-206.215591175593,-0.2453824777011846,2378.222000246958,-205.9530497683028,2408.4682779645696,-206.198432246004
10049,55,1,7150,0.0006496620497387084,0.0008200176202706189,-0.14880107296266942,2389.7645194722786,-205.72743560383358,2419.0446978012947,-205.87623667679625,-0.1479810553423988,2385.7207225612824,-205.73740878274126,2412.54339566254,-205.88538983808365
10049,56,0,7280,0.017083408574166015,0.005582221466141846,0.13627275688384088,842.5352239388066,-201.0930112495829,970.1500683077065,-200.95673849269906,0.14185497834998273,487.03742884398184,-201.07702056911734,544.8672505119391,-200.93516559076735
10049,56,1,7280,0.018531820263831378,0.0017388544422374252,0.15777990491412197,510.8967525591165,-201.0351161293848,542.8036748572663,-200.87733622447067,0.1595187593563594,1639.8713963676491,-201.07485819432952,1624.1618251916955,-200.91533943497316
10049,57,0,7410,0.06193178124655674,0.0013056102816904058,0.20935590319669473,759.6575842744941,-230.7035923074318,723.1650987823931,-230.4942364042351,0.21066151347838513,217.1509542697335,-230.5666568006964,186.92246135788753,-230.355995287218
10049,57,1,7410,0.022637217694182254,0.0011803574226405544,0.25484615176134184,231.51558869491186,-230.48723222309815,188.65082449545966,-230.2323860713368,0.2536657943387013,124.49803105204968,-230.49111334046154,104.79372218951875,-230.23744754612284
10049,58,0,7540,0.0020659665292726004,0.0031731838305972815,0.3006716144968493,2228.9912937922354,-226.63757358620413,2190.737097264594,-226.33690197170728,0.29749843066625203,2265.964995508573,-226.6193716658488,2237.5445079083893,-226.32187323518255
10049,58,1,7540,0.0024968695128961826,0.0011581869239876141,0.3732545968977945,2267.7765173127696,-226.8484810326977,2228.6195883135756,-226.4752264357999,0.3744127838217821,2275.991558964017,-226.83287374097898,2229.1623332955924,-226.4584609571572
10049,59,0,7670,0.0008746883250694282,0.002793964412404648,-0.13553625764933486,2208.1023648801975,-191.4154755151758,2009.487163306305,-191.55101177282515,-0.1327422932369302,1773.002723868723,-191.42017150638708,1382.479844260499,-191.552913799624
10049,59,1,7670,0.0034602091978399585,0.006872118158241847,-0.088296023869475,2102.9739658820645,-191.32540967537003,1866.885341905695,-191.4137056992395,-0.09516814202771684,2272.393714681512,-191.32350149978,2142.9347060883288,-191.41866964180772
10049,60,0,7800,0.0010063747496644737,0.0020148210429908886,0.032626403343698485,2565.4757328725086,-246.44139775601124,2598.9561170576358,-246.40877135266754,0.03464122438668937,2569.0177849711445,-246.47071235611222,2604.2269977498872,-246.43607113172553
10049,60,1,7800,0.005496697776266046,0.0008551214428109688,0.0859242895862451,2578.590975793052,-246.45818010509913,2607.393349838534,-246.3722558155129,0.08506916814343413,2645.692224333192,-246.4546913356381,2691.695477435481,-246.36962216749467
10049,61,0,7930,5.935670145618133e-06,0.0030901297452601284,-0.16827822955852412,1539.3836298761473,-259.406576143314,1864.0392694051648,-259.5748543728725,-0.165188099813264,1486.255346102181,-259.416153716486,1777.2511377935562,-259.5813418162993
10049,61,1,7930,0.008934757862050446,0.0036605167852314935,-0.10748529087311454,1600.9003764592214,-258.9281973765053,1277.6228363786786,-259.0356826673784,-0.11114580765834603,1501.046425553129,-258.9097820627853,1165.0825036689484,-259.0209278704437
10049,62,0,8060,0.0011206985919613999,0.0015929786679009794,-0.2784074853673246,2375.1014646322137,-236.84623310403393,2403.0173464117283,-237.12464058940125,-0.27681450669942365,2448.7728544967363,-236.80905216015157,2479.2237892671415,-237.085866666851
10049,62,1,8060,0.007251302251347624,0.0011727137710408897,-0.21752794937722797,2132.3800182295745,-236.55579144841062,2072.2688645926596,-236.77331939778784,-0.21635523560618708,2140.1963583147676,-236.53494864911505,2090.711647185421,-236.75130388472124
10049,63,0,8191,0.014091299689454218,0.003280488603024878,-0.017670307426755016,2509.710962791127,-231.79310217345684,2552.291335669071,-231.8107724808836,-0.020950796029779895,2451.6122525377123,-231.8042641903693,2490.8492037498354,-231.8252149863991
10049,63,1,8191,0.004510202685452214,0.00881007088315755,0.04862215479076326,2657.2401511320886,-231.4148944771244,2714.6231777929293,-231.36627232233363,0.03981208390760571,2700.4763151943816,-231.36960611307322,2753.52257186612,-231.3297940291656
10076,0,0,0,0.01496488159861542,0.0037532344350950098,0.12779611913902045,585.902179540669,-223.577589544578,596.3066702358759,-223.44979342543897,0.13154935357411546,680.0419396348985,-223.6110461617994,700.5898152244314,-223.4794968082253
10076,0,1,0,0.008387714922491796,0.01206396670576737,0.11864426081154988,596.518698166466,-223.55892110737173,611.4155570810973,-223.44027684656018,0.13070822751731725,498.2112799225966,-223.53100068264484,510.580919064965,-223.40029245512753
10076,1,0,130,0.007864754693883924,0.0026492855775188673,0.01773076269188323,1075.7841147938243,-221.64828549680627,1087.556927225138,-221.63055473411438,0.020380048269402096,216.8885286027736,-221.474534758768,196.87132939231242,-221.45415471049859
10076,1,1,130,0.05146241177689603,0.00014531223453673192,0.01777675527375777,1107.5650462835,-221.5202636021719,1067.3952182187556,-221.50248684689814,0.01763144303922104,921.975730026057,-221.46541373599862,896.1533797127429,-221.4477822929594
10076,2,0,260,0.0024249896599428666,0.00019425825567509492,-0.033176647912597446,2527.7213817017187,-203.41602843418008,2509.81121814913,-203.44920508209267,-0.03337090616827254,2563.0142267006036,-203.40270817382813,2544.1757237187708,-203.4360790799964
10076,2,1,260,0.00012912326175751332,0.000781527609404975,-0.01552466221428972,2393.4745317482393,-203.41588515733838,2367.3354638469896,-203.43140981955267,-0.016306189823694694,2456.655623469741,-203.38235306680468,2438.2001207644494,-203.39865925662838
10076,3,0,390,0.006650352770151358,0.002871427997632736,-0.023556615801453518,1184.7880619349658,-216.25123387999852,1126.1391400094028,-216.27479049579998,-0.026428043799086254,1230.3412290143003,-216.19400017738633,1167.5017878511387,-216.22042822118541
10076,3,1,390,4.9202915960222526e-05,0.004725037935088494,-0.02190826558756953,1312.2909486728806,-216.10578292153812,1274.6017715048035,-216.1276911871257,-0.017183227652481037,1463.3454828950446,-216.11823480818842,1378.6071260634697,-216.1354180358409
10076,4,0,520,0.013682231545828927,0.0007582449857466145,-0.048032617969397506,1810.36702829157,-249.9455556447514,1765.5739060240003,-249.9935882627208,-0.04727437298365089,1849.6390942337046,-249.99815502206064,1783.6075655011691,-250.0454293950443
10076,4,1,520,0.006459774321655232,0.004027553838056974,-0.030056128988235287,1790.0461997881646,-249.9012987082133,1717.1690967056657,-249.93135483720152,-0.03408368282629226,2102.470713733362,-249.94718233788194,2039.5287931128753,-249.98126602070823
10076,5,0,650,0.004017493189110155,0.0012720397389216487,-0.08792166142796987,1008.8912708919188,-227.57131416893031,922.9609496461882,-227.65923583035828,-0.08919370116689151,1050.4334857673696,-227.58287155108812,956.7383765828779,-227.672065252255
10076,5,1,650,0.025231600481561145,0.0030366911930173046,-0.09526833140373014,1341.7481880715538,-227.61947737354092,1244.0065109875297,-227.71474570494465,-0.09830502259674745,1257.1566179051326,-227.65510753674138,1156.8933457882747,-227.75341255933813
10076,6,0,780,0.006215503993502125,0.0015471470449028857,-0.0578844856883336,1863.290709108423,-221.42444456574668,1933.8381256047296,-221.48232905143502,-0.059431632733236484,1692.1691443445945,-221.42738254015595,1776.3809383144435,-221.48681417288918
10076,6,1,780,0.025293212838107593,0.003561382687649939,-0.05501073413654467,1778.4299747496418,-221.34279300931505,1830.6039417410675,-221.3978037434516,-0.05857211682419461,1500.5355805098077,-221.34059867117287,1570.5860849793355,-221.39917078799706
10076,7,0,910,0.024316021120597497,0.0007096898235943172,0.08409119861414638,2094.6289956816863,-247.6890083751578,2108.7927938249927,-247.60491717654367,0.0848008884377407,2126.793900454877,-247.66682291746878,2159.3495545943833,-247.58202202903104
10076,7,1,910,0.00913049185007253,0.0001357883438402041,0.09160848054847293,2052.844064568042,-247.76523377528167,2112.398694124854,-247.6736252947332,0.09174426889231313,2119.4368763193575,-247.83452534736327,2147.1761400552823,-247.74278107847095
10076,8,0,1040,0.00038474391530485264,0.0014051891874942157,-0.06533729300093682,2059.4308249691817,-220.8140847758326,2096.521929548517,-220.87942206883355,-0.06674248218843104,2030.1548934867933,-220.81562794298515,2079.2002528649646,-220.88237042517358
10076,8,1,1040,0.0014897853621107515,0.0005597133647086139,-0.0494548820618661,1942.423206647087,-220.80288054634573,1984.6411480131624,-220.8523354284076,-0.050014595426574715,1990.4986543484233,-220.73310875690328,2023.8634086811196,-220.78312335232985
10076,9,0,1170,0.02464877571441093,0.009482928274110236,-0.1913540315553348,1007.173518058527,-222.75681082304536,940.7936061948911,-222.9481648546007,-0.20083695982944505,963.4809580982458,-222.74470541339187,951.4809324715135,-222.94554237322131
10076,9,1,1170,0.03317013017124282,0.007000564960975453,-0.18196626953769623,996.9551359979846,-222.57141193227739,972.7407470767072,-222.75337820181508,-0.1889668344986717,988.1703558726833,-222.5428580215313,964.9832614569702,-222.73182485602996
10076,10,0,1300,0.016564285512345123,0.002479107766987454,-0.0487031378912377,1351.9370769704224,-219.78878063814184,1302.343407172038,-219.83748377603308,-0.051182245658225156,1279.6694482131245,-219.72167307007965,1236.109662506916,-219.77285531573787
10076,10,1,1300,0.019898022424257533,0.0013773769172473749,-0.03718932957320931,1361.217766659076,-219.661191647056,1320.459763847601,-219.6983809766292,-0.03856670649045668,1509.13994594805,-219.63279697571875,1500.8288126550324,-219.6713636822092
10076,11,0,1430,0.009825735908066235,0.003924477934248216,-0.05469724899367634,1989.079962818173,-246.52992347254764,1938.3797882077613,-246.5846207215413,-0.058621726927924556,1954.5418075143289,-246.46814823281352,1965.4985535208798,-246.52676995974144
10076,11,1,1430,0.011003416513773345,0.003715712102263069,-0.04981112520033548,2349.0325281080204,-246.26488645955354,2228.6904226050983,-246.31469758475387,-0.04609541309807241,2027.4263520428428,-246.22439419109892,1985.8163660008788,-246.270489604197
10076,12,0,1560,0.0005999207019442565,0.0007530135161175622,0.10243572274794133,2001.5811130708014,-229.61131547089778,2003.7645814298364,-229.50887974814984,0.10318873626405889,2110.164013130778,-229.5597963573087,2113.679312307871,-229.45660762104464
10076,12,1,1560,0.00037966506317843596,0.0004189798527249877,0.11765429219585144,2008.043489594408,-229.770717238954,2008.5950572673707,-229.65306294675815,0.11723531234312645,2026.8727459928411,-229.7886609064787,2026.9816334126047,-229.67142559413557
10076,13,0,1690,0.013288529573031838,1.0471680980117526e-05,0.1262535930776778,2218.541661929973,-248.9983760230347,2185.771841817162,-248.87212242995702,0.12626406475865792,1949.6108044515652,-248.97380708473935,1855.2173371754006,-248.8475430199807
10076,13,1,1690,0.0007648619083511221,0.0005266603631639555,0.13452411433036104,2180.6499038192596,-249.0247896415076,2184.630305908087,-248.89026552717723,0.135050774693525,2242.18484495515,-249.05147972623817,2281.2518063649595,-248.91642895154465
10076,14,0,1820,0.0014093814023397044,0.0018084475411228595,0.06402892218011402,942.018826406088,-238.26705528267928,1008.7324020918714,-238.20302636049917,0.06583736972123688,863.518182444714,-238.22927648603982,905.8143057544387,-238.16343911631859
10076,14,1,1820,0.047019830805254514,0.0032079191775835625,0.07038189495810343,867.7387555642264,-238.2094023620951,896.6771046174297,-238.139020467137,0.06717397578051987,825.738506029501,-238.21292314638356,872.6722635759356,-238.14574917060304
10076,15,0,1950,0.015229819341186612,0.002297668466326286,-0.1353483204850079,2129.2791634697064,-247.07526923977588,1912.6708601555702,-247.21061756026089,-0.13764598895133417,1647.5329269392237,-247.0516460516684,1405.3058537617787,-247.18929204061973
10076,15,1,1950,0.010283581359772143,0.007641677734397945,-0.11708606410172706,1843.8983067427055,-246.7877048167347,1615.8745527419528,-246.90479088083643,-0.10944438636732912,1744.7340593247868,-246.79434131673725,1464.5184751896018,-246.90378570310457
10076,16,0,2080,0.03363967121762812,0.007028412630091907,0.03136131983001178,632.1604443575688,-216.59436057114257,624.8472370478431,-216.56299925131256,0.03838973246010369,458.74392967713055,-216.6120880040253,446.1293344568931,-216.5736982715652
10076,16,1,2080,0.00589708902697339,0.006844691652304391,0.03580018463864576,579.7665785449984,-216.7016627377963,595.1174720276613,-216.66586255315767,0.04264487629095015,723.2695792858667,-216.71983177410405,712.1292200685966,-216.6771868978131
10076,17,0,2210,0.02243698093286639,0.002361406491388607,0.06645097153466395,988.8718583225233,-217.91708068204616,952.0569370688394,-217.8506297105115,0.06881237802605256,1014.6697058798542,-217.91374968693256,1005.8770708778435,-217.8449373089065
10076,17,1,2210,0.0028311206675084577,0.0023964200207728936,0.07254980997862504,833.1428670972725,-218.06990223298746,836.9890293739674,-217.99735242300883,0.07015338995785214,980.3031151216538,-218.13118230845973,947.4674838150844,-218.06102891850188
10076,18,0,2340,0.020511217579439744,9.30671216394785e-05,0.04092297454991467,503.48048094551785,-215.49085067552616,497.79645134520524,-215.44992770097625,0.04082990742827519,424.84938856099444,-215.48132727146984,421.563512527184,-215.44049736404156
10076,18,1,2340,0.042471685519672064,0.006825560777173223,0.04373774289035737,729.7579837246533,-215.5466657265912,727.7098319781913,-215.50292798370083,0.05056330366753059,517.9748928936507,-215.52030310726948,500.8180162987488,-215.46973980360195
10076,19,0,2470,0.008245521057460792,0.006839824916426096,-0.041229724765855735,872.6246763337375,-207.30259777069531,809.5692718870428,-207.34382749546117,-0.04806954968228183,711.3408129849238,-207.31194643938719,705.1876618196801,-207.36001598906947
10076,19,1,2470,0.02233653132086033,0.013278317783573357,-0.044767401393357886,656.5074546077016,-207.05226879272175,644.6652886676058,-207.0970361941151,-0.03148908360978453,729.4885047129541,-207.06845965534487,610.8551274752841,-207.09994873895465
10076,20,0,2600,0.015683307665000257,0.007956187464913,0.038767198104693534,812.2538498878328,-235.71137952858595,830.8455813770438,-235.67261233048126,0.046723385569606535,104.22133379768093,-235.62099343143595,90.87964812965005,-235.57427004586634
10076,20,1,2600,0.008303881780761913,0.009743432391843498,0.045869445135849674,862.4316277711113,-235.7532096167114,856.4313331879482,-235.70734017157554,0.05561287752769317,584.688465016271,-235.71999764795913,530.1841764642589,-235.66438477043144
10076,21,0,2730,0.011694325008761552,0.011521603998744467,0.04504804463923051,708.7365252693544,-236.73761403584535,737.1288240043102,-236.69256599120612,0.033526440640486044,225.14786555880198,-236.65764095658832,279.46969945832154,-236.62411451594784
10076,21,1,2730,0.013114892370680309,0.013246122802911486,0.05649184411615238,772.0657190207305,-236.69628307036638,776.1770634242032,-236.63979122625022,0.04324572131324089,156.07531580594156,-236.6179294621694,195.3827592796555,-236.57468374085616
10076,22,0,2860,0.02826778151981557,0.0025113241973997447,0.026418935158744716,525.1435803255464,-254.32573169620233,537.4130002150094,-254.29931276104358,0.02893025935614446,1254.3125853807717,-254.4099749051433,1303.2210808028838,-254.38104464578714
10076,22,1,2860,0.029200164228370795,0.0005988218230754683,0.03066848671932121,808.5185586374068,-254.3891500488,750.01250887047,-254.35848156208067,0.03126730854239668,837.4648712244585,-254.40960730474478,856.7323053801846,-254.37833999620239
10076,23,0,2990,0.005955745079205599,0.0026876565171676248,0.07082314391246314,1270.9586470668141,-252.26485540976688,1070.232381306179,-252.19403226585442,0.06813548739529551,1521.202228996045,-252.3048975512468,1321.127191321095,-252.2367620638515
10076,23,1,2990,0.0025214815516392264,0.008775301105174549,0.09293554830267681,748.0518961096168,-252.31302575886443,550.0578666998858,-252.22009021056175,0.08416024719750226,1127.4195818315688,-252.35988465414022,955.3023376303629,-252.27572440694271
10076,24,0,3120,0.011206543487872977,0.002966247715193049,0.021875292720778816,1597.783595098301,-227.70850452113066,1585.5384487507356,-227.68662922840988,0.024841540435971865,860.07933626574,-227.67166389376587,791.0435671014847,-227.6468223533299
10076,24,1,3120,0.006207503263226499,0.00011845423361478424,0.03494564236982001,1523.6847754172318,-227.6862539557374,1518.1534006991897,-227.6513083133676,0.03506409660343479,1568.3277592057152,-227.7090033511681,1533.4485649268927,-227.67393925456466
10076,25,0,3250,0.0065188571565215625,0.003028894353974465,-0.06027366048365934,1311.165421894879,-222.68709393164636,1312.14423344868,-222.74736759213002,-0.057244766129684876,1432.49461720453,-222.72257590736888,1462.0575599378733,-222.77982067349856
10076,25,1,3250,0.007519790737831045,0.002333823644931954,-0.054014753253056824,1634.9307136432578,-222.81535220984765,1622.1774181538008,-222.8693669631007,-0.05634857689798878,1366.5146630372226,-222.79792982545163,1404.3361083933319,-222.85427840234962
10076,26,0,3380,0.02803262539435991,0.001136466497513311,-0.017041755004214565,587.2992403207279,-212.13926679208222,663.6519287539193,-212.15630854708644,-0.015905288506701254,803.075594071564,-212.2077039681723,869.50486259068,-212.223609256679
10076,26,1,3380,0.021417238876097144,0.0024161774990147933,-0.006905344741625186,1190.151700845501,-212.10363566792557,1231.9825406783223,-212.1105410126672,-0.004489167242610392,1003.382946547108,-212.06388937064642,1044.8288836068593,-212.06837853788903
10076,27,0,3510,0.007229200123873625,0.0005765451955994649,0.0923764607412636,757.816160957744,-231.62626959484072,742.4815951866927,-231.53389313409946,0.09295300593686306,771.2973395837348,-231.63597432543753,736.1160055134335,-231.54302131950067
10076,27,1,3510,0.0012279322862696063,0.01336086010783788,0.09267524013174011,317.24271660232216,-231.50241637759657,302.0302016888063,-231.40974113746483,0.07931438002390223,621.9972733899732,-231.51184604115065,643.1399027641139,-231.43253166112675
10076,28,0,3640,0.003988744001532041,0.004640205846726531,0.04211680037704468,769.2433633541478,-205.88177011064542,723.0090313390049,-205.83965331026837,0.03747659453031815,719.612212658619,-205.8904760892968,716.2757621532318,-205.8529994947665
10076,28,1,3640,0.05500285821727857,0.003623826811036679,0.0420642319286344,620.3671955879909,-205.816650198048,588.5336094126117,-205.77458596611936,0.03844040511759772,730.1669547811842,-205.77848727689803,728.3319512784216,-205.74004687178044
10076,29,0,3770,0.0017371824129668312,0.0007391352920649297,0.08375903564373743,2483.0206794808446,-248.12977167453045,2479.6811981263854,-248.0460126388867,0.08449817093580236,2377.9738669703524,-248.18219738408357,2374.0016638214156,-248.09769921314776
10076,29,1,3770,0.006304480731188278,6.700514686031056e-05,0.09991323653375161,2449.607187564377,-248.23470334749103,2442.725543867217,-248.13479011095728,0.0998462313868913,2465.072350452015,-248.23228559996383,2459.2478078236286,-248.13243936857694
10076,30,0,3900,0.009716167886125504,0.003889927058168041,-0.09562337175572111,2033.5346828800784,-226.88970571486828,1990.9343295412768,-226.985329086624,-0.09951329881388915,1801.3264097091817,-226.8924491108728,1789.4995915945524,-226.9919624096867
10076,30,1,3900,0.008640394368853777,0.0015788400837664085,-0.09314605196732373,2196.9498631798574,-226.65933944543778,2162.6317939577984,-226.7524854974051,-0.09156721188355732,1956.1735799585092,-226.7117114953931,1924.8605608082773,-226.80327870727666
10076,31,0,4030,0.004862966983722572,0.003458642897186337,-0.07320655301521128,2027.8831335241791,-210.62282182986002,2054.1047656587843,-210.69602838287523,-0.07666519591239762,1897.6631459055343,-210.6224388745665,1869.9973424055877,-210.6991040704789
10076,31,1,4030,0.005268988199929936,0.0006556336746541547,-0.054261728177749546,1895.8499902076499,-210.47429381976306,1803.64330152984,-210.5285555479408,-0.0549173618524037,2116.229687251503,-210.50340272249974,1971.2099622232427,-210.55832008435215
10076,32,0,4160,0.02840172374561689,0.001006563765770352,0.0864322466150611,394.44973206805753,-224.3577860094699,523.3196808715295,-224.27135376285483,0.08542568284929075,554.1685414160312,-224.4030493987449,731.2395870424385,-224.31762371589562
10076,32,1,4160,0.0020020803843010526,0.006981617839784349,0.09541509111366508,559.3992064478798,-224.2501557329536,549.1375316535168,-224.15474064183994,0.08843347327388074,471.81864358721936,-224.23396396426094,572.049492418779,-224.14553049098706
10076,33,0,4290,0.02918048393721051,0.004655478027984827,-0.16079638301431487,1403.66876726119,-225.91374616706676,1328.6095376435953,-226.07454255008108,-0.15614090498633004,1182.9844349943296,-225.87072828287782,1096.9390804541752,-226.02686918786415
10076,33,1,4290,0.008525298072413534,0.011787247030554227,-0.15550198925654968,1640.7612245155863,-225.85414897624926,1504.6877902872427,-226.0096509655058,-0.1672892362871039,1687.2890359755313,-225.84216515506137,1562.4579890779721,-226.00945439134847
10076,34,0,4420,0.000639101942851994,0.0002146777825942081,0.027630346883768198,2474.7404157652263,-221.52694227037387,2484.7951696147634,-221.4993119234901,0.02741566910117399,2474.1464720629383,-221.53126973547285,2484.0721808685244,-221.50385406637167
10076,34,1,4420,0.0011584563804944992,0.00010288367255384401,0.04245944922510603,2570.633273225748,-221.51345694238165,2581.55949858842,-221.47099749315655,0.04256233289765987,2458.639668263836,-221.54675481410584,2473.4185437655456,-221.50419248120818
10076,35,0,4550,0.004502886390525873,0.009610633194171214,-0.05061039605683959,961.0122477305716,-220.16065363087984,748.5807114350275,-220.21126402693668,-0.040999762862668376,914.9562596237539,-220.16381855534232,726.6326357773431,-220.20481831820499
10076,35,1,4550,0.01208892829333763,0.017630154444589152,-0.028866578619499705,413.32215239300604,-220.0150516721733,290.34056194716914,-220.0439182507928,-0.04649673306408886,1236.5475452490205,-220.07604915585983,1027.1495641915521,-220.12254588892392
10076,36,0,4680,0.007973958528509684,0.00012187780501449197,0.07985722138059259,1857.1996254089943,-227.35518018540895,1930.4376964701726,-227.27532296402836,0.0797353435755781,2024.4294725944874,-227.35863292406592,2064.5064575095585,-227.27889758049034
10076,36,1,4680,0.009773667704337186,0.004093567174493273,0.0888165592681105,2031.83789494263,-227.4868737816261,2082.843061525477,-227.39805722235798,0.09291012644260377,2052.5111041172463,-227.50747108092304,2066.7431291659555,-227.41456095448044
10076,37,0,4810,0.005141532213087885,0.004908045701085939,0.07367773111317888,1023.9078740425932,-223.53817332585115,1059.0112328805328,-223.46449559473797,0.06876968541209294,614.7535066682395,-223.4907313381885,662.1899358889347,-223.42196165277642
10076,37,1,4810,0.005374083018466536,0.00515779816032591,0.08762214120304179,686.7356425062605,-223.37600439227865,645.300355341414,-223.2883822510756,0.0927799393633677,1403.6377411500537,-223.50265439958943,1415.4148660458125,-223.40987446022606
10076,38,0,4940,0.0024458248392136284,0.002389774168278791,0.13479064787287598,1696.8770520189619,-210.05409884276568,1798.6739781496783,-209.9193081948928,0.13718042204115477,2149.4342246338238,-210.05154337129943,2181.3028506697387,-209.91436294925828
10076,38,1,4940,0.006305677879225868,0.00039468473491410805,0.137588907651633,2032.6336929083623,-210.0069990117287,2052.028762927366,-209.86941010407708,0.1371942229167189,1992.7827499066727,-210.0135340454773,2074.424664036178,-209.87633982256057
10076,39,0,5070,0.00702374620448154,0.010572850524511068,0.1065779860288103,443.8098717668575,-232.89187254443058,540.0430313470649,-232.78529455840177,0.11715083655332137,869.6440488119147,-232.94327579687342,896.8389123536514,-232.8261249603201
10076,39,1,5070,0.009737351146270612,0.00591610459940739,0.11684644708168435,740.4341257783718,-232.99338206681412,822.3192598377428,-232.87653561973244,0.12276255168109174,927.1788677293961,-233.04251634179604,937.0809579742627,-232.91975379011495
10076,40,0,5200,0.015610590936034896,0.0008838278457972137,0.06327504755932978,1586.9149053547796,-243.09448676055277,1499.4805598114829,-243.03121171299344,0.06415887540512699,1473.1037840140452,-243.06627995250568,1267.8435324221923,-243.00212107710055
10076,40,1,5200,0.01157542596254757,0.0034074842918698778,0.06277338648413888,1443.9117976743796,-243.29180049375535,1437.353907943036,-243.2290271072712,0.06618087077600876,1371.0748733909454,-243.3046963798021,1261.6423487396028,-243.2385155090261
10076,41,0,5330,0.00026569607990722943,0.0007533865395998873,-0.13539610448253825,2107.4207324521685,-225.26339726976417,2098.380860110917,-225.3987933742467,-0.13464271794293836,2209.7601898707885,-225.19990805050438,2197.851575623745,-225.33455076844731
10076,41,1,5330,0.0002725978964974729,0.0015371080970965068,-0.12019118131749451,2122.7861489156116,-225.06869967633983,2111.1684960502125,-225.18889085765733,-0.12172828941459102,2251.300422169947,-225.06177964412845,2240.980513761208,-225.18350793354304
10076,42,0,5460,0.006609026590297162,0.003115534259194419,-0.04903250700994022,422.15737544029986,-217.71322384584883,447.30744744056614,-217.76225635285877,-0.0459169727507458,361.61965073311063,-217.6919602526674,371.5981184467217,-217.73787722541815
10076,42,1,5460,0.040834050094133545,0.0029680745157349975,-0.043781004215077246,653.4473718678535,-217.56423931312418,689.0843411505505,-217.60802031733925,-0.04081292969934225,903.8182741991052,-217.6336049723413,922.6863192468732,-217.67441790204063
10076,43,0,5590,0.0018160150983419499,0.0004096497571879354,-0.047954367010532906,2280.316922065847,-191.0962464758248,2230.206497696995,-191.14420084283535,-0.04836401676772084,2466.792992863341,-191.06024258077886,2465.9756309101604,-191.10860659754658
10076,43,1,5590,0.004759448147922285,0.0022377568375873125,-0.03636345962942755,2300.293380740003,-191.01084987702777,2255.2151698833545,-191.0472133366572,-0.03412570279184024,2105.5507282794215,-190.99587813467073,1990.6017218023892,-191.03000383746257
10076,44,0,5720,0.050165230690708995,0.006455222346801293,-0.04572934776172133,607.8734537407354,-218.93315346848138,609.1878210852099,-218.9788828162431,-0.039274125414920036,518.5819006345636,-218.96253203565507,498.0212036779094,-219.00180616107
10076,44,1,5720,0.007939679534587185,0.0015758520452209268,-0.04192417155121575,671.1565681099793,-218.9676058331218,679.0753826760874,-219.00953000467302,-0.04034831950599482,1017.7461447137957,-218.9501477043733,1007.4453071968004,-218.9904960238793
10076,45,0,5850,0.004894071489360385,0.003399511800921573,-0.040948778268926844,1516.4785552899257,-231.18315261700437,1581.4037074555931,-231.2241013952733,-0.03754926646800527,1726.0342909323738,-231.20319600332337,1755.8798261510185,-231.24074526979138
10076,45,1,5850,0.00020917548690135845,0.0007933115836635807,-0.032121765181756246,2084.2490246842303,-231.135303654217,2139.3035715250485,-231.16742541939877,-0.031328453598092665,2061.559314291453,-231.1199761232989,2123.491748855637,-231.151304576897
10076,46,0,5980,0.0070987285828323365,0.0019561879588536613,-0.031238840574360438,2131.583418301528,-223.46377206214683,2157.951837179705,-223.4950109027212,-0.029282652615506777,2184.2784566403734,-223.46838483236172,2211.0937876265093,-223.49766748497723
10076,46,1,5980,0.0029936271368171674,0.0002594168114455897,-0.0172179036139255,2082.768462067595,-223.4945840744909,2105.355997840929,-223.5118019781048,-0.01695848680247991,2135.974655633436,-223.4911643178229,2157.798697605941,-223.50812280462537
10076,47,0,6110,0.020581455916897085,0.00611034010722733,0.02063557117878645,825.0130836524467,-255.03651555575757,791.5853730965929,-255.0158799845788,0.01452523107155912,1056.4526119970853,-255.03422721976256,1058.021494518074,-255.019701988691
10076,47,1,6110,0.003660086220264702,0.0005110991188814751,0.021377440655754754,1234.6880384913404,-254.91126917402698,1150.151731930541,-254.88989173337123,0.02188853977463623,1289.936067743956,-254.89738257404767,1249.1952611256406,-254.87549403427303
10076,48,0,6240,0.010706757626564922,0.003644563808308021,0.09327569414017489,1441.061540272449,-222.9694582879789,1431.5077892285756,-222.87618259383873,0.09692025794848291,1149.212470500585,-222.9959152439582,1127.8274317288904,-222.8989949860097
10076,48,1,6240,0.0023058296675344536,0.0006775448276243878,0.09961426298525566,1677.8509477836174,-222.96533282462852,1665.3270323280487,-222.86571856164326,0.09893671815763128,1581.7592529448573,-222.9472998256477,1555.494818711356,-222.84836310749006
10076,49,0,6370,0.0021714929626739377,0.0017806908639101948,-0.032178323225764416,1475.829561681905,-211.39187968478188,1417.4101071070772,-211.42405800800765,-0.03039763236185422,1055.3512661114075,-211.3787179819455,990.8455756543991,-211.40911561430735
10076,49,1,6370,0.016506396744006224,0.0025100289909119056,-0.023707176589283563,1026.041054394508,-211.33554368292488,964.3367958979467,-211.35925085951416,-0.02621720558019547,1362.9449896899102,-211.36588588710939,1323.4544192929884,-211.39210309268958
10076,50,0,6500,0.0006756818578139701,0.002064931334018638,0.026101719610124974,1572.867340136502,-202.32562806122567,1644.2403509326323,-202.29952634161555,0.024036788276106336,1250.5839890926618,-202.3208015362328,1325.9252416067345,-202.2967647479567
10076,50,1,6500,0.01166542397012904,0.0010670721697181307,0.034405245827059616,1539.368777253648,-202.38194205851693,1635.2098072410595,-202.34753681268987,0.03547231799677775,1726.2901105579708,-202.38586536421317,1832.7435518123007,-202.3503930462164
10076,51,0,6630,0.0032905967588305884,0.0003071195482107214,-0.2298605048397917,1825.5311417026849,-205.66314462081655,1859.4129499294197,-205.89300512565634,-0.23016762438800242,1767.5882763809107,-205.6251417456254,1763.9300220747205,-205.8553093700134
10076,51,1,6630,0.015475939900227331,0.002150560634675003,-0.2179332503469027,1767.6777107950475,-205.40605769432526,1731.6737394919146,-205.62399094467216,-0.2157826897122277,1824.1482078306365,-205.38558666209028,1790.4989416870712,-205.6013693518025
10076,52,0,6760,0.002477979688620735,0.010138672691169859,-0.000197954010303647,1052.559883212848,-238.52051722313632,894.3279827986015,-238.52071517714663,0.009940718680866212,865.6798041840756,-238.46961344167192,709.4454904579716,-238.45967272299106
10076,52,1,6760,0.02491640709541798,0.0005509026204606471,0.01025218707590625,964.3282681929213,-238.58341036433342,870.0817018450762,-238.5731581772575,0.010803089696366897,828.696897327026,-238.54784929593131,755.3521251946596,-238.53704620623495
10076,53,0,6890,0.07384222732116541,0.0006061358903366454,0.09181761096621699,478.82964769239436,-240.3512923100903,578.6335367436419,-240.25947469912407,0.09121147507588034,430.0233099336599,-240.26630950433798,507.01335071268926,-240.1750980292621
10076,53,1,6890,0.0029111283572831326,0.0008516482610332332,0.09629394891726406,455.712970418084,-240.16621536955844,525.3383333763284,-240.06992142064118,0.0971455971782973,543.4937683171228,-240.19422073915268,639.1040235618943,-240.0970751419744
10076,54,0,7020,0.0008086221138512428,0.004701373674095066,0.07317440784643736,585.054798012004,-228.7341625595674,596.6164039874234,-228.66098815172097,0.07787578152053243,798.938873188328,-228.8528904540932,768.8234356848961,-228.77501467257267
10076,54,1,7020,0.010742921393358529,0.008067741456017075,0.06873737375701694,532.7705628476785,-228.75518102625404,590.4970303937581,-228.68644365249702,0.07680511521303401,697.0890236892308,-228.71443179091216,725.192725813453,-228.63762667569912
10076,55,0,7150,0.0005923950940314171,0.0008844385752411199,-0.11805982072709753,2483.33162430231,-228.37457946681965,2467.195837401452,-228.49263928754675,-0.11894425930233865,2498.0504609375116,-228.36378416511914,2494.249691877487,-228.48272842442148
10076,55,1,7150,0.0018260176872217926,0.0010341739571799735,-0.10456537559019807,2395.364669065049,-228.23882254430475,2386.0379807458007,-228.34338791989495,-0.1035312016330181,2498.026968142454,-228.26367510114733,2485.7675051220335,-228.36720630278035
10076,56,0,7280,0.0003457252348653128,0.0009053155906428856,0.06644978696240855,2258.868510899197,-225.93748052018347,2283.519487478698,-225.87103073322106,0.06554447137176567,2228.087787427466,-225.9452043957413,2260.2312797603363,-225.87965992436955
10076,56,1,7280,0.0005715907920489371,0.0017888005070005875,0.08181998044372563,2341.4894242951755,-225.90601385418245,2369.6084533675553,-225.82419387373872,0.08360878095072621,2232.348242893785,-225.92643524266998,2267.5660701725037,-225.84282646171926
10076,57,0,7410,0.009783000128351205,0.0033303727885254375,0.02794006092264567,447.4120255280122,-250.35325597443824,522.2645148969358,-250.3253159135156,0.03127043371117111,490.62127616298363,-250.3471451376121,624.4300148712699,-250.31587470390093
10076,57,1,7410,0.050171257530024604,0.004023490146323638,0.040879014975416794,430.7838648012767,-250.3231754798242,504.30261205294744,-250.28229646484877,0.036855524829093156,413.5800550977909,-250.27229882211117,480.86954509899596,-250.23544329728207
10076,58,0,7540,0.001704374746537951,0.0033865795292911116,0.038039850782126905,1530.121798712936,-243.72208759813637,1535.4276508192618,-243.68404774735424,0.04142643031141802,1799.8039613638507,-243.7274279858633,1712.704216712326,-243.68600155555188
10076,58,1,7540,0.05008744135241727,0.0018234501955305404,0.04056549216653593,1715.9327136993754,-243.63615364343985,1692.5141782461328,-243.59558815127332,0.04238894236206647,1763.5640577165184,-243.62388383768675,1675.1881736677342,-243.58149489532468
10076,59,0,7670,0.01522395377844532,0.004372245788317741,-0.02620673118326522,399.07856896239076,-215.5531393766918,433.28324625373193,-215.57934610787507,-0.021834485394947478,717.1998866476313,-215.60030868950682,674.8375521733373,-215.62214317490177
10076,59,1,7670,0.020818373592192074,0.0005245077870199566,-0.019056790667065115,659.7406458880488,-215.57946278633284,701.7682984863519,-215.5985195769999,-0.019581298454085072,776.6503994948139,-215.49785458763557,777.2069059624613,-215.51743588608966
10076,60,0,7800,0.008088983693596674,0.003693030009571885,-0.02734472872143101,2006.6739066978869,-200.48074388711285,1796.363657565153,-200.50808861583428,-0.031037758731002896,1892.0012858206169,-200.48506823539643,1765.9244648247768,-200.51610599412743
10076,60,1,7800,0.00976410480544132,0.0014085896274025345,-0.024816115558820684,2160.4225525782663,-200.44876092579045,2095.1972838172087,-200.47357704134927,-0.02340752593141815,1929.6384986975243,-200.44520214529118,1831.576098461749,-200.4686096712226
10076,61,0,7930,0.007699416094737899,0.00660434562877299,0.1602306783482561,1588.2640518961675,-218.72832446479038,1688.493665035253,-218.56809378644212,0.1668350239770291,1646.4267025979825,-218.72305066278093,1706.6647466294216,-218.5562156388039
10076,61,1,7930,0.0048742723086263595,0.008768266982968953,0.17666283260280125,1834.5842226372026,-218.89693022300895,1911.3628720341235,-218.72026739040615,0.1678945656198323,1798.6244166805573,-218.8939743844572,1871.0343719100026,-218.72607981883738
10076,62,0,8060,0.003149699483316226,0.009452015256101731,-0.03217617878891588,1145.3257796965418,-205.53169880553693,1259.6615188533394,-205.56387498432585,-0.04162819404501761,773.6008853317156,-205.48065320055798,877.3817653786745,-205.522281394603
10076,62,1,8060,0.007200500851098468,0.0001667400215978887,-0.032498998096230025,702.859533844381,-205.58537640651588,815.7891382210495,-205.6178754046121,-0.032665738117827914,800.9155668771681,-205.59962915393945,906.0343536979634,-205.63229489205727
10076,63,0,8191,0.011364475097508375,0.002883063259133678,0.01181415306214717,425.9804917551844,-208.4763385087609,520.4143339086112,-208.46452435569876,0.014697216321280848,557.416468892422,-208.40488807000517,622.5874733099372,-208.3901908536839
10076,63,1,8191,0.0005674834753790492,0.009617837913054927,0.03064356675949398,977.9966789287893,-208.3495564235611,1035.4559049189133,-208.3189128568016,0.02102572884643905,475.68715541643314,-208.31305739646382,542.9591466534356,-208.29203166761738
